year,country,prj_mys_4064_ma
2010,wld,8.3
2010,alb,10.6
2010,dza,8.2
2010,arg,9.3
2010,arm,10.6
2010,abw,8.9
2010,aus,11.8
2010,aut,12.6
2010,aze,10.4
2010,bhs,9.2
2010,bhr,8.7
2010,bgd,4.6
2010,blr,10.8
2010,bel,11.6
2010,blz,6.2
2010,ben,3.5
2010,btn,3.2
2010,bol,8.3
2010,bih,10.9
2010,bra,6.4
2010,bgr,10.8
2010,bfa,1.7
2010,bdi,2.6
2010,cpv,5.3
2010,khm,4.7
2010,cmr,6.3
2010,can,13.7
2010,caf,4.5
2010,tcd,2.0
2010,chl,10.1
2010,chn,7.8
2010,col,7.2
2010,com,4.5
2010,cod,7.8
2010,cog,9.0
2010,cri,8.0
2010,civ,3.4
2010,hrv,11.6
2010,cub,11.1
2010,cyp,11.9
2010,cze,12.4
2010,dnk,12.2
2010,dom,8.2
2010,ecu,7.8
2010,egy,7.3
2010,slv,6.4
2010,gnq,8.8
2010,est,12.7
2010,eth,2.4
2010,fin,14.0
2010,fra,10.9
2010,pyf,9.5
2010,gab,7.5
2010,gmb,4.6
2010,geo,12.9
2010,deu,14.3
2010,gha,6.8
2010,grc,10.8
2010,gtm,5.0
2010,gin,2.9
2010,gnb,3.8
2010,guy,9.0
2010,hti,3.9
2010,hnd,5.2
2010,hkg,11.3
2010,hun,11.6
2010,isl,12.4
2010,ind,6.1
2010,idn,8.0
2010,irn,7.3
2010,irq,8.0
2010,irl,11.3
2010,isr,11.5
2010,ita,10.3
2010,jam,8.8
2010,jpn,13.1
2010,jor,9.9
2010,kaz,10.5
2010,ken,8.0
2010,kor,12.5
2010,kwt,7.5
2010,kgz,10.3
2010,lao,6.4
2010,lva,12.5
2010,lbn,8.5
2010,lso,5.0
2010,lbr,2.0
2010,ltu,13.2
2010,lux,11.6
2010,mac,9.3
2010,mkd,10.4
2010,mdg,5.0
2010,mwi,5.8
2010,mys,9.7
2010,mdv,3.9
2010,mli,1.6
2010,mlt,9.8
2010,mus,6.6
2010,mex,8.4
2010,mda,10.7
2010,mng,9.2
2010,mne,11.9
2010,mar,4.5
2010,moz,2.0
2010,mmr,6.6
2010,nam,7.2
2010,npl,3.9
2010,nld,11.8
2010,ncl,9.8
2010,nzl,13.0
2010,nic,5.7
2010,ner,1.1
2010,nga,6.5
2010,nor,12.5
2010,pak,4.4
2010,pan,9.2
2010,pry,7.2
2010,per,9.7
2010,phl,8.8
2010,pol,11.9
2010,prt,6.7
2010,pri,11.6
2010,qat,9.1
2010,rou,11.4
2010,rus,10.6
2010,rwa,3.5
2010,wsm,9.7
2010,stp,4.3
2010,sau,9.3
2010,sen,3.3
2010,srb,11.3
2010,sle,4.4
2010,sgp,11.2
2010,svk,12.3
2010,svn,11.8
2010,som,4.8
2010,zaf,8.4
2010,esp,9.2
2010,lca,9.0
2010,vct,9.4
2010,sdn,3.1
2010,sur,9.4
2010,swz,7.6
2010,swe,12.5
2010,che,13.2
2010,syr,6.7
2010,tjk,11.3
2010,tza,6.4
2010,tha,7.2
2010,tls,3.5
2010,ton,10.1
2010,tto,9.2
2010,tun,7.7
2010,tur,7.6
2010,tkm,11.5
2010,uga,5.9
2010,ukr,10.3
2010,are,8.9
2010,gbr,10.6
2010,usa,13.0
2010,ury,8.5
2010,vut,6.3
2010,ven,8.4
2010,vnm,7.7
2010,pse,8.8
2010,zmb,8.2
2010,zwe,9.0
2015,wld,8.5
2015,alb,10.6
2015,dza,9.0
2015,arg,9.7
2015,arm,10.6
2015,abw,9.1
2015,aus,12.1
2015,aut,12.7
2015,aze,10.3
2015,bhs,9.4
2015,bhr,9.0
2015,bgd,4.8
2015,blr,11.1
2015,bel,12.0
2015,blz,6.4
2015,ben,3.7
2015,btn,3.8
2015,bol,8.7
2015,bih,11.1
2015,bra,6.7
2015,bgr,10.9
2015,bfa,2.0
2015,bdi,2.9
2015,cpv,5.5
2015,khm,5.0
2015,cmr,6.8
2015,can,13.8
2015,caf,5.2
2015,tcd,2.4
2015,chl,10.5
2015,chn,8.2
2015,col,7.6
2015,com,5.4
2015,cod,8.1
2015,cog,9.1
2015,cri,8.2
2015,civ,4.1
2015,hrv,11.7
2015,cub,11.1
2015,cyp,12.4
2015,cze,12.5
2015,dnk,12.3
2015,dom,8.5
2015,ecu,8.2
2015,egy,7.9
2015,slv,6.9
2015,gnq,9.1
2015,est,12.8
2015,eth,2.9
2015,fin,14.0
2015,fra,11.3
2015,pyf,9.8
2015,gab,7.9
2015,gmb,5.6
2015,geo,12.9
2015,deu,14.3
2015,gha,7.1
2015,grc,11.2
2015,gtm,5.5
2015,gin,3.3
2015,gnb,4.6
2015,guy,9.1
2015,hti,4.8
2015,hnd,5.6
2015,hkg,12.0
2015,hun,11.7
2015,isl,12.5
2015,ind,6.5
2015,idn,8.5
2015,irn,7.9
2015,irq,8.6
2015,irl,11.8
2015,isr,11.5
2015,ita,10.6
2015,jam,9.3
2015,jpn,13.4
2015,jor,10.1
2015,kaz,10.5
2015,ken,8.7
2015,kor,13.0
2015,kwt,7.2
2015,kgz,10.3
2015,lao,6.4
2015,lva,12.7
2015,lbn,9.0
2015,lso,5.6
2015,lbr,2.2
2015,ltu,13.3
2015,lux,11.8
2015,mac,9.8
2015,mkd,10.6
2015,mdg,4.9
2015,mwi,6.1
2015,mys,10.3
2015,mdv,4.6
2015,mli,1.8
2015,mlt,10.4
2015,mus,6.9
2015,mex,8.9
2015,mda,10.8
2015,mng,9.2
2015,mne,11.9
2015,mar,5.0
2015,moz,2.1
2015,mmr,6.9
2015,nam,7.8
2015,npl,4.5
2015,nld,11.9
2015,ncl,10.4
2015,nzl,13.2
2015,nic,5.9
2015,ner,1.4
2015,nga,7.4
2015,nor,12.6
2015,pak,4.8
2015,pan,9.6
2015,pry,7.7
2015,per,10.0
2015,phl,9.1
2015,pol,12.1
2015,prt,7.7
2015,pri,12.0
2015,qat,9.0
2015,rou,11.5
2015,rus,10.6
2015,rwa,3.9
2015,wsm,10.0
2015,stp,4.6
2015,sau,10.1
2015,sen,3.6
2015,srb,11.4
2015,sle,4.8
2015,sgp,12.0
2015,svk,12.3
2015,svn,12.0
2015,som,5.2
2015,zaf,9.0
2015,esp,9.6
2015,lca,9.4
2015,vct,9.7
2015,sdn,3.6
2015,sur,9.6
2015,swz,8.3
2015,swe,12.8
2015,che,13.2
2015,syr,6.9
2015,tjk,11.3
2015,tza,7.0
2015,tha,7.8
2015,tls,4.9
2015,ton,10.4
2015,tto,9.6
2015,tun,8.4
2015,tur,7.9
2015,tkm,11.5
2015,uga,6.2
2015,ukr,10.3
2015,are,8.8
2015,gbr,10.9
2015,usa,13.0
2015,ury,8.7
2015,vut,6.7
2015,ven,8.7
2015,vnm,7.7
2015,pse,9.3
2015,zmb,8.6
2015,zwe,10.0
2020,wld,8.8
2020,alb,10.6
2020,dza,9.7
2020,arg,10.1
2020,arm,10.6
2020,abw,9.3
2020,aus,12.5
2020,aut,12.9
2020,aze,10.6
2020,bhs,9.6
2020,bhr,9.4
2020,bgd,5.2
2020,blr,11.3
2020,bel,12.4
2020,blz,6.7
2020,ben,3.9
2020,btn,4.3
2020,bol,9.3
2020,bih,11.2
2020,bra,7.2
2020,bgr,11.1
2020,bfa,2.5
2020,bdi,3.6
2020,cpv,5.8
2020,khm,5.1
2020,cmr,7.3
2020,can,14.0
2020,caf,5.7
2020,tcd,2.9
2020,chl,10.8
2020,chn,8.5
2020,col,8.1
2020,com,6.4
2020,cod,8.2
2020,cog,9.2
2020,cri,8.5
2020,civ,4.8
2020,hrv,11.8
2020,cub,11.1
2020,cyp,12.8
2020,cze,12.6
2020,dnk,12.3
2020,dom,8.9
2020,ecu,8.7
2020,egy,8.3
2020,slv,7.4
2020,gnq,9.4
2020,est,12.9
2020,eth,3.4
2020,fin,14.0
2020,fra,11.6
2020,pyf,10.2
2020,gab,8.3
2020,gmb,6.4
2020,geo,12.9
2020,deu,14.3
2020,gha,7.4
2020,grc,11.6
2020,gtm,5.9
2020,gin,3.6
2020,gnb,5.2
2020,guy,9.3
2020,hti,5.9
2020,hnd,6.0
2020,hkg,12.7
2020,hun,11.8
2020,isl,12.6
2020,ind,7.0
2020,idn,8.9
2020,irn,8.5
2020,irq,9.1
2020,irl,12.4
2020,isr,11.5
2020,ita,10.9
2020,jam,9.6
2020,jpn,13.7
2020,jor,10.4
2020,kaz,10.6
2020,ken,9.2
2020,kor,13.6
2020,kwt,7.2
2020,kgz,10.3
2020,lao,6.4
2020,lva,12.8
2020,lbn,9.5
2020,lso,6.2
2020,lbr,2.5
2020,ltu,13.4
2020,lux,12.0
2020,mac,10.4
2020,mkd,10.8
2020,mdg,4.7
2020,mwi,6.6
2020,mys,10.8
2020,mdv,5.7
2020,mli,2.0
2020,mlt,11.0
2020,mus,7.2
2020,mex,9.3
2020,mda,10.8
2020,mng,9.2
2020,mne,11.9
2020,mar,5.6
2020,moz,2.4
2020,mmr,7.3
2020,nam,8.4
2020,npl,5.3
2020,nld,12.0
2020,ncl,10.8
2020,nzl,13.3
2020,nic,6.2
2020,ner,1.7
2020,nga,8.1
2020,nor,12.7
2020,pak,5.1
2020,pan,9.8
2020,pry,8.2
2020,per,10.4
2020,phl,9.4
2020,pol,12.3
2020,prt,8.6
2020,pri,12.4
2020,qat,8.9
2020,rou,11.5
2020,rus,10.6
2020,rwa,4.4
2020,wsm,10.2
2020,stp,4.5
2020,sau,10.8
2020,sen,3.9
2020,srb,11.6
2020,sle,5.1
2020,sgp,12.8
2020,svk,12.4
2020,svn,12.1
2020,som,5.6
2020,zaf,9.6
2020,esp,10.0
2020,lca,9.7
2020,vct,9.9
2020,sdn,3.9
2020,sur,9.8
2020,swz,9.1
2020,swe,13.0
2020,che,13.3
2020,syr,7.1
2020,tjk,11.3
2020,tza,7.4
2020,tha,8.5
2020,tls,5.9
2020,ton,10.6
2020,tto,9.9
2020,tun,9.0
2020,tur,8.3
2020,tkm,11.4
2020,uga,6.4
2020,ukr,10.4
2020,are,8.9
2020,gbr,11.1
2020,usa,13.0
2020,ury,8.9
2020,vut,7.0
2020,ven,9.0
2020,vnm,7.8
2020,pse,9.8
2020,zmb,8.9
2020,zwe,11.0
2025,wld,9.1
2025,alb,10.7
2025,dza,10.2
2025,arg,10.4
2025,arm,10.7
2025,abw,9.6
2025,aus,12.9
2025,aut,13.0
2025,aze,10.8
2025,bhs,9.7
2025,bhr,9.9
2025,bgd,5.8
2025,blr,11.6
2025,bel,12.7
2025,blz,6.9
2025,ben,4.4
2025,btn,5.1
2025,bol,9.8
2025,bih,11.4
2025,bra,7.7
2025,bgr,11.2
2025,bfa,2.9
2025,bdi,4.3
2025,cpv,6.3
2025,khm,5.5
2025,cmr,7.8
2025,can,14.2
2025,caf,6.2
2025,tcd,3.4
2025,chl,11.2
2025,chn,8.8
2025,col,8.7
2025,com,7.2
2025,cod,8.5
2025,cog,9.2
2025,cri,8.7
2025,civ,5.4
2025,hrv,11.9
2025,cub,11.1
2025,cyp,13.1
2025,cze,12.8
2025,dnk,12.4
2025,dom,9.2
2025,ecu,9.2
2025,egy,8.9
2025,slv,8.0
2025,gnq,9.7
2025,est,13.0
2025,eth,3.9
2025,fin,14.0
2025,fra,12.0
2025,pyf,10.6
2025,gab,8.7
2025,gmb,7.1
2025,geo,13.0
2025,deu,14.4
2025,gha,7.7
2025,grc,11.8
2025,gtm,6.3
2025,gin,4.1
2025,gnb,5.7
2025,guy,9.5
2025,hti,7.0
2025,hnd,6.5
2025,hkg,13.3
2025,hun,12.0
2025,isl,12.8
2025,ind,7.5
2025,idn,9.4
2025,irn,9.1
2025,irq,9.5
2025,irl,13.1
2025,isr,11.6
2025,ita,11.2
2025,jam,9.8
2025,jpn,13.8
2025,jor,10.8
2025,kaz,11.0
2025,ken,9.7
2025,kor,14.1
2025,kwt,7.6
2025,kgz,10.6
2025,lao,6.5
2025,lva,13.0
2025,lbn,10.1
2025,lso,6.9
2025,lbr,2.7
2025,ltu,13.5
2025,lux,12.2
2025,mac,11.1
2025,mkd,11.0
2025,mdg,4.5
2025,mwi,7.0
2025,mys,11.4
2025,mdv,6.8
2025,mli,2.3
2025,mlt,11.4
2025,mus,7.5
2025,mex,9.7
2025,mda,10.9
2025,mng,9.3
2025,mne,11.9
2025,mar,6.3
2025,moz,2.8
2025,mmr,7.7
2025,nam,9.0
2025,npl,6.3
2025,nld,12.1
2025,ncl,11.3
2025,nzl,13.5
2025,nic,6.5
2025,ner,2.0
2025,nga,8.8
2025,nor,13.0
2025,pak,5.5
2025,pan,10.1
2025,pry,8.6
2025,per,10.7
2025,phl,9.8
2025,pol,12.4
2025,prt,9.2
2025,pri,12.7
2025,qat,8.9
2025,rou,11.7
2025,rus,10.7
2025,rwa,4.8
2025,wsm,10.4
2025,stp,4.7
2025,sau,11.4
2025,sen,4.2
2025,srb,11.7
2025,sle,5.4
2025,sgp,13.4
2025,svk,12.7
2025,svn,12.3
2025,som,5.9
2025,zaf,10.0
2025,esp,10.3
2025,lca,10.0
2025,vct,10.0
2025,sdn,4.3
2025,sur,9.9
2025,swz,9.8
2025,swe,13.2
2025,che,13.4
2025,syr,7.3
2025,tjk,11.4
2025,tza,7.8
2025,tha,9.1
2025,tls,7.2
2025,ton,10.8
2025,tto,10.3
2025,tun,9.7
2025,tur,8.6
2025,tkm,10.9
2025,uga,6.7
2025,ukr,10.4
2025,are,9.1
2025,gbr,11.4
2025,usa,13.0
2025,ury,9.1
2025,vut,7.3
2025,ven,9.4
2025,vnm,8.0
2025,pse,10.3
2025,zmb,9.2
2025,zwe,11.8
2030,wld,9.3
2030,alb,10.8
2030,dza,10.7
2030,arg,10.7
2030,arm,10.7
2030,abw,9.9
2030,aus,13.3
2030,aut,13.2
2030,aze,11.2
2030,bhs,9.8
2030,bhr,10.3
2030,bgd,6.3
2030,blr,11.8
2030,bel,13.1
2030,blz,7.3
2030,ben,4.9
2030,btn,5.9
2030,bol,10.2
2030,bih,11.6
2030,bra,8.2
2030,bgr,11.6
2030,bfa,3.3
2030,bdi,4.9
2030,cpv,6.9
2030,khm,6.0
2030,cmr,8.2
2030,can,14.3
2030,caf,6.6
2030,tcd,3.9
2030,chl,11.6
2030,chn,9.1
2030,col,9.2
2030,com,7.8
2030,cod,8.7
2030,cog,9.3
2030,cri,9.0
2030,civ,6.0
2030,hrv,12.0
2030,cub,11.2
2030,cyp,13.4
2030,cze,13.1
2030,dnk,12.6
2030,dom,9.6
2030,ecu,9.6
2030,egy,9.6
2030,slv,8.6
2030,gnq,10.0
2030,est,13.0
2030,eth,4.6
2030,fin,14.1
2030,fra,12.3
2030,pyf,11.0
2030,gab,9.1
2030,gmb,7.7
2030,geo,13.2
2030,deu,14.5
2030,gha,7.9
2030,grc,12.1
2030,gtm,6.7
2030,gin,4.7
2030,gnb,6.1
2030,guy,9.8
2030,hti,7.9
2030,hnd,6.9
2030,hkg,13.7
2030,hun,12.1
2030,isl,13.1
2030,ind,8.0
2030,idn,9.8
2030,irn,9.7
2030,irq,9.9
2030,irl,13.8
2030,isr,11.7
2030,ita,11.5
2030,jam,10.0
2030,jpn,13.9
2030,jor,11.1
2030,kaz,11.4
2030,ken,10.1
2030,kor,14.4
2030,kwt,8.1
2030,kgz,10.9
2030,lao,6.7
2030,lva,13.1
2030,lbn,10.5
2030,lso,7.5
2030,lbr,3.0
2030,ltu,13.7
2030,lux,12.5
2030,mac,11.7
2030,mkd,11.1
2030,mdg,4.5
2030,mwi,7.4
2030,mys,12.0
2030,mdv,7.8
2030,mli,2.5
2030,mlt,12.2
2030,mus,7.8
2030,mex,10.0
2030,mda,11.0
2030,mng,9.6
2030,mne,12.0
2030,mar,7.0
2030,moz,3.3
2030,mmr,8.0
2030,nam,9.5
2030,npl,7.2
2030,nld,12.3
2030,ncl,11.7
2030,nzl,13.6
2030,nic,6.9
2030,ner,2.3
2030,nga,9.3
2030,nor,13.4
2030,pak,5.9
2030,pan,10.4
2030,pry,9.0
2030,per,11.1
2030,phl,10.1
2030,pol,12.6
2030,prt,9.8
2030,pri,13.0
2030,qat,9.0
2030,rou,11.8
2030,rus,11.0
2030,rwa,5.3
2030,wsm,10.4
2030,stp,4.8
2030,sau,11.9
2030,sen,4.6
2030,srb,11.8
2030,sle,5.6
2030,sgp,13.8
2030,svk,13.0
2030,svn,12.6
2030,som,6.3
2030,zaf,10.3
2030,esp,10.7
2030,lca,10.3
2030,vct,10.1
2030,sdn,4.7
2030,sur,10.1
2030,swz,10.4
2030,swe,13.4
2030,che,13.5
2030,syr,7.5
2030,tjk,11.4
2030,tza,8.1
2030,tha,9.7
2030,tls,8.2
2030,ton,11.0
2030,tto,10.5
2030,tun,10.5
2030,tur,9.0
2030,tkm,10.5
2030,uga,7.0
2030,ukr,10.7
2030,are,9.4
2030,gbr,11.8
2030,usa,13.1
2030,ury,9.2
2030,vut,7.6
2030,ven,9.7
2030,vnm,8.3
2030,pse,10.9
2030,zmb,9.5
2030,zwe,12.2
2035,wld,9.6
2035,alb,11.0
2035,dza,11.0
2035,arg,10.9
2035,arm,10.8
2035,abw,10.2
2035,aus,13.8
2035,aut,13.3
2035,aze,11.4
2035,bhs,10.0
2035,bhr,10.6
2035,bgd,6.8
2035,blr,12.0
2035,bel,13.4
2035,blz,7.6
2035,ben,5.5
2035,btn,6.9
2035,bol,10.6
2035,bih,11.9
2035,bra,8.7
2035,bgr,11.9
2035,bfa,3.8
2035,bdi,5.5
2035,cpv,7.3
2035,khm,6.5
2035,cmr,8.6
2035,can,14.5
2035,caf,7.1
2035,tcd,4.3
2035,chl,11.9
2035,chn,9.4
2035,col,9.7
2035,com,8.4
2035,cod,9.0
2035,cog,9.5
2035,cri,9.4
2035,civ,6.7
2035,hrv,12.2
2035,cub,11.5
2035,cyp,13.7
2035,cze,13.3
2035,dnk,12.7
2035,dom,10.1
2035,ecu,10.2
2035,egy,10.2
2035,slv,9.1
2035,gnq,10.3
2035,est,13.2
2035,eth,5.2
2035,fin,14.0
2035,fra,12.7
2035,pyf,11.5
2035,gab,9.5
2035,gmb,8.2
2035,geo,13.5
2035,deu,14.5
2035,gha,8.2
2035,grc,12.4
2035,gtm,7.0
2035,gin,5.4
2035,gnb,6.5
2035,guy,10.1
2035,hti,8.7
2035,hnd,7.3
2035,hkg,14.1
2035,hun,12.2
2035,isl,13.5
2035,ind,8.4
2035,idn,10.1
2035,irn,10.2
2035,irq,10.5
2035,irl,14.4
2035,isr,11.7
2035,ita,11.9
2035,jam,10.1
2035,jpn,14.1
2035,jor,11.6
2035,kaz,11.7
2035,ken,10.4
2035,kor,14.7
2035,kwt,8.8
2035,kgz,11.1
2035,lao,6.9
2035,lva,13.3
2035,lbn,11.0
2035,lso,8.0
2035,lbr,3.3
2035,ltu,13.9
2035,lux,12.9
2035,mac,12.2
2035,mkd,11.5
2035,mdg,4.4
2035,mwi,7.7
2035,mys,12.6
2035,mdv,8.7
2035,mli,2.9
2035,mlt,12.6
2035,mus,8.2
2035,mex,10.3
2035,mda,11.1
2035,mng,9.9
2035,mne,12.1
2035,mar,7.7
2035,moz,4.0
2035,mmr,8.4
2035,nam,10.0
2035,npl,8.0
2035,nld,12.5
2035,ncl,12.2
2035,nzl,13.9
2035,nic,7.3
2035,ner,2.7
2035,nga,9.9
2035,nor,13.8
2035,pak,6.4
2035,pan,10.8
2035,pry,9.4
2035,per,11.4
2035,phl,10.4
2035,pol,12.7
2035,prt,10.4
2035,pri,13.3
2035,qat,9.1
2035,rou,12.0
2035,rus,11.2
2035,rwa,5.6
2035,wsm,10.4
2035,stp,5.3
2035,sau,12.4
2035,sen,5.0
2035,srb,11.9
2035,sle,5.7
2035,sgp,13.7
2035,svk,13.2
2035,svn,12.9
2035,som,6.7
2035,zaf,10.5
2035,esp,11.2
2035,lca,10.7
2035,vct,10.3
2035,sdn,5.2
2035,sur,10.3
2035,swz,10.9
2035,swe,13.5
2035,che,13.7
2035,syr,7.9
2035,tjk,11.4
2035,tza,8.3
2035,tha,10.2
2035,tls,9.1
2035,ton,11.1
2035,tto,10.7
2035,tun,11.1
2035,tur,9.4
2035,tkm,10.4
2035,uga,7.3
2035,ukr,11.0
2035,are,9.7
2035,gbr,12.2
2035,usa,13.2
2035,ury,9.5
2035,vut,8.0
2035,ven,10.0
2035,vnm,8.6
2035,pse,11.4
2035,zmb,9.8
2035,zwe,12.5
2040,wld,9.9
2040,alb,11.2
2040,dza,11.3
2040,arg,11.1
2040,arm,10.8
2040,abw,10.6
2040,aus,14.2
2040,aut,13.4
2040,aze,11.6
2040,bhs,10.1
2040,bhr,11.1
2040,bgd,7.2
2040,blr,12.0
2040,bel,13.6
2040,blz,7.9
2040,ben,6.0
2040,btn,7.8
2040,bol,11.0
2040,bih,12.3
2040,bra,9.2
2040,bgr,12.2
2040,bfa,4.3
2040,bdi,5.9
2040,cpv,7.7
2040,khm,7.0
2040,cmr,9.1
2040,can,14.6
2040,caf,7.5
2040,tcd,4.7
2040,chl,12.1
2040,chn,9.7
2040,col,10.2
2040,com,9.0
2040,cod,9.3
2040,cog,9.9
2040,cri,9.7
2040,civ,7.4
2040,hrv,12.3
2040,cub,11.7
2040,cyp,13.9
2040,cze,13.5
2040,dnk,12.9
2040,dom,10.5
2040,ecu,10.8
2040,egy,10.8
2040,slv,9.7
2040,gnq,10.7
2040,est,13.3
2040,eth,5.8
2040,fin,13.8
2040,fra,13.1
2040,pyf,11.9
2040,gab,9.7
2040,gmb,8.6
2040,geo,13.8
2040,deu,14.6
2040,gha,8.5
2040,grc,12.7
2040,gtm,7.3
2040,gin,6.0
2040,gnb,6.9
2040,guy,10.3
2040,hti,9.3
2040,hnd,7.7
2040,hkg,14.4
2040,hun,12.4
2040,isl,13.9
2040,ind,8.8
2040,idn,10.5
2040,irn,10.6
2040,irq,11.1
2040,irl,15.0
2040,isr,11.8
2040,ita,12.2
2040,jam,10.3
2040,jpn,14.3
2040,jor,12.1
2040,kaz,12.0
2040,ken,10.8
2040,kor,14.9
2040,kwt,9.5
2040,kgz,11.3
2040,lao,7.3
2040,lva,13.4
2040,lbn,11.5
2040,lso,8.5
2040,lbr,3.8
2040,ltu,14.0
2040,lux,13.2
2040,mac,12.6
2040,mkd,12.0
2040,mdg,4.6
2040,mwi,8.1
2040,mys,13.1
2040,mdv,9.3
2040,mli,3.3
2040,mlt,13.1
2040,mus,8.6
2040,mex,10.7
2040,mda,11.2
2040,mng,10.2
2040,mne,12.2
2040,mar,8.3
2040,moz,4.7
2040,mmr,8.8
2040,nam,10.4
2040,npl,8.8
2040,nld,12.7
2040,ncl,12.6
2040,nzl,14.2
2040,nic,7.7
2040,ner,3.2
2040,nga,10.4
2040,nor,14.1
2040,pak,6.9
2040,pan,11.2
2040,pry,9.8
2040,per,11.6
2040,phl,10.7
2040,pol,12.8
2040,prt,10.6
2040,pri,13.5
2040,qat,9.2
2040,rou,12.1
2040,rus,11.4
2040,rwa,6.0
2040,wsm,10.5
2040,stp,5.9
2040,sau,12.9
2040,sen,5.5
2040,srb,12.1
2040,sle,6.0
2040,sgp,13.4
2040,svk,13.4
2040,svn,13.2
2040,som,7.2
2040,zaf,10.7
2040,esp,11.7
2040,lca,11.0
2040,vct,10.4
2040,sdn,5.8
2040,sur,10.5
2040,swz,11.3
2040,swe,13.7
2040,che,13.9
2040,syr,8.1
2040,tjk,11.5
2040,tza,8.6
2040,tha,10.7
2040,tls,10.0
2040,ton,11.3
2040,tto,10.8
2040,tun,11.7
2040,tur,9.9
2040,tkm,10.4
2040,uga,7.7
2040,ukr,11.2
2040,are,10.1
2040,gbr,12.5
2040,usa,13.4
2040,ury,9.8
2040,vut,8.4
2040,ven,10.3
2040,vnm,8.9
2040,pse,12.0
2040,zmb,10.1
2040,zwe,12.7
2045,wld,10.2
2045,alb,11.3
2045,dza,11.6
2045,arg,11.4
2045,arm,10.9
2045,abw,10.9
2045,aus,14.4
2045,aut,13.5
2045,aze,11.6
2045,bhs,10.3
2045,bhr,11.5
2045,bgd,7.6
2045,blr,12.0
2045,bel,13.9
2045,blz,8.3
2045,ben,6.4
2045,btn,8.8
2045,bol,11.3
2045,bih,12.7
2045,bra,9.6
2045,bgr,12.6
2045,bfa,4.7
2045,bdi,6.3
2045,cpv,8.0
2045,khm,7.4
2045,cmr,9.5
2045,can,14.7
2045,caf,7.9
2045,tcd,5.0
2045,chl,12.2
2045,chn,9.9
2045,col,10.6
2045,com,9.6
2045,cod,9.6
2045,cog,10.2
2045,cri,9.9
2045,civ,8.1
2045,hrv,12.4
2045,cub,11.9
2045,cyp,14.1
2045,cze,13.7
2045,dnk,13.0
2045,dom,11.0
2045,ecu,11.3
2045,egy,11.4
2045,slv,10.1
2045,gnq,11.0
2045,est,13.4
2045,eth,6.3
2045,fin,13.8
2045,fra,13.4
2045,pyf,12.1
2045,gab,9.8
2045,gmb,9.0
2045,geo,14.1
2045,deu,14.7
2045,gha,8.9
2045,grc,13.0
2045,gtm,7.7
2045,gin,6.6
2045,gnb,7.3
2045,guy,10.5
2045,hti,9.9
2045,hnd,8.1
2045,hkg,14.6
2045,hun,12.5
2045,isl,14.3
2045,ind,9.2
2045,idn,10.9
2045,irn,11.1
2045,irq,11.6
2045,irl,15.4
2045,isr,11.9
2045,ita,12.6
2045,jam,10.4
2045,jpn,14.6
2045,jor,12.5
2045,kaz,12.3
2045,ken,11.2
2045,kor,15.1
2045,kwt,10.4
2045,kgz,11.5
2045,lao,7.6
2045,lva,13.5
2045,lbn,12.0
2045,lso,9.1
2045,lbr,4.2
2045,ltu,14.1
2045,lux,13.4
2045,mac,12.9
2045,mkd,12.4
2045,mdg,4.9
2045,mwi,8.5
2045,mys,13.5
2045,mdv,9.7
2045,mli,3.7
2045,mlt,13.6
2045,mus,9.0
2045,mex,11.1
2045,mda,11.3
2045,mng,10.5
2045,mne,12.3
2045,mar,8.9
2045,moz,5.3
2045,mmr,9.1
2045,nam,10.8
2045,npl,9.5
2045,nld,12.9
2045,ncl,13.0
2045,nzl,14.4
2045,nic,8.2
2045,ner,3.6
2045,nga,11.0
2045,nor,14.4
2045,pak,7.3
2045,pan,11.6
2045,pry,10.1
2045,per,11.8
2045,phl,11.0
2045,pol,13.0
2045,prt,10.9
2045,pri,13.7
2045,qat,9.7
2045,rou,12.2
2045,rus,11.7
2045,rwa,6.5
2045,wsm,10.6
2045,stp,6.5
2045,sau,13.4
2045,sen,6.0
2045,srb,12.2
2045,sle,6.2
2045,sgp,13.2
2045,svk,13.6
2045,svn,13.5
2045,som,7.7
2045,zaf,10.9
2045,esp,12.3
2045,lca,11.3
2045,vct,10.5
2045,sdn,6.5
2045,sur,10.8
2045,swz,11.6
2045,swe,13.9
2045,che,14.1
2045,syr,8.4
2045,tjk,11.6
2045,tza,8.7
2045,tha,11.1
2045,tls,10.6
2045,ton,11.5
2045,tto,11.0
2045,tun,12.3
2045,tur,10.3
2045,tkm,10.3
2045,uga,8.1
2045,ukr,11.5
2045,are,10.5
2045,gbr,12.8
2045,usa,13.5
2045,ury,10.0
2045,vut,8.8
2045,ven,10.6
2045,vnm,9.3
2045,pse,12.4
2045,zmb,10.3
2045,zwe,13.0
2050,wld,10.5
2050,alb,11.5
2050,dza,12.0
2050,arg,11.6
2050,arm,11.0
2050,abw,11.2
2050,aus,14.7
2050,aut,13.6
2050,aze,11.7
2050,bhs,10.4
2050,bhr,11.9
2050,bgd,7.9
2050,blr,12.1
2050,bel,14.1
2050,blz,8.6
2050,ben,6.8
2050,btn,9.7
2050,bol,11.6
2050,bih,13.1
2050,bra,10.0
2050,bgr,12.9
2050,bfa,5.2
2050,bdi,6.7
2050,cpv,8.3
2050,khm,7.8
2050,cmr,10.0
2050,can,14.8
2050,caf,8.2
2050,tcd,5.3
2050,chl,12.4
2050,chn,10.1
2050,col,11.0
2050,com,10.1
2050,cod,9.9
2050,cog,10.5
2050,cri,10.2
2050,civ,8.7
2050,hrv,12.6
2050,cub,12.1
2050,cyp,14.2
2050,cze,13.8
2050,dnk,13.2
2050,dom,11.4
2050,ecu,11.9
2050,egy,12.0
2050,slv,10.5
2050,gnq,11.2
2050,est,13.6
2050,eth,6.8
2050,fin,13.7
2050,fra,13.8
2050,pyf,12.4
2050,gab,9.9
2050,gmb,9.4
2050,geo,14.4
2050,deu,14.7
2050,gha,9.3
2050,grc,13.3
2050,gtm,8.0
2050,gin,7.2
2050,gnb,7.7
2050,guy,10.7
2050,hti,10.5
2050,hnd,8.4
2050,hkg,14.9
2050,hun,12.6
2050,isl,14.7
2050,ind,9.6
2050,idn,11.2
2050,irn,11.6
2050,irq,12.1
2050,irl,15.7
2050,isr,12.1
2050,ita,13.0
2050,jam,10.6
2050,jpn,14.7
2050,jor,12.9
2050,kaz,12.4
2050,ken,11.5
2050,kor,15.2
2050,kwt,11.0
2050,kgz,11.6
2050,lao,7.9
2050,lva,13.7
2050,lbn,12.4
2050,lso,9.5
2050,lbr,4.7
2050,ltu,14.3
2050,lux,13.7
2050,mac,13.3
2050,mkd,12.8
2050,mdg,5.2
2050,mwi,8.8
2050,mys,13.9
2050,mdv,10.1
2050,mli,4.2
2050,mlt,14.1
2050,mus,9.3
2050,mex,11.4
2050,mda,11.4
2050,mng,10.8
2050,mne,12.5
2050,mar,9.5
2050,moz,5.9
2050,mmr,9.4
2050,nam,11.1
2050,npl,10.0
2050,nld,13.1
2050,ncl,13.3
2050,nzl,14.6
2050,nic,8.7
2050,ner,4.0
2050,nga,11.6
2050,nor,14.6
2050,pak,7.8
2050,pan,12.0
2050,pry,10.5
2050,per,12.0
2050,phl,11.3
2050,pol,13.1
2050,prt,11.3
2050,pri,13.9
2050,qat,10.2
2050,rou,12.4
2050,rus,11.9
2050,rwa,7.0
2050,wsm,10.7
2050,stp,7.1
2050,sau,13.7
2050,sen,6.5
2050,srb,12.4
2050,sle,6.5
2050,sgp,13.0
2050,svk,13.7
2050,svn,13.8
2050,som,8.2
2050,zaf,11.1
2050,esp,12.9
2050,lca,11.6
2050,vct,10.8
2050,sdn,7.1
2050,sur,11.1
2050,swz,12.0
2050,swe,14.0
2050,che,14.3
2050,syr,8.8
2050,tjk,11.6
2050,tza,8.9
2050,tha,11.5
2050,tls,11.2
2050,ton,11.7
2050,tto,11.2
2050,tun,12.8
2050,tur,10.7
2050,tkm,10.5
2050,uga,8.4
2050,ukr,11.8
2050,are,11.1
2050,gbr,13.1
2050,usa,13.6
2050,ury,10.3
2050,vut,9.2
2050,ven,10.9
2050,vnm,9.6
2050,pse,12.8
2050,zmb,10.5
2050,zwe,13.2
2055,wld,10.8
2055,alb,11.8
2055,dza,12.3
2055,arg,11.9
2055,arm,11.0
2055,abw,11.5
2055,aus,14.9
2055,aut,13.7
2055,aze,11.7
2055,bhs,10.6
2055,bhr,12.3
2055,bgd,8.3
2055,blr,12.1
2055,bel,14.3
2055,blz,9.0
2055,ben,7.1
2055,btn,10.5
2055,bol,11.8
2055,bih,13.4
2055,bra,10.3
2055,bgr,13.1
2055,bfa,5.7
2055,bdi,7.1
2055,cpv,8.6
2055,khm,8.2
2055,cmr,10.4
2055,can,14.9
2055,caf,8.6
2055,tcd,5.6
2055,chl,12.6
2055,chn,10.4
2055,col,11.3
2055,com,10.5
2055,cod,10.2
2055,cog,10.7
2055,cri,10.5
2055,civ,9.3
2055,hrv,12.7
2055,cub,12.3
2055,cyp,14.4
2055,cze,13.9
2055,dnk,13.3
2055,dom,11.7
2055,ecu,12.4
2055,egy,12.4
2055,slv,10.9
2055,gnq,11.5
2055,est,13.7
2055,eth,7.3
2055,fin,13.7
2055,fra,14.1
2055,pyf,12.7
2055,gab,10.0
2055,gmb,9.7
2055,geo,14.6
2055,deu,14.8
2055,gha,9.7
2055,grc,13.6
2055,gtm,8.4
2055,gin,7.7
2055,gnb,8.0
2055,guy,10.9
2055,hti,11.0
2055,hnd,8.8
2055,hkg,15.2
2055,hun,12.7
2055,isl,15.1
2055,ind,10.0
2055,idn,11.6
2055,irn,12.1
2055,irq,12.5
2055,irl,15.8
2055,isr,12.2
2055,ita,13.3
2055,jam,10.8
2055,jpn,14.9
2055,jor,13.3
2055,kaz,12.6
2055,ken,11.8
2055,kor,15.3
2055,kwt,11.4
2055,kgz,11.6
2055,lao,8.2
2055,lva,13.9
2055,lbn,12.8
2055,lso,10.0
2055,lbr,5.3
2055,ltu,14.4
2055,lux,13.9
2055,mac,13.6
2055,mkd,13.2
2055,mdg,5.5
2055,mwi,9.2
2055,mys,14.3
2055,mdv,10.5
2055,mli,4.6
2055,mlt,14.3
2055,mus,9.7
2055,mex,11.7
2055,mda,11.5
2055,mng,11.0
2055,mne,12.6
2055,mar,10.1
2055,moz,6.4
2055,mmr,9.7
2055,nam,11.4
2055,npl,10.4
2055,nld,13.3
2055,ncl,13.5
2055,nzl,14.8
2055,nic,9.1
2055,ner,4.5
2055,nga,12.0
2055,nor,14.8
2055,pak,8.3
2055,pan,12.3
2055,pry,10.9
2055,per,12.2
2055,phl,11.5
2055,pol,13.2
2055,prt,11.7
2055,pri,14.1
2055,qat,10.7
2055,rou,12.5
2055,rus,12.0
2055,rwa,7.4
2055,wsm,11.0
2055,stp,7.6
2055,sau,14.0
2055,sen,7.1
2055,srb,12.5
2055,sle,6.9
2055,sgp,12.7
2055,svk,13.8
2055,svn,13.9
2055,som,8.6
2055,zaf,11.3
2055,esp,13.2
2055,lca,11.9
2055,vct,11.1
2055,sdn,7.7
2055,sur,11.3
2055,swz,12.3
2055,swe,14.2
2055,che,14.5
2055,syr,9.2
2055,tjk,11.7
2055,tza,9.1
2055,tha,11.9
2055,tls,11.6
2055,ton,11.9
2055,tto,11.3
2055,tun,13.3
2055,tur,11.2
2055,tkm,10.7
2055,uga,8.8
2055,ukr,12.0
2055,are,11.4
2055,gbr,13.5
2055,usa,13.7
2055,ury,10.6
2055,vut,9.6
2055,ven,11.2
2055,vnm,9.8
2055,pse,13.1
2055,zmb,10.7
2055,zwe,13.4
2060,wld,11.1
2060,alb,12.0
2060,dza,12.6
2060,arg,12.2
2060,arm,11.1
2060,abw,11.9
2060,aus,15.1
2060,aut,13.9
2060,aze,11.8
2060,bhs,10.8
2060,bhr,12.6
2060,bgd,8.8
2060,blr,12.2
2060,bel,14.5
2060,blz,9.4
2060,ben,7.5
2060,btn,11.1
2060,bol,12.1
2060,bih,13.5
2060,bra,10.6
2060,bgr,13.3
2060,bfa,6.2
2060,bdi,7.5
2060,cpv,8.8
2060,khm,8.6
2060,cmr,10.7
2060,can,15.0
2060,caf,9.0
2060,tcd,6.0
2060,chl,12.9
2060,chn,10.7
2060,col,11.7
2060,com,10.9
2060,cod,10.4
2060,cog,11.0
2060,cri,10.8
2060,civ,9.8
2060,hrv,12.8
2060,cub,12.5
2060,cyp,14.6
2060,cze,14.0
2060,dnk,13.5
2060,dom,12.1
2060,ecu,12.8
2060,egy,12.8
2060,slv,11.4
2060,gnq,11.7
2060,est,13.9
2060,eth,7.8
2060,fin,13.8
2060,fra,14.3
2060,pyf,13.0
2060,gab,10.2
2060,gmb,10.0
2060,geo,14.7
2060,deu,14.9
2060,gha,10.0
2060,grc,13.8
2060,gtm,8.8
2060,gin,8.2
2060,gnb,8.3
2060,guy,11.0
2060,hti,11.5
2060,hnd,9.1
2060,hkg,15.5
2060,hun,12.8
2060,isl,15.3
2060,ind,10.4
2060,idn,11.9
2060,irn,12.5
2060,irq,12.8
2060,irl,16.0
2060,isr,12.4
2060,ita,13.5
2060,jam,11.1
2060,jpn,15.0
2060,jor,13.6
2060,kaz,12.7
2060,ken,12.0
2060,kor,15.3
2060,kwt,11.6
2060,kgz,11.7
2060,lao,8.6
2060,lva,14.0
2060,lbn,13.2
2060,lso,10.4
2060,lbr,5.8
2060,ltu,14.6
2060,lux,14.1
2060,mac,13.9
2060,mkd,13.4
2060,mdg,5.8
2060,mwi,9.5
2060,mys,14.6
2060,mdv,10.8
2060,mli,5.1
2060,mlt,14.6
2060,mus,10.0
2060,mex,12.0
2060,mda,11.6
2060,mng,11.2
2060,mne,12.7
2060,mar,10.6
2060,moz,6.8
2060,mmr,10.0
2060,nam,11.7
2060,npl,10.9
2060,nld,13.5
2060,ncl,13.8
2060,nzl,15.0
2060,nic,9.6
2060,ner,5.0
2060,nga,12.4
2060,nor,15.0
2060,pak,8.8
2060,pan,12.7
2060,pry,11.2
2060,per,12.4
2060,phl,11.7
2060,pol,13.4
2060,prt,12.0
2060,pri,14.3
2060,qat,11.1
2060,rou,12.6
2060,rus,12.1
2060,rwa,7.9
2060,wsm,11.3
2060,stp,7.9
2060,sau,14.3
2060,sen,7.6
2060,srb,12.7
2060,sle,7.3
2060,sgp,12.8
2060,svk,13.9
2060,svn,14.1
2060,som,8.9
2060,zaf,11.5
2060,esp,13.5
2060,lca,12.2
2060,vct,11.4
2060,sdn,8.3
2060,sur,11.5
2060,swz,12.6
2060,swe,14.3
2060,che,14.6
2060,syr,9.5
2060,tjk,11.8
2060,tza,9.2
2060,tha,12.3
2060,tls,12.0
2060,ton,12.0
2060,tto,11.5
2060,tun,13.7
2060,tur,11.5
2060,tkm,10.7
2060,uga,9.2
2060,ukr,12.0
2060,are,11.7
2060,gbr,13.8
2060,usa,13.8
2060,ury,10.8
2060,vut,9.9
2060,ven,11.5
2060,vnm,10.1
2060,pse,13.5
2060,zmb,10.8
2060,zwe,13.5
2065,wld,11.4
2065,alb,12.1
2065,dza,12.9
2065,arg,12.5
2065,arm,11.2
2065,abw,12.2
2065,aus,15.2
2065,aut,14.1
2065,aze,11.8
2065,bhs,11.1
2065,bhr,12.8
2065,bgd,9.2
2065,blr,12.4
2065,bel,14.6
2065,blz,9.8
2065,ben,7.9
2065,btn,11.6
2065,bol,12.4
2065,bih,13.7
2065,bra,11.0
2065,bgr,13.4
2065,bfa,6.8
2065,bdi,7.9
2065,cpv,9.1
2065,khm,8.9
2065,cmr,11.0
2065,can,15.1
2065,caf,9.3
2065,tcd,6.3
2065,chl,13.1
2065,chn,11.0
2065,col,12.0
2065,com,11.2
2065,cod,10.7
2065,cog,11.2
2065,cri,11.1
2065,civ,10.3
2065,hrv,13.0
2065,cub,12.7
2065,cyp,14.7
2065,cze,14.1
2065,dnk,13.7
2065,dom,12.5
2065,ecu,13.2
2065,egy,13.0
2065,slv,11.8
2065,gnq,11.9
2065,est,14.0
2065,eth,8.3
2065,fin,13.9
2065,fra,14.4
2065,pyf,13.2
2065,gab,10.3
2065,gmb,10.2
2065,geo,14.8
2065,deu,15.1
2065,gha,10.4
2065,grc,14.0
2065,gtm,9.1
2065,gin,8.6
2065,gnb,8.6
2065,guy,11.2
2065,hti,11.9
2065,hnd,9.5
2065,hkg,15.7
2065,hun,12.9
2065,isl,15.6
2065,ind,10.8
2065,idn,12.2
2065,irn,12.9
2065,irq,13.1
2065,irl,16.1
2065,isr,12.6
2065,ita,13.8
2065,jam,11.3
2065,jpn,15.1
2065,jor,13.8
2065,kaz,12.8
2065,ken,12.2
2065,kor,15.4
2065,kwt,11.9
2065,kgz,11.8
2065,lao,8.9
2065,lva,14.1
2065,lbn,13.5
2065,lso,10.7
2065,lbr,6.3
2065,ltu,14.7
2065,lux,14.4
2065,mac,14.2
2065,mkd,13.5
2065,mdg,6.1
2065,mwi,9.8
2065,mys,14.8
2065,mdv,11.1
2065,mli,5.7
2065,mlt,14.8
2065,mus,10.4
2065,mex,12.3
2065,mda,11.7
2065,mng,11.3
2065,mne,12.9
2065,mar,11.1
2065,moz,7.3
2065,mmr,10.3
2065,nam,12.0
2065,npl,11.2
2065,nld,13.7
2065,ncl,14.0
2065,nzl,15.1
2065,nic,10.1
2065,ner,5.5
2065,nga,12.8
2065,nor,15.2
2065,pak,9.3
2065,pan,13.0
2065,pry,11.6
2065,per,12.6
2065,phl,11.9
2065,pol,13.5
2065,prt,12.4
2065,pri,14.5
2065,qat,11.5
2065,rou,12.7
2065,rus,12.2
2065,rwa,8.3
2065,wsm,11.6
2065,stp,8.1
2065,sau,14.5
2065,sen,8.1
2065,srb,12.8
2065,sle,7.8
2065,sgp,12.8
2065,svk,14.0
2065,svn,14.2
2065,som,9.3
2065,zaf,11.7
2065,esp,13.7
2065,lca,12.5
2065,vct,11.7
2065,sdn,8.9
2065,sur,11.8
2065,swz,12.8
2065,swe,14.5
2065,che,14.8
2065,syr,10.1
2065,tjk,11.8
2065,tza,9.4
2065,tha,12.7
2065,tls,12.3
2065,ton,12.2
2065,tto,11.7
2065,tun,14.1
2065,tur,11.8
2065,tkm,10.8
2065,uga,9.6
2065,ukr,12.1
2065,are,12.0
2065,gbr,14.0
2065,usa,14.0
2065,ury,11.1
2065,vut,10.3
2065,ven,11.8
2065,vnm,10.3
2065,pse,13.7
2065,zmb,11.0
2065,zwe,13.7
2070,wld,11.7
2070,alb,12.3
2070,dza,13.1
2070,arg,12.8
2070,arm,11.3
2070,abw,12.5
2070,aus,15.4
2070,aut,14.2
2070,aze,11.8
2070,bhs,11.3
2070,bhr,13.1
2070,bgd,9.7
2070,blr,12.5
2070,bel,14.7
2070,blz,10.2
2070,ben,8.3
2070,btn,12.0
2070,bol,12.7
2070,bih,13.8
2070,bra,11.3
2070,bgr,13.6
2070,bfa,7.3
2070,bdi,8.3
2070,cpv,9.4
2070,khm,9.2
2070,cmr,11.3
2070,can,15.2
2070,caf,9.7
2070,tcd,6.8
2070,chl,13.4
2070,chn,11.3
2070,col,12.3
2070,com,11.5
2070,cod,10.9
2070,cog,11.4
2070,cri,11.4
2070,civ,10.8
2070,hrv,13.1
2070,cub,12.9
2070,cyp,14.9
2070,cze,14.2
2070,dnk,13.8
2070,dom,12.8
2070,ecu,13.5
2070,egy,13.3
2070,slv,12.2
2070,gnq,12.0
2070,est,14.1
2070,eth,8.8
2070,fin,14.1
2070,fra,14.6
2070,pyf,13.4
2070,gab,10.6
2070,gmb,10.5
2070,geo,14.9
2070,deu,15.2
2070,gha,10.7
2070,grc,14.2
2070,gtm,9.5
2070,gin,9.1
2070,gnb,8.9
2070,guy,11.4
2070,hti,12.3
2070,hnd,9.8
2070,hkg,15.8
2070,hun,13.1
2070,isl,15.8
2070,ind,11.2
2070,idn,12.5
2070,irn,13.2
2070,irq,13.4
2070,irl,16.2
2070,isr,12.7
2070,ita,14.0
2070,jam,11.5
2070,jpn,15.2
2070,jor,14.1
2070,kaz,12.9
2070,ken,12.4
2070,kor,15.4
2070,kwt,12.2
2070,kgz,11.9
2070,lao,9.1
2070,lva,14.2
2070,lbn,13.8
2070,lso,11.1
2070,lbr,6.9
2070,ltu,14.8
2070,lux,14.6
2070,mac,14.4
2070,mkd,13.7
2070,mdg,6.5
2070,mwi,10.1
2070,mys,15.0
2070,mdv,11.3
2070,mli,6.2
2070,mlt,15.0
2070,mus,10.8
2070,mex,12.6
2070,mda,11.8
2070,mng,11.5
2070,mne,13.0
2070,mar,11.5
2070,moz,7.8
2070,mmr,10.6
2070,nam,12.2
2070,npl,11.6
2070,nld,13.9
2070,ncl,14.1
2070,nzl,15.2
2070,nic,10.5
2070,ner,6.0
2070,nga,13.1
2070,nor,15.3
2070,pak,9.8
2070,pan,13.3
2070,pry,11.9
2070,per,12.8
2070,phl,12.1
2070,pol,13.6
2070,prt,12.7
2070,pri,14.6
2070,qat,11.8
2070,rou,12.8
2070,rus,12.3
2070,rwa,8.6
2070,wsm,12.0
2070,stp,8.4
2070,sau,14.7
2070,sen,8.6
2070,srb,13.0
2070,sle,8.2
2070,sgp,12.8
2070,svk,14.1
2070,svn,14.4
2070,som,9.6
2070,zaf,11.8
2070,esp,14.0
2070,lca,12.7
2070,vct,11.9
2070,sdn,9.5
2070,sur,12.0
2070,swz,13.0
2070,swe,14.6
2070,che,14.9
2070,syr,10.6
2070,tjk,11.9
2070,tza,9.7
2070,tha,13.1
2070,tls,12.5
2070,ton,12.4
2070,tto,11.8
2070,tun,14.5
2070,tur,12.1
2070,tkm,10.9
2070,uga,10.0
2070,ukr,12.2
2070,are,12.3
2070,gbr,14.3
2070,usa,14.1
2070,ury,11.4
2070,vut,10.6
2070,ven,12.1
2070,vnm,10.6
2070,pse,14.0
2070,zmb,11.1
2070,zwe,13.8
2075,wld,12.0
2075,alb,12.5
2075,dza,13.4
2075,arg,13.0
2075,arm,11.4
2075,abw,12.8
2075,aus,15.5
2075,aut,14.4
2075,aze,11.9
2075,bhs,11.5
2075,bhr,13.3
2075,bgd,10.1
2075,blr,12.6
2075,bel,14.9
2075,blz,10.6
2075,ben,8.7
2075,btn,12.4
2075,bol,12.9
2075,bih,13.9
2075,bra,11.5
2075,bgr,13.7
2075,bfa,7.8
2075,bdi,8.7
2075,cpv,9.7
2075,khm,9.5
2075,cmr,11.6
2075,can,15.2
2075,caf,10.1
2075,tcd,7.2
2075,chl,13.6
2075,chn,11.6
2075,col,12.6
2075,com,11.9
2075,cod,11.1
2075,cog,11.6
2075,cri,11.6
2075,civ,11.2
2075,hrv,13.2
2075,cub,13.1
2075,cyp,15.0
2075,cze,14.3
2075,dnk,14.0
2075,dom,13.1
2075,ecu,13.8
2075,egy,13.5
2075,slv,12.5
2075,gnq,12.2
2075,est,14.2
2075,eth,9.2
2075,fin,14.2
2075,fra,14.7
2075,pyf,13.6
2075,gab,10.8
2075,gmb,10.7
2075,geo,15.0
2075,deu,15.4
2075,gha,11.1
2075,grc,14.3
2075,gtm,9.8
2075,gin,9.5
2075,gnb,9.2
2075,guy,11.5
2075,hti,12.7
2075,hnd,10.2
2075,hkg,15.9
2075,hun,13.2
2075,isl,16.0
2075,ind,11.5
2075,idn,12.8
2075,irn,13.4
2075,irq,13.7
2075,irl,16.2
2075,isr,12.9
2075,ita,14.2
2075,jam,11.7
2075,jpn,15.3
2075,jor,14.3
2075,kaz,13.0
2075,ken,12.6
2075,kor,15.5
2075,kwt,12.5
2075,kgz,11.9
2075,lao,9.4
2075,lva,14.3
2075,lbn,14.1
2075,lso,11.4
2075,lbr,7.4
2075,ltu,14.9
2075,lux,14.8
2075,mac,14.5
2075,mkd,13.8
2075,mdg,6.8
2075,mwi,10.4
2075,mys,15.2
2075,mdv,11.5
2075,mli,6.8
2075,mlt,15.2
2075,mus,11.2
2075,mex,12.9
2075,mda,11.9
2075,mng,11.6
2075,mne,13.2
2075,mar,11.9
2075,moz,8.4
2075,mmr,10.9
2075,nam,12.4
2075,npl,11.9
2075,nld,14.0
2075,ncl,14.3
2075,nzl,15.3
2075,nic,10.9
2075,ner,6.6
2075,nga,13.4
2075,nor,15.5
2075,pak,10.2
2075,pan,13.6
2075,pry,12.2
2075,per,13.0
2075,phl,12.3
2075,pol,13.7
2075,prt,13.0
2075,pri,14.7
2075,qat,12.2
2075,rou,12.9
2075,rus,12.4
2075,rwa,9.0
2075,wsm,12.3
2075,stp,8.6
2075,sau,14.9
2075,sen,9.1
2075,srb,13.1
2075,sle,8.7
2075,sgp,12.8
2075,svk,14.2
2075,svn,14.5
2075,som,9.9
2075,zaf,12.0
2075,esp,14.2
2075,lca,12.9
2075,vct,12.2
2075,sdn,10.0
2075,sur,12.3
2075,swz,13.2
2075,swe,14.7
2075,che,15.0
2075,syr,11.1
2075,tjk,11.9
2075,tza,9.9
2075,tha,13.4
2075,tls,12.7
2075,ton,12.7
2075,tto,12.0
2075,tun,14.8
2075,tur,12.4
2075,tkm,10.9
2075,uga,10.3
2075,ukr,12.3
2075,are,12.6
2075,gbr,14.5
2075,usa,14.2
2075,ury,11.7
2075,vut,10.9
2075,ven,12.4
2075,vnm,10.8
2075,pse,14.2
2075,zmb,11.3
2075,zwe,13.9
2080,wld,12.2
2080,alb,12.6
2080,dza,13.6
2080,arg,13.3
2080,arm,11.5
2080,abw,13.0
2080,aus,15.6
2080,aut,14.5
2080,aze,11.9
2080,bhs,11.8
2080,bhr,13.5
2080,bgd,10.6
2080,blr,12.7
2080,bel,15.0
2080,blz,10.9
2080,ben,9.1
2080,btn,12.7
2080,bol,13.2
2080,bih,14.0
2080,bra,11.8
2080,bgr,13.8
2080,bfa,8.4
2080,bdi,9.1
2080,cpv,9.9
2080,khm,9.8
2080,cmr,11.9
2080,can,15.3
2080,caf,10.4
2080,tcd,7.7
2080,chl,13.7
2080,chn,11.8
2080,col,12.8
2080,com,12.2
2080,cod,11.4
2080,cog,11.9
2080,cri,11.9
2080,civ,11.6
2080,hrv,13.3
2080,cub,13.2
2080,cyp,15.0
2080,cze,14.4
2080,dnk,14.1
2080,dom,13.4
2080,ecu,14.1
2080,egy,13.7
2080,slv,12.9
2080,gnq,12.4
2080,est,14.3
2080,eth,9.6
2080,fin,14.3
2080,fra,14.9
2080,pyf,13.7
2080,gab,11.1
2080,gmb,11.0
2080,geo,15.0
2080,deu,15.5
2080,gha,11.4
2080,grc,14.5
2080,gtm,10.2
2080,gin,10.0
2080,gnb,9.6
2080,guy,11.7
2080,hti,13.0
2080,hnd,10.5
2080,hkg,16.0
2080,hun,13.3
2080,isl,16.2
2080,ind,11.9
2080,idn,13.0
2080,irn,13.7
2080,irq,13.9
2080,irl,16.3
2080,isr,13.1
2080,ita,14.4
2080,jam,11.9
2080,jpn,15.3
2080,jor,14.4
2080,kaz,13.1
2080,ken,12.7
2080,kor,15.5
2080,kwt,12.7
2080,kgz,12.0
2080,lao,9.6
2080,lva,14.4
2080,lbn,14.3
2080,lso,11.6
2080,lbr,7.9
2080,ltu,15.0
2080,lux,15.0
2080,mac,14.7
2080,mkd,13.9
2080,mdg,7.2
2080,mwi,10.7
2080,mys,15.4
2080,mdv,11.8
2080,mli,7.4
2080,mlt,15.4
2080,mus,11.5
2080,mex,13.2
2080,mda,12.0
2080,mng,11.7
2080,mne,13.3
2080,mar,12.3
2080,moz,8.9
2080,mmr,11.2
2080,nam,12.6
2080,npl,12.1
2080,nld,14.2
2080,ncl,14.4
2080,nzl,15.4
2080,nic,11.2
2080,ner,7.3
2080,nga,13.7
2080,nor,15.6
2080,pak,10.7
2080,pan,13.8
2080,pry,12.5
2080,per,13.1
2080,phl,12.4
2080,pol,13.8
2080,prt,13.2
2080,pri,14.8
2080,qat,12.5
2080,rou,13.0
2080,rus,12.5
2080,rwa,9.4
2080,wsm,12.7
2080,stp,8.8
2080,sau,15.0
2080,sen,9.7
2080,srb,13.2
2080,sle,9.2
2080,sgp,12.8
2080,svk,14.3
2080,svn,14.7
2080,som,10.3
2080,zaf,12.1
2080,esp,14.3
2080,lca,13.2
2080,vct,12.4
2080,sdn,10.5
2080,sur,12.5
2080,swz,13.4
2080,swe,14.8
2080,che,15.1
2080,syr,11.6
2080,tjk,12.0
2080,tza,10.1
2080,tha,13.7
2080,tls,12.9
2080,ton,12.9
2080,tto,12.2
2080,tun,15.0
2080,tur,12.7
2080,tkm,11.0
2080,uga,10.7
2080,ukr,12.4
2080,are,12.8
2080,gbr,14.7
2080,usa,14.3
2080,ury,12.0
2080,vut,11.2
2080,ven,12.6
2080,vnm,11.1
2080,pse,14.4
2080,zmb,11.4
2080,zwe,13.9
2085,wld,12.5
2085,alb,12.7
2085,dza,13.7
2085,arg,13.5
2085,arm,11.6
2085,abw,13.2
2085,aus,15.7
2085,aut,14.6
2085,aze,12.0
2085,bhs,12.0
2085,bhr,13.7
2085,bgd,11.0
2085,blr,12.8
2085,bel,15.0
2085,blz,11.3
2085,ben,9.6
2085,btn,13.0
2085,bol,13.4
2085,bih,14.1
2085,bra,12.0
2085,bgr,13.9
2085,bfa,9.0
2085,bdi,9.6
2085,cpv,10.2
2085,khm,10.1
2085,cmr,12.2
2085,can,15.3
2085,caf,10.8
2085,tcd,8.3
2085,chl,13.9
2085,chn,12.1
2085,col,13.0
2085,com,12.5
2085,cod,11.6
2085,cog,12.1
2085,cri,12.1
2085,civ,12.0
2085,hrv,13.4
2085,cub,13.4
2085,cyp,15.1
2085,cze,14.5
2085,dnk,14.2
2085,dom,13.6
2085,ecu,14.3
2085,egy,13.9
2085,slv,13.1
2085,gnq,12.5
2085,est,14.4
2085,eth,10.0
2085,fin,14.4
2085,fra,14.9
2085,pyf,13.9
2085,gab,11.3
2085,gmb,11.3
2085,geo,15.1
2085,deu,15.6
2085,gha,11.7
2085,grc,14.6
2085,gtm,10.5
2085,gin,10.5
2085,gnb,9.9
2085,guy,11.8
2085,hti,13.3
2085,hnd,10.8
2085,hkg,16.1
2085,hun,13.4
2085,isl,16.4
2085,ind,12.2
2085,idn,13.2
2085,irn,13.9
2085,irq,14.1
2085,irl,16.3
2085,isr,13.2
2085,ita,14.6
2085,jam,12.1
2085,jpn,15.4
2085,jor,14.6
2085,kaz,13.2
2085,ken,12.8
2085,kor,15.5
2085,kwt,12.9
2085,kgz,12.1
2085,lao,9.9
2085,lva,14.5
2085,lbn,14.4
2085,lso,11.9
2085,lbr,8.5
2085,ltu,15.0
2085,lux,15.1
2085,mac,14.8
2085,mkd,14.0
2085,mdg,7.6
2085,mwi,11.0
2085,mys,15.5
2085,mdv,12.0
2085,mli,8.0
2085,mlt,15.5
2085,mus,11.8
2085,mex,13.4
2085,mda,12.1
2085,mng,11.9
2085,mne,13.4
2085,mar,12.6
2085,moz,9.3
2085,mmr,11.5
2085,nam,12.7
2085,npl,12.4
2085,nld,14.3
2085,ncl,14.6
2085,nzl,15.5
2085,nic,11.6
2085,ner,7.9
2085,nga,13.9
2085,nor,15.7
2085,pak,11.1
2085,pan,14.0
2085,pry,12.8
2085,per,13.3
2085,phl,12.6
2085,pol,13.9
2085,prt,13.4
2085,pri,14.9
2085,qat,12.7
2085,rou,13.1
2085,rus,12.6
2085,rwa,9.8
2085,wsm,13.0
2085,stp,9.0
2085,sau,15.1
2085,sen,10.1
2085,srb,13.3
2085,sle,9.6
2085,sgp,12.8
2085,svk,14.4
2085,svn,14.8
2085,som,10.6
2085,zaf,12.3
2085,esp,14.5
2085,lca,13.4
2085,vct,12.7
2085,sdn,10.9
2085,sur,12.7
2085,swz,13.6
2085,swe,14.9
2085,che,15.2
2085,syr,12.0
2085,tjk,12.1
2085,tza,10.4
2085,tha,13.9
2085,tls,13.0
2085,ton,13.1
2085,tto,12.3
2085,tun,15.3
2085,tur,12.9
2085,tkm,11.1
2085,uga,11.0
2085,ukr,12.5
2085,are,13.0
2085,gbr,14.9
2085,usa,14.4
2085,ury,12.2
2085,vut,11.5
2085,ven,12.8
2085,vnm,11.4
2085,pse,14.6
2085,zmb,11.6
2085,zwe,14.0
2090,wld,12.7
2090,alb,12.8
2090,dza,13.9
2090,arg,13.6
2090,arm,11.6
2090,abw,13.4
2090,aus,15.7
2090,aut,14.7
2090,aze,12.1
2090,bhs,12.2
2090,bhr,13.8
2090,bgd,11.4
2090,blr,12.9
2090,bel,15.1
2090,blz,11.7
2090,ben,10.1
2090,btn,13.2
2090,bol,13.6
2090,bih,14.2
2090,bra,12.2
2090,bgr,14.0
2090,bfa,9.6
2090,bdi,10.0
2090,cpv,10.5
2090,khm,10.4
2090,cmr,12.5
2090,can,15.3
2090,caf,11.2
2090,tcd,8.9
2090,chl,14.0
2090,chn,12.3
2090,col,13.1
2090,com,12.9
2090,cod,11.8
2090,cog,12.4
2090,cri,12.3
2090,civ,12.4
2090,hrv,13.5
2090,cub,13.5
2090,cyp,15.2
2090,cze,14.6
2090,dnk,14.3
2090,dom,13.8
2090,ecu,14.4
2090,egy,14.0
2090,slv,13.4
2090,gnq,12.7
2090,est,14.5
2090,eth,10.5
2090,fin,14.5
2090,fra,15.0
2090,pyf,14.0
2090,gab,11.6
2090,gmb,11.6
2090,geo,15.1
2090,deu,15.7
2090,gha,12.0
2090,grc,14.7
2090,gtm,10.8
2090,gin,10.9
2090,gnb,10.2
2090,guy,11.9
2090,hti,13.6
2090,hnd,11.0
2090,hkg,16.2
2090,hun,13.5
2090,isl,16.5
2090,ind,12.5
2090,idn,13.4
2090,irn,14.1
2090,irq,14.3
2090,irl,16.4
2090,isr,13.4
2090,ita,14.7
2090,jam,12.3
2090,jpn,15.4
2090,jor,14.7
2090,kaz,13.3
2090,ken,13.0
2090,kor,15.5
2090,kwt,13.1
2090,kgz,12.2
2090,lao,10.1
2090,lva,14.6
2090,lbn,14.6
2090,lso,12.1
2090,lbr,9.0
2090,ltu,15.1
2090,lux,15.3
2090,mac,15.0
2090,mkd,14.1
2090,mdg,7.9
2090,mwi,11.3
2090,mys,15.6
2090,mdv,12.3
2090,mli,8.6
2090,mlt,15.7
2090,mus,12.1
2090,mex,13.6
2090,mda,12.2
2090,mng,12.0
2090,mne,13.5
2090,mar,12.9
2090,moz,9.8
2090,mmr,11.7
2090,nam,12.9
2090,npl,12.6
2090,nld,14.4
2090,ncl,14.7
2090,nzl,15.6
2090,nic,11.8
2090,ner,8.5
2090,nga,14.1
2090,nor,15.8
2090,pak,11.5
2090,pan,14.2
2090,pry,13.1
2090,per,13.4
2090,phl,12.7
2090,pol,14.0
2090,prt,13.6
2090,pri,15.0
2090,qat,12.9
2090,rou,13.2
2090,rus,12.7
2090,rwa,10.1
2090,wsm,13.3
2090,stp,9.3
2090,sau,15.2
2090,sen,10.6
2090,srb,13.4
2090,sle,10.1
2090,sgp,12.8
2090,svk,14.5
2090,svn,14.9
2090,som,10.9
2090,zaf,12.4
2090,esp,14.6
2090,lca,13.5
2090,vct,12.9
2090,sdn,11.3
2090,sur,13.0
2090,swz,13.7
2090,swe,15.0
2090,che,15.3
2090,syr,12.3
2090,tjk,12.2
2090,tza,10.7
2090,tha,14.1
2090,tls,13.2
2090,ton,13.2
2090,tto,12.5
2090,tun,15.5
2090,tur,13.2
2090,tkm,11.1
2090,uga,11.4
2090,ukr,12.6
2090,are,13.2
2090,gbr,15.1
2090,usa,14.5
2090,ury,12.5
2090,vut,11.8
2090,ven,13.0
2090,vnm,11.6
2090,pse,14.7
2090,zmb,11.8
2090,zwe,14.1
2095,wld,12.9
2095,alb,12.9
2095,dza,14.0
2095,arg,13.8
2095,arm,11.7
2095,abw,13.5
2095,aus,15.8
2095,aut,14.8
2095,aze,12.1
2095,bhs,12.4
2095,bhr,13.9
2095,bgd,11.8
2095,blr,13.0
2095,bel,15.1
2095,blz,12.0
2095,ben,10.5
2095,btn,13.5
2095,bol,13.7
2095,bih,14.2
2095,bra,12.3
2095,bgr,14.1
2095,bfa,10.1
2095,bdi,10.3
2095,cpv,10.7
2095,khm,10.7
2095,cmr,12.8
2095,can,15.4
2095,caf,11.5
2095,tcd,9.5
2095,chl,14.2
2095,chn,12.5
2095,col,13.3
2095,com,13.2
2095,cod,12.0
2095,cog,12.7
2095,cri,12.5
2095,civ,12.7
2095,hrv,13.6
2095,cub,13.6
2095,cyp,15.2
2095,cze,14.6
2095,dnk,14.4
2095,dom,14.0
2095,ecu,14.6
2095,egy,14.1
2095,slv,13.6
2095,gnq,12.9
2095,est,14.5
2095,eth,10.8
2095,fin,14.5
2095,fra,15.1
2095,pyf,14.1
2095,gab,11.8
2095,gmb,11.9
2095,geo,15.2
2095,deu,15.8
2095,gha,12.3
2095,grc,14.7
2095,gtm,11.1
2095,gin,11.4
2095,gnb,10.5
2095,guy,12.0
2095,hti,13.8
2095,hnd,11.3
2095,hkg,16.2
2095,hun,13.6
2095,isl,16.6
2095,ind,12.8
2095,idn,13.6
2095,irn,14.3
2095,irq,14.5
2095,irl,16.4
2095,isr,13.5
2095,ita,14.8
2095,jam,12.5
2095,jpn,15.4
2095,jor,14.8
2095,kaz,13.4
2095,ken,13.1
2095,kor,15.5
2095,kwt,13.2
2095,kgz,12.3
2095,lao,10.3
2095,lva,14.7
2095,lbn,14.7
2095,lso,12.3
2095,lbr,9.5
2095,ltu,15.1
2095,lux,15.4
2095,mac,15.0
2095,mkd,14.2
2095,mdg,8.3
2095,mwi,11.5
2095,mys,15.7
2095,mdv,12.5
2095,mli,9.2
2095,mlt,15.8
2095,mus,12.4
2095,mex,13.8
2095,mda,12.3
2095,mng,12.1
2095,mne,13.6
2095,mar,13.2
2095,moz,10.2
2095,mmr,12.0
2095,nam,13.0
2095,npl,12.8
2095,nld,14.5
2095,ncl,14.7
2095,nzl,15.7
2095,nic,12.1
2095,ner,9.0
2095,nga,14.3
2095,nor,15.9
2095,pak,11.8
2095,pan,14.3
2095,pry,13.3
2095,per,13.5
2095,phl,12.8
2095,pol,14.1
2095,prt,13.7
2095,pri,15.1
2095,qat,13.0
2095,rou,13.3
2095,rus,12.8
2095,rwa,10.4
2095,wsm,13.5
2095,stp,9.5
2095,sau,15.2
2095,sen,11.0
2095,srb,13.5
2095,sle,10.5
2095,sgp,12.8
2095,svk,14.6
2095,svn,14.9
2095,som,11.3
2095,zaf,12.5
2095,esp,14.7
2095,lca,13.7
2095,vct,13.0
2095,sdn,11.6
2095,sur,13.2
2095,swz,13.9
2095,swe,15.0
2095,che,15.4
2095,syr,12.7
2095,tjk,12.2
2095,tza,10.9
2095,tha,14.3
2095,tls,13.3
2095,ton,13.4
2095,tto,12.6
2095,tun,15.6
2095,tur,13.4
2095,tkm,11.2
2095,uga,11.7
2095,ukr,12.7
2095,are,13.3
2095,gbr,15.3
2095,usa,14.6
2095,ury,12.7
2095,vut,12.0
2095,ven,13.1
2095,vnm,11.8
2095,pse,14.8
2095,zmb,12.0
2095,zwe,14.2
2100,wld,13.1
2100,alb,13.0
2100,dza,14.1
2100,arg,13.9
2100,arm,11.8
2100,abw,13.6
2100,aus,15.9
2100,aut,14.9
2100,aze,12.2
2100,bhs,12.6
2100,bhr,14.0
2100,bgd,12.1
2100,blr,13.1
2100,bel,15.2
2100,blz,12.3
2100,ben,10.9
2100,btn,13.7
2100,bol,13.9
2100,bih,14.3
2100,bra,12.5
2100,bgr,14.2
2100,bfa,10.6
2100,bdi,10.7
2100,cpv,11.0
2100,khm,11.0
2100,cmr,13.0
2100,can,15.4
2100,caf,11.8
2100,tcd,10.0
2100,chl,14.3
2100,chn,12.7
2100,col,13.4
2100,com,13.5
2100,cod,12.2
2100,cog,13.0
2100,cri,12.7
2100,civ,13.1
2100,hrv,13.7
2100,cub,13.7
2100,cyp,15.2
2100,cze,14.7
2100,dnk,14.5
2100,dom,14.1
2100,ecu,14.7
2100,egy,14.2
2100,slv,13.8
2100,gnq,13.1
2100,est,14.6
2100,eth,11.2
2100,fin,14.6
2100,fra,15.1
2100,pyf,14.2
2100,gab,12.1
2100,gmb,12.1
2100,geo,15.2
2100,deu,15.8
2100,gha,12.6
2100,grc,14.8
2100,gtm,11.3
2100,gin,11.8
2100,gnb,10.7
2100,guy,12.1
2100,hti,14.0
2100,hnd,11.5
2100,hkg,16.3
2100,hun,13.7
2100,isl,16.7
2100,ind,13.0
2100,idn,13.7
2100,irn,14.4
2100,irq,14.6
2100,irl,16.4
2100,isr,13.6
2100,ita,14.9
2100,jam,12.6
2100,jpn,15.5
2100,jor,14.8
2100,kaz,13.4
2100,ken,13.2
2100,kor,15.5
2100,kwt,13.4
2100,kgz,12.3
2100,lao,10.5
2100,lva,14.7
2100,lbn,14.8
2100,lso,12.5
2100,lbr,9.9
2100,ltu,15.2
2100,lux,15.5
2100,mac,15.1
2100,mkd,14.3
2100,mdg,8.6
2100,mwi,11.7
2100,mys,15.8
2100,mdv,12.7
2100,mli,9.7
2100,mlt,15.9
2100,mus,12.7
2100,mex,14.0
2100,mda,12.4
2100,mng,12.2
2100,mne,13.6
2100,mar,13.4
2100,moz,10.6
2100,mmr,12.2
2100,nam,13.2
2100,npl,13.0
2100,nld,14.6
2100,ncl,14.8
2100,nzl,15.8
2100,nic,12.3
2100,ner,9.6
2100,nga,14.4
2100,nor,15.9
2100,pak,12.2
2100,pan,14.4
2100,pry,13.5
2100,per,13.6
2100,phl,12.8
2100,pol,14.2
2100,prt,13.9
2100,pri,15.1
2100,qat,13.1
2100,rou,13.3
2100,rus,12.8
2100,rwa,10.8
2100,wsm,13.8
2100,stp,9.7
2100,sau,15.3
2100,sen,11.4
2100,srb,13.6
2100,sle,10.9
2100,sgp,12.8
2100,svk,14.6
2100,svn,15.0
2100,som,11.6
2100,zaf,12.6
2100,esp,14.7
2100,lca,13.8
2100,vct,13.2
2100,sdn,11.9
2100,sur,13.3
2100,swz,14.0
2100,swe,15.1
2100,che,15.5
2100,syr,13.0
2100,tjk,12.3
2100,tza,11.2
2100,tha,14.4
2100,tls,13.5
2100,ton,13.5
2100,tto,12.7
2100,tun,15.7
2100,tur,13.5
2100,tkm,11.3
2100,uga,12.0
2100,ukr,12.8
2100,are,13.4
2100,gbr,15.4
2100,usa,14.6
2100,ury,12.9
2100,vut,12.3
2100,ven,13.2
2100,vnm,12.0
2100,pse,14.9
2100,zmb,12.2
2100,zwe,14.3
