year,country,prj_pop_all_1_fe
2010,wld,455183.38
2010,abw,10.44
2010,alb,101.89
2010,are,132.53
2010,arg,4140.2
2010,arm,45.84
2010,aus,1100.66
2010,aut,166.48
2010,aze,287.54
2010,bdi,500.69
2010,bel,579.89
2010,ben,368.2
2010,bfa,291.66
2010,bgd,10822.68
2010,bgr,218.2
2010,bhr,29.04
2010,bhs,19.82
2010,bih,210.54
2010,blr,392.53
2010,blz,33.54
2010,bol,552.8
2010,bra,15045.08
2010,btn,8.76
2010,caf,344.32
2010,can,693.88
2010,che,134.73
2010,chl,1063.4
2010,chn,135721.13
2010,civ,845.32
2010,cmr,2121.14
2010,cog,516.51
2010,col,4466.59
2010,com,59.86
2010,cpv,33.01
2010,cri,651.9
2010,cub,618.01
2010,cyp,65.21
2010,cze,8.15
2010,deu,1724.66
2010,dnk,7.94
2010,dom,340.5
2010,dza,1302.88
2010,ecu,1304.5
2010,egy,933.78
2010,esp,3725.13
2010,est,39.49
2010,eth,3170.24
2010,fin,35.73
2010,fra,6970.97
2010,gab,196.8
2010,gbr,7103.8
2010,geo,84.08
2010,gha,887.59
2010,gin,241.42
2010,gmb,59.14
2010,gnb,55.17
2010,gnq,59.65
2010,grc,1284.35
2010,gtm,837.58
2010,guy,41.05
2010,hkg,485.89
2010,hnd,824.73
2010,hrv,186.89
2010,hti,593.71
2010,hun,297.97
2010,idn,29758.04
2010,ind,57931.42
2010,irl,228.14
2010,irn,4918.33
2010,irq,2700.32
2010,isl,47.29
2010,isr,357.65
2010,ita,5581.73
2010,jam,123.12
2010,jor,248.76
2010,jpn,7128.13
2010,kaz,238.98
2010,ken,2236.85
2010,kgz,64.41
2010,khm,1240.52
2010,kor,2677.89
2010,kwt,35.36
2010,lao,449.36
2010,lbn,315.96
2010,lbr,60.68
2010,lca,24.96
2010,lso,281.01
2010,ltu,155.8
2010,lux,43.69
2010,lva,49.58
2010,mac,42.61
2010,mar,1549.61
2010,mda,141.24
2010,mdg,1349.58
2010,mdv,30.42
2010,mex,8845.37
2010,mkd,74.31
2010,mli,220.66
2010,mlt,43.07
2010,mmr,7569.94
2010,mne,24.48
2010,mng,109.17
2010,moz,252.41
2010,mus,181.49
2010,mwi,633.53
2010,mys,1024.34
2010,nam,90.79
2010,ncl,10.76
2010,ner,259.14
2010,nga,8699.79
2010,nic,435.13
2010,nld,802.84
2010,nor,36.28
2010,npl,1051.98
2010,nzl,132.65
2010,pak,5182.11
2010,pan,285.42
2010,per,1117.47
2010,phl,7017.19
2010,pol,30.56
2010,pri,147.77
2010,prt,428.96
2010,pry,632.67
2010,pyf,11.43
2010,qat,33.54
2010,rom,1045.82
2010,rus,2713.62
2010,rwa,803.94
2010,sau,999.37
2010,sdn,925.38
2010,sen,706.28
2010,sgp,136.01
2010,sle,137.17
2010,slv,376.23
2010,som,448.55
2010,srb,486.75
2010,stp,14.01
2010,sur,48.38
2010,svk,4.72
2010,svn,9.03
2010,swe,427.9
2010,swz,116.13
2010,syr,1147.23
2010,tcd,206.29
2010,tha,5058.67
2010,tjk,214.09
2010,tkm,42.93
2010,tmp,52.62
2010,ton,6.15
2010,tto,130.07
2010,tun,922.76
2010,tur,12301.84
2010,tza,6830.62
2010,uga,2239.59
2010,ukr,1111.73
2010,ury,461.95
2010,usa,4981.35
2010,vct,16.71
2010,ven,2529.66
2010,vnm,9001.91
2010,vut,22.01
2010,wbg,208.45
2010,wsm,20.87
2010,zaf,2082.63
2010,zar,2766.46
2010,zmb,913.47
2010,zwe,815.28
2015,wld,471834.51
2015,abw,10.52
2015,alb,89.29
2015,are,150.71
2015,arg,4083.95
2015,arm,33.72
2015,aus,967.25
2015,aut,133.48
2015,aze,233.44
2015,bdi,696.29
2015,bel,478.87
2015,ben,503.91
2015,bfa,408.33
2015,bgd,12357.65
2015,bgr,164.25
2015,bhr,31.32
2015,bhs,19.65
2015,bih,193.76
2015,blr,263.23
2015,blz,38.73
2015,bol,544.49
2015,bra,14652.58
2015,btn,10.36
2015,caf,459.84
2015,can,562.31
2015,che,121.56
2015,chl,1055.79
2015,chn,132708.3
2015,civ,1132.37
2015,cmr,2587.92
2015,cog,635.3
2015,col,4598.5
2015,com,77.46
2015,cpv,37.66
2015,cri,719.79
2015,cub,560.31
2015,cyp,59.17
2015,cze,6.77
2015,deu,1572.99
2015,dnk,8.42
2015,dom,353.6
2015,dza,1329.31
2015,ecu,1363.7
2015,egy,1143.17
2015,esp,3423.06
2015,est,27.02
2015,eth,4713.23
2015,fin,30.16
2015,fra,6045.51
2015,gab,232.78
2015,gbr,6291.41
2015,geo,62.45
2015,gha,963.45
2015,gin,273.69
2015,gmb,77.53
2015,gnb,69.89
2015,gnq,68.82
2015,grc,1177.49
2015,gtm,1019.45
2015,guy,40.46
2015,hkg,471.57
2015,hnd,997.84
2015,hrv,146.65
2015,hti,697.22
2015,hun,198.11
2015,idn,30267.08
2015,ind,65597.89
2015,irl,198.12
2015,irn,5195.52
2015,irq,3204.4
2015,isl,45.88
2015,isr,370.76
2015,ita,4843.44
2015,jam,116.5
2015,jor,271.5
2015,jpn,5917.59
2015,kaz,175.59
2015,ken,2461.9
2015,kgz,47.98
2015,khm,1507.69
2015,kor,2447.36
2015,kwt,42.61
2015,lao,535.51
2015,lbn,314.89
2015,lbr,94.21
2015,lca,25.74
2015,lso,304.0
2015,ltu,107.21
2015,lux,40.03
2015,lva,33.29
2015,mac,44.53
2015,mar,1760.26
2015,mda,99.9
2015,mdg,1706.39
2015,mdv,37.8
2015,mex,8979.79
2015,mkd,70.8
2015,mli,297.74
2015,mlt,38.38
2015,mmr,7968.57
2015,mne,20.8
2015,mng,95.15
2015,moz,371.13
2015,mus,196.6
2015,mwi,795.57
2015,mys,1017.0
2015,nam,100.92
2015,ncl,10.03
2015,ner,379.11
2015,nga,10072.58
2015,nic,505.53
2015,nld,691.76
2015,nor,31.85
2015,npl,1406.61
2015,nzl,117.77
2015,pak,6588.11
2015,pan,288.4
2015,per,1169.53
2015,phl,7098.89
2015,pol,25.21
2015,pri,128.48
2015,prt,555.73
2015,pry,740.82
2015,pyf,10.79
2015,qat,40.58
2015,rom,833.76
2015,rus,1744.93
2015,rwa,1062.0
2015,sau,1022.02
2015,sdn,1421.13
2015,sen,894.59
2015,sgp,133.57
2015,sle,181.23
2015,slv,390.96
2015,som,592.34
2015,srb,375.0
2015,stp,16.85
2015,sur,49.03
2015,svk,3.86
2015,svn,6.83
2015,swe,321.7
2015,swz,123.63
2015,syr,1367.14
2015,tcd,291.16
2015,tha,5427.77
2015,tjk,173.51
2015,tkm,31.76
2015,tmp,64.44
2015,ton,6.34
2015,tto,124.03
2015,tun,844.34
2015,tur,13611.5
2015,tza,8502.13
2015,uga,3019.82
2015,ukr,655.23
2015,ury,459.62
2015,usa,4438.36
2015,vct,16.39
2015,ven,2637.29
2015,vnm,9121.9
2015,vut,26.49
2015,wbg,220.95
2015,wsm,19.92
2015,zaf,2073.27
2015,zar,3478.16
2015,zmb,1143.52
2015,zwe,752.87
2020,wld,488782.75
2020,abw,10.42
2020,alb,75.38
2020,are,169.64
2020,arg,3981.19
2020,arm,24.94
2020,aus,852.52
2020,aut,120.81
2020,aze,181.09
2020,bdi,914.39
2020,bel,385.7
2020,ben,663.4
2020,bfa,571.8
2020,bgd,13999.27
2020,bgr,124.73
2020,bhr,32.38
2020,bhs,19.11
2020,bih,176.65
2020,blr,165.47
2020,blz,43.37
2020,bol,584.83
2020,bra,14845.35
2020,btn,11.89
2020,caf,589.28
2020,can,452.08
2020,che,108.49
2020,chl,1037.89
2020,chn,129903.85
2020,civ,1474.8
2020,cmr,3090.94
2020,cog,759.89
2020,col,4657.75
2020,com,98.72
2020,cpv,42.72
2020,cri,768.36
2020,cub,503.76
2020,cyp,52.59
2020,cze,5.72
2020,deu,1381.5
2020,dnk,8.14
2020,dom,361.5
2020,dza,1344.36
2020,ecu,1407.03
2020,egy,1192.43
2020,esp,3100.37
2020,est,19.03
2020,eth,6399.11
2020,fin,27.21
2020,fra,5235.43
2020,gab,265.43
2020,gbr,5540.04
2020,geo,46.94
2020,gha,1135.34
2020,gin,362.35
2020,gmb,98.84
2020,gnb,87.32
2020,gnq,73.96
2020,grc,1061.04
2020,gtm,1228.02
2020,guy,36.94
2020,hkg,447.94
2020,hnd,1141.98
2020,hrv,109.6
2020,hti,787.42
2020,hun,128.49
2020,idn,30299.69
2020,ind,72357.1
2020,irl,169.37
2020,irn,5351.55
2020,irq,3726.36
2020,isl,44.61
2020,isr,381.08
2020,ita,4088.57
2020,jam,108.42
2020,jor,280.72
2020,jpn,4753.2
2020,kaz,135.87
2020,ken,2698.4
2020,kgz,34.95
2020,khm,1718.61
2020,kor,2154.35
2020,kwt,50.74
2020,lao,636.83
2020,lbn,306.68
2020,lbr,135.9
2020,lca,25.13
2020,lso,323.57
2020,ltu,71.88
2020,lux,36.06
2020,lva,22.53
2020,mac,44.5
2020,mar,1986.5
2020,mda,68.19
2020,mdg,2187.56
2020,mdv,40.36
2020,mex,9210.76
2020,mkd,64.81
2020,mli,419.94
2020,mlt,33.32
2020,mmr,8264.65
2020,mne,17.22
2020,mng,83.5
2020,moz,514.87
2020,mus,210.4
2020,mwi,980.28
2020,mys,991.91
2020,nam,108.91
2020,ncl,9.18
2020,ner,570.44
2020,nga,11290.02
2020,nic,545.75
2020,nld,594.59
2020,nor,27.75
2020,npl,1652.55
2020,nzl,104.29
2020,pak,7630.22
2020,pan,296.11
2020,per,1201.55
2020,phl,7108.25
2020,pol,20.9
2020,pri,111.14
2020,prt,572.0
2020,pry,805.13
2020,pyf,10.01
2020,qat,45.86
2020,rom,645.0
2020,rus,1108.01
2020,rwa,1359.35
2020,sau,1048.14
2020,sdn,1914.12
2020,sen,1169.74
2020,sgp,128.14
2020,sle,242.34
2020,slv,388.87
2020,som,770.9
2020,srb,272.77
2020,stp,20.31
2020,sur,49.39
2020,svk,3.22
2020,svn,5.09
2020,swe,254.74
2020,swz,126.96
2020,syr,1676.83
2020,tcd,405.46
2020,tha,5704.38
2020,tjk,156.21
2020,tkm,24.82
2020,tmp,69.87
2020,ton,5.75
2020,tto,117.26
2020,tun,831.23
2020,tur,14107.4
2020,tza,10429.53
2020,uga,3990.25
2020,ukr,348.79
2020,ury,453.68
2020,usa,4029.17
2020,vct,15.86
2020,ven,2746.96
2020,vnm,9532.87
2020,vut,30.96
2020,wbg,230.32
2020,wsm,19.22
2020,zaf,2012.54
2020,zar,4242.12
2020,zmb,1388.66
2020,zwe,700.09
2025,wld,500416.68
2025,abw,10.08
2025,alb,60.47
2025,are,194.12
2025,arg,3856.32
2025,arm,18.44
2025,aus,747.01
2025,aut,108.88
2025,aze,154.78
2025,bdi,1170.91
2025,bel,304.64
2025,ben,852.44
2025,bfa,784.98
2025,bgd,15319.9
2025,bgr,98.82
2025,bhr,34.28
2025,bhs,18.68
2025,bih,157.08
2025,blr,98.75
2025,blz,47.98
2025,bol,612.73
2025,bra,14724.58
2025,btn,13.19
2025,caf,723.27
2025,can,363.51
2025,che,99.61
2025,chl,1008.35
2025,chn,122839.06
2025,civ,1839.19
2025,cmr,3600.33
2025,cog,886.31
2025,col,4658.75
2025,com,122.07
2025,cpv,47.17
2025,cri,804.69
2025,cub,447.34
2025,cyp,45.41
2025,cze,4.89
2025,deu,1250.6
2025,dnk,7.71
2025,dom,364.97
2025,dza,1343.76
2025,ecu,1429.9
2025,egy,1226.44
2025,esp,2773.8
2025,est,14.53
2025,eth,8149.29
2025,fin,25.96
2025,fra,4486.62
2025,gab,295.58
2025,gbr,4868.38
2025,geo,35.86
2025,gha,1315.83
2025,gin,469.8
2025,gmb,122.03
2025,gnb,106.49
2025,gnq,78.84
2025,grc,938.8
2025,gtm,1446.75
2025,guy,31.69
2025,hkg,425.26
2025,hnd,1281.04
2025,hrv,77.89
2025,hti,865.44
2025,hun,84.32
2025,idn,29851.2
2025,ind,78331.64
2025,irl,142.96
2025,irn,5465.18
2025,irq,4223.85
2025,isl,44.1
2025,isr,390.29
2025,ita,3346.93
2025,jam,100.27
2025,jor,285.97
2025,jpn,3683.8
2025,kaz,118.27
2025,ken,2896.2
2025,kgz,28.15
2025,khm,1934.49
2025,kor,1857.77
2025,kwt,58.61
2025,lao,714.46
2025,lbn,297.08
2025,lbr,193.91
2025,lca,24.46
2025,lso,338.28
2025,ltu,51.6
2025,lux,32.52
2025,lva,15.49
2025,mac,44.24
2025,mar,2196.99
2025,mda,45.9
2025,mdg,2707.47
2025,mdv,42.79
2025,mex,9271.1
2025,mkd,57.88
2025,mli,579.42
2025,mlt,28.19
2025,mmr,8375.31
2025,mne,13.77
2025,mng,81.43
2025,moz,680.45
2025,mus,219.43
2025,mwi,1199.54
2025,mys,943.38
2025,nam,114.67
2025,ncl,8.24
2025,ner,850.22
2025,nga,12237.06
2025,nic,583.4
2025,nld,504.05
2025,nor,25.63
2025,npl,1839.52
2025,nzl,91.9
2025,pak,8748.61
2025,pan,299.73
2025,per,1212.28
2025,phl,6949.53
2025,pol,17.42
2025,pri,95.6
2025,prt,582.19
2025,pry,859.1
2025,pyf,9.12
2025,qat,52.14
2025,rom,484.65
2025,rus,708.83
2025,rwa,1724.46
2025,sau,1061.12
2025,sdn,2491.37
2025,sen,1493.8
2025,sgp,120.42
2025,sle,315.85
2025,slv,386.51
2025,som,984.51
2025,srb,191.51
2025,stp,23.54
2025,sur,49.06
2025,svk,2.71
2025,svn,3.84
2025,swe,206.52
2025,swz,127.48
2025,syr,1971.79
2025,tcd,547.04
2025,tha,5882.26
2025,tjk,142.86
2025,tkm,19.52
2025,tmp,77.73
2025,ton,5.19
2025,tto,109.88
2025,tun,810.94
2025,tur,14422.65
2025,tza,12625.2
2025,uga,5154.65
2025,ukr,165.3
2025,ury,445.91
2025,usa,3695.28
2025,vct,15.28
2025,ven,2826.97
2025,vnm,10141.16
2025,vut,35.5
2025,wbg,234.59
2025,wsm,18.09
2025,zaf,1924.95
2025,zar,4997.3
2025,zmb,1657.85
2025,zwe,648.03
2030,wld,507589.7
2030,abw,9.65
2030,alb,46.4
2030,are,221.03
2030,arg,3707.42
2030,arm,13.25
2030,aus,648.91
2030,aut,98.47
2030,aze,146.52
2030,bdi,1470.82
2030,bel,236.58
2030,ben,1051.8
2030,bfa,1041.63
2030,bgd,16535.89
2030,bgr,79.44
2030,bhr,36.46
2030,bhs,18.1
2030,bih,136.31
2030,blr,57.42
2030,blz,52.42
2030,bol,627.63
2030,bra,14444.88
2030,btn,14.84
2030,caf,859.64
2030,can,290.33
2030,che,91.11
2030,chl,967.97
2030,chn,113758.48
2030,civ,2196.1
2030,cmr,4038.64
2030,cog,999.04
2030,col,4585.04
2030,com,143.24
2030,cpv,51.29
2030,cri,833.28
2030,cub,392.72
2030,cyp,37.86
2030,cze,4.22
2030,deu,1126.21
2030,dnk,7.18
2030,dom,363.63
2030,dza,1324.73
2030,ecu,1432.23
2030,egy,1239.39
2030,esp,2433.72
2030,est,10.4
2030,eth,10263.43
2030,fin,23.95
2030,fra,3813.83
2030,gab,319.61
2030,gbr,4251.05
2030,geo,27.71
2030,gha,1484.85
2030,gin,581.9
2030,gmb,145.41
2030,gnb,125.18
2030,gnq,82.12
2030,grc,810.21
2030,gtm,1656.4
2030,guy,28.71
2030,hkg,399.44
2030,hnd,1403.72
2030,hrv,52.81
2030,hti,918.89
2030,hun,58.32
2030,idn,28928.01
2030,ind,83186.59
2030,irl,117.42
2030,irn,5540.7
2030,irq,4584.79
2030,isl,42.91
2030,isr,398.44
2030,ita,2640.45
2030,jam,92.23
2030,jor,283.87
2030,jpn,2721.23
2030,kaz,92.34
2030,ken,2982.85
2030,kgz,22.06
2030,khm,2146.55
2030,kor,1525.48
2030,kwt,64.53
2030,lao,784.47
2030,lbn,284.29
2030,lbr,264.08
2030,lca,23.54
2030,lso,347.24
2030,ltu,39.94
2030,lux,29.16
2030,lva,10.18
2030,mac,43.31
2030,mar,2370.26
2030,mda,30.59
2030,mdg,3350.43
2030,mdv,45.53
2030,mex,9222.42
2030,mkd,50.35
2030,mli,776.02
2030,mlt,23.03
2030,mmr,8335.79
2030,mne,10.6
2030,mng,74.83
2030,moz,859.86
2030,mus,225.48
2030,mwi,1429.26
2030,mys,870.68
2030,nam,117.74
2030,ncl,7.22
2030,ner,1228.84
2030,nga,12906.24
2030,nic,611.66
2030,nld,427.21
2030,nor,22.81
2030,npl,2014.3
2030,nzl,80.08
2030,pak,9881.55
2030,pan,298.34
2030,per,1201.53
2030,phl,6708.95
2030,pol,14.61
2030,pri,80.65
2030,prt,584.82
2030,pry,899.99
2030,pyf,8.17
2030,qat,59.4
2030,rom,355.48
2030,rus,470.68
2030,rwa,2136.53
2030,sau,1037.72
2030,sdn,3110.98
2030,sen,1842.78
2030,sgp,110.33
2030,sle,394.9
2030,slv,380.97
2030,som,1198.94
2030,srb,133.64
2030,stp,26.74
2030,sur,48.34
2030,svk,2.31
2030,svn,2.99
2030,swe,166.55
2030,swz,125.31
2030,syr,2232.26
2030,tcd,719.89
2030,tha,5974.39
2030,tjk,130.84
2030,tkm,15.91
2030,tmp,82.93
2030,ton,4.56
2030,tto,101.55
2030,tun,780.11
2030,tur,14443.29
2030,tza,14897.36
2030,uga,6485.42
2030,ukr,68.31
2030,ury,435.58
2030,usa,3354.93
2030,vct,14.64
2030,ven,2869.57
2030,vnm,10428.4
2030,vut,39.53
2030,wbg,234.52
2030,wsm,16.73
2030,zaf,1815.26
2030,zar,5751.01
2030,zmb,1940.83
2030,zwe,585.73
2035,wld,510365.84
2035,abw,9.19
2035,alb,34.73
2035,are,249.29
2035,arg,3536.57
2035,arm,10.06
2035,aus,555.01
2035,aut,88.97
2035,aze,133.64
2035,bdi,1788.75
2035,bel,181.22
2035,ben,1261.23
2035,bfa,1341.71
2035,bgd,17580.83
2035,bgr,65.67
2035,bhr,37.97
2035,bhs,17.55
2035,bih,114.5
2035,blr,33.3
2035,blz,56.72
2035,bol,631.8
2035,bra,14028.26
2035,btn,16.05
2035,caf,991.11
2035,can,229.45
2035,che,83.33
2035,chl,917.61
2035,chn,102932.6
2035,civ,2521.49
2035,cmr,4388.43
2035,cog,1095.53
2035,col,4456.61
2035,com,160.54
2035,cpv,54.96
2035,cri,850.98
2035,cub,341.27
2035,cyp,30.26
2035,cze,3.64
2035,deu,1039.89
2035,dnk,6.52
2035,dom,358.4
2035,dza,1282.49
2035,ecu,1417.51
2035,egy,1230.66
2035,esp,2112.88
2035,est,8.26
2035,eth,12584.93
2035,fin,22.85
2035,fra,3209.71
2035,gab,338.65
2035,gbr,3688.32
2035,geo,21.67
2035,gha,1638.32
2035,gin,691.86
2035,gmb,167.08
2035,gnb,142.06
2035,gnq,83.98
2035,grc,681.73
2035,gtm,1849.35
2035,guy,25.99
2035,hkg,362.27
2035,hnd,1510.85
2035,hrv,34.83
2035,hti,956.15
2035,hun,43.59
2035,idn,27586.99
2035,ind,86780.93
2035,irl,94.39
2035,irn,5531.57
2035,irq,4832.43
2035,isl,41.98
2035,isr,404.02
2035,ita,2006.23
2035,jam,84.45
2035,jor,281.8
2035,jpn,1906.28
2035,kaz,73.87
2035,ken,3001.32
2035,kgz,17.48
2035,khm,2336.24
2035,kor,1189.11
2035,kwt,70.43
2035,lao,845.98
2035,lbn,268.48
2035,lbr,349.24
2035,lca,22.45
2035,lso,352.21
2035,ltu,30.86
2035,lux,26.51
2035,lva,7.31
2035,mac,41.56
2035,mar,2507.98
2035,mda,20.84
2035,mdg,4048.48
2035,mdv,47.89
2035,mex,9061.61
2035,mkd,42.6
2035,mli,1008.38
2035,mlt,17.89
2035,mmr,8178.9
2035,mne,7.87
2035,mng,67.76
2035,moz,1051.65
2035,mus,229.94
2035,mwi,1664.9
2035,mys,775.28
2035,nam,118.44
2035,ncl,6.16
2035,ner,1721.84
2035,nga,13332.4
2035,nic,631.44
2035,nld,364.74
2035,nor,21.7
2035,npl,2155.93
2035,nzl,68.81
2035,pak,10953.39
2035,pan,293.08
2035,per,1173.15
2035,phl,6394.01
2035,pol,12.28
2035,pri,66.75
2035,prt,581.58
2035,pry,929.54
2035,pyf,7.2
2035,qat,66.96
2035,rom,264.14
2035,rus,321.81
2035,rwa,2563.89
2035,sau,1008.74
2035,sdn,3743.19
2035,sen,2199.8
2035,sgp,97.91
2035,sle,479.24
2035,slv,372.55
2035,som,1398.78
2035,srb,94.1
2035,stp,29.5
2035,sur,47.3
2035,svk,1.97
2035,svn,2.41
2035,swe,135.9
2035,swz,120.39
2035,syr,2477.35
2035,tcd,922.89
2035,tha,5982.6
2035,tjk,120.55
2035,tkm,13.13
2035,tmp,87.04
2035,ton,3.94
2035,tto,92.46
2035,tun,736.67
2035,tur,14221.71
2035,tza,17202.18
2035,uga,7947.96
2035,ukr,24.75
2035,ury,423.44
2035,usa,3107.41
2035,vct,13.89
2035,ven,2876.44
2035,vnm,10587.8
2035,vut,43.05
2035,wbg,230.55
2035,wsm,15.34
2035,zaf,1689.89
2035,zar,6462.45
2035,zmb,2216.66
2035,zwe,523.5
2040,wld,508244.14
2040,abw,8.65
2040,alb,26.22
2040,are,277.75
2040,arg,3345.79
2040,arm,7.96
2040,aus,465.0
2040,aut,79.77
2040,aze,115.18
2040,bdi,2097.34
2040,bel,137.28
2040,ben,1468.91
2040,bfa,1683.92
2040,bgd,18416.18
2040,bgr,55.06
2040,bhr,39.1
2040,bhs,16.97
2040,bih,93.03
2040,blr,20.63
2040,blz,60.51
2040,bol,625.21
2040,bra,13479.58
2040,btn,16.85
2040,caf,1108.95
2040,can,178.78
2040,che,75.81
2040,chl,857.63
2040,chn,90872.86
2040,civ,2797.72
2040,cmr,4638.85
2040,cog,1172.33
2040,col,4266.58
2040,com,174.53
2040,cpv,57.95
2040,cri,857.44
2040,cub,293.19
2040,cyp,23.06
2040,cze,3.1
2040,deu,951.56
2040,dnk,5.75
2040,dom,349.58
2040,dza,1216.35
2040,ecu,1386.86
2040,egy,1205.04
2040,esp,1804.98
2040,est,6.79
2040,eth,14923.02
2040,fin,21.48
2040,fra,2663.0
2040,gab,351.47
2040,gbr,3189.14
2040,geo,17.14
2040,gha,1767.42
2040,gin,796.57
2040,gmb,186.0
2040,gnb,156.17
2040,gnq,83.66
2040,grc,556.62
2040,gtm,2026.93
2040,guy,23.47
2040,hkg,318.43
2040,hnd,1600.0
2040,hrv,22.79
2040,hti,973.53
2040,hun,34.6
2040,idn,25882.21
2040,ind,89055.49
2040,irl,74.16
2040,irn,5423.26
2040,irq,4997.77
2040,isl,40.68
2040,isr,406.93
2040,ita,1466.43
2040,jam,77.14
2040,jor,275.29
2040,jpn,1278.72
2040,kaz,60.86
2040,ken,2964.0
2040,kgz,14.09
2040,khm,2486.78
2040,kor,871.27
2040,kwt,75.88
2040,lao,894.35
2040,lbn,249.69
2040,lbr,444.62
2040,lca,21.17
2040,lso,352.06
2040,ltu,24.69
2040,lux,24.15
2040,lva,5.54
2040,mac,38.79
2040,mar,2598.47
2040,mda,14.79
2040,mdg,4785.71
2040,mdv,49.56
2040,mex,8781.49
2040,mkd,35.11
2040,mli,1275.93
2040,mlt,12.95
2040,mmr,7890.26
2040,mne,5.69
2040,mng,60.69
2040,moz,1251.09
2040,mus,231.83
2040,mwi,1892.59
2040,mys,665.75
2040,nam,117.29
2040,ncl,5.09
2040,ner,2341.33
2040,nga,13503.87
2040,nic,643.47
2040,nld,311.48
2040,nor,20.71
2040,npl,2255.17
2040,nzl,58.52
2040,pak,11867.66
2040,pan,284.4
2040,per,1130.5
2040,phl,6016.44
2040,pol,10.24
2040,pri,54.18
2040,prt,570.88
2040,pry,945.32
2040,pyf,6.24
2040,qat,74.58
2040,rom,201.99
2040,rus,234.77
2040,rwa,2969.7
2040,sau,962.85
2040,sdn,4362.41
2040,sen,2551.73
2040,sgp,83.5
2040,sle,565.26
2040,slv,359.53
2040,som,1586.97
2040,srb,67.12
2040,stp,31.89
2040,sur,46.01
2040,svk,1.65
2040,svn,2.0
2040,swe,110.6
2040,swz,114.07
2040,syr,2704.47
2040,tcd,1153.88
2040,tha,5883.12
2040,tjk,109.78
2040,tkm,10.86
2040,tmp,89.35
2040,ton,3.41
2040,tto,82.83
2040,tun,675.9
2040,tur,13751.67
2040,tza,19462.09
2040,uga,9514.71
2040,ukr,8.61
2040,ury,409.43
2040,usa,2870.33
2040,vct,13.05
2040,ven,2849.62
2040,vnm,10590.48
2040,vut,46.08
2040,wbg,222.86
2040,wsm,14.14
2040,zaf,1560.33
2040,zar,7077.9
2040,zmb,2476.5
2040,zwe,463.11
2045,wld,501695.96
2045,abw,8.07
2045,alb,20.61
2045,are,305.37
2045,arg,3137.86
2045,arm,6.57
2045,aus,381.62
2045,aut,70.74
2045,aze,98.93
2045,bdi,2391.33
2045,bel,101.93
2045,ben,1663.32
2045,bfa,2054.3
2045,bgd,18992.2
2045,bgr,46.53
2045,bhr,39.83
2045,bhs,16.39
2045,bih,72.8
2045,blr,14.38
2045,blz,63.72
2045,bol,608.07
2045,bra,12789.48
2045,btn,17.34
2045,caf,1210.99
2045,can,136.98
2045,che,68.19
2045,chl,789.39
2045,chn,78406.74
2045,civ,3032.24
2045,cmr,4812.86
2045,cog,1231.69
2045,col,4023.18
2045,com,186.38
2045,cpv,60.14
2045,cri,852.44
2045,cub,248.73
2045,cyp,16.78
2045,cze,2.59
2045,deu,861.34
2045,dnk,4.93
2045,dom,337.58
2045,dza,1129.96
2045,ecu,1340.05
2045,egy,1166.49
2045,esp,1519.07
2045,est,5.75
2045,eth,17069.58
2045,fin,19.82
2045,fra,2168.21
2045,gab,357.35
2045,gbr,2765.16
2045,geo,13.65
2045,gha,1870.84
2045,gin,890.3
2045,gmb,201.58
2045,gnb,167.36
2045,gnq,81.9
2045,grc,441.6
2045,gtm,2184.92
2045,guy,20.84
2045,hkg,268.79
2045,hnd,1667.69
2045,hrv,14.94
2045,hti,970.8
2045,hun,28.2
2045,idn,23860.05
2045,ind,90060.59
2045,irl,57.53
2045,irn,5220.53
2045,irq,5096.94
2045,isl,39.06
2045,isr,407.48
2045,ita,1038.06
2045,jam,70.24
2045,jor,265.45
2045,jpn,830.37
2045,kaz,52.28
2045,ken,2890.85
2045,kgz,11.8
2045,khm,2596.33
2045,kor,598.34
2045,kwt,81.0
2045,lao,928.04
2045,lbn,228.41
2045,lbr,545.09
2045,lca,19.75
2045,lso,346.72
2045,ltu,19.95
2045,lux,21.98
2045,lva,4.33
2045,mac,35.04
2045,mar,2640.4
2045,mda,11.09
2045,mdg,5547.14
2045,mdv,50.51
2045,mex,8391.71
2045,mkd,28.38
2045,mli,1568.42
2045,mlt,8.52
2045,mmr,7522.2
2045,mne,4.06
2045,mng,54.51
2045,moz,1449.56
2045,mus,230.88
2045,mwi,2104.31
2045,mys,552.59
2045,nam,114.34
2045,ncl,4.08
2045,ner,3097.64
2045,nga,13428.09
2045,nic,648.1
2045,nld,265.15
2045,nor,19.41
2045,npl,2309.77
2045,nzl,49.37
2045,pak,12570.43
2045,pan,272.67
2045,per,1074.65
2045,phl,5586.61
2045,pol,8.4
2045,pri,43.17
2045,prt,552.32
2045,pry,947.98
2045,pyf,5.3
2045,qat,82.22
2045,rom,160.84
2045,rus,182.95
2045,rwa,3341.63
2045,sau,903.46
2045,sdn,4959.67
2045,sen,2885.59
2045,sgp,67.89
2045,sle,649.14
2045,slv,342.55
2045,som,1756.51
2045,srb,48.79
2045,stp,33.93
2045,sur,44.48
2045,svk,1.35
2045,svn,1.7
2045,swe,90.38
2045,swz,106.01
2045,syr,2902.27
2045,tcd,1401.08
2045,tha,5660.63
2045,tjk,98.88
2045,tkm,8.97
2045,tmp,88.99
2045,ton,2.95
2045,tto,73.25
2045,tun,598.16
2045,tur,13060.93
2045,tza,21611.19
2045,uga,11146.96
2045,ukr,3.67
2045,ury,393.51
2045,usa,2641.06
2045,vct,12.12
2045,ven,2794.03
2045,vnm,10428.94
2045,vut,48.52
2045,wbg,212.3
2045,wsm,13.08
2045,zaf,1429.94
2045,zar,7543.25
2045,zmb,2706.96
2045,zwe,407.99
2050,wld,491575.95
2050,abw,7.44
2050,alb,17.14
2050,are,331.16
2050,arg,2922.25
2050,arm,5.54
2050,aus,307.58
2050,aut,61.95
2050,aze,89.29
2050,bdi,2669.42
2050,bel,74.44
2050,ben,1843.4
2050,bfa,2436.07
2050,bgd,19317.61
2050,bgr,39.27
2050,bhr,40.23
2050,bhs,15.85
2050,bih,54.97
2050,blr,11.71
2050,blz,66.22
2050,bol,581.39
2050,bra,11968.84
2050,btn,17.6
2050,caf,1291.48
2050,can,103.59
2050,che,60.27
2050,chl,714.76
2050,chn,66326.87
2050,civ,3212.58
2050,cmr,4900.54
2050,cog,1268.42
2050,col,3738.74
2050,com,195.51
2050,cpv,61.5
2050,cri,836.54
2050,cub,207.7
2050,cyp,11.69
2050,cze,2.12
2050,deu,770.76
2050,dnk,4.07
2050,dom,322.66
2050,dza,1028.87
2050,ecu,1279.2
2050,egy,1116.94
2050,esp,1264.36
2050,est,5.3
2050,eth,18956.9
2050,fin,17.97
2050,fra,1737.76
2050,gab,357.12
2050,gbr,2417.06
2050,geo,10.86
2050,gha,1948.91
2050,gin,971.42
2050,gmb,213.56
2050,gnb,176.19
2050,gnq,79.15
2050,grc,339.86
2050,gtm,2315.5
2050,guy,18.28
2050,hkg,215.85
2050,hnd,1716.55
2050,hrv,9.89
2050,hti,949.4
2050,hun,22.92
2050,idn,21575.93
2050,ind,89887.16
2050,irl,44.76
2050,irn,4934.58
2050,irq,5110.72
2050,isl,37.39
2050,isr,406.53
2050,ita,727.93
2050,jam,63.95
2050,jor,252.29
2050,jpn,540.16
2050,kaz,48.2
2050,ken,2800.01
2050,kgz,10.43
2050,khm,2667.04
2050,kor,382.42
2050,kwt,85.7
2050,lao,944.75
2050,lbn,205.58
2050,lbr,648.38
2050,lca,18.21
2050,lso,337.91
2050,ltu,16.62
2050,lux,19.88
2050,lva,3.64
2050,mac,30.57
2050,mar,2639.84
2050,mda,8.67
2050,mdg,6304.34
2050,mdv,50.83
2050,mex,7915.87
2050,mkd,22.72
2050,mli,1875.36
2050,mlt,5.08
2050,mmr,7071.93
2050,mne,2.9
2050,mng,50.72
2050,moz,1638.78
2050,mus,227.0
2050,mwi,2287.85
2050,mys,447.44
2050,nam,110.3
2050,ncl,3.15
2050,ner,4002.55
2050,nga,13158.15
2050,nic,645.29
2050,nld,225.22
2050,nor,17.68
2050,npl,2330.7
2050,nzl,41.56
2050,pak,13080.33
2050,pan,258.08
2050,per,1005.91
2050,phl,5138.51
2050,pol,6.73
2050,pri,33.92
2050,prt,524.55
2050,pry,939.45
2050,pyf,4.43
2050,qat,90.03
2050,rom,132.24
2050,rus,156.35
2050,rwa,3684.77
2050,sau,828.25
2050,sdn,5478.66
2050,sen,3196.17
2050,sgp,52.26
2050,sle,729.15
2050,slv,323.42
2050,som,1891.19
2050,srb,36.33
2050,stp,35.53
2050,sur,42.72
2050,svk,1.08
2050,svn,1.46
2050,swe,75.99
2050,swz,97.29
2050,syr,3067.02
2050,tcd,1654.26
2050,tha,5302.72
2050,tjk,89.25
2050,tkm,7.58
2050,tmp,85.62
2050,ton,2.55
2050,tto,64.16
2050,tun,506.35
2050,tur,12188.41
2050,tza,23610.17
2050,uga,12790.4
2050,ukr,2.29
2050,ury,375.7
2050,usa,2414.27
2050,vct,11.14
2050,ven,2710.69
2050,vnm,10131.14
2050,vut,50.28
2050,wbg,199.08
2050,wsm,12.08
2050,zaf,1307.5
2050,zar,7847.06
2050,zmb,2897.74
2050,zwe,361.49
2055,wld,478250.51
2055,abw,6.81
2055,alb,14.99
2055,are,354.46
2055,arg,2703.67
2055,arm,4.66
2055,aus,245.81
2055,aut,53.87
2055,aze,83.64
2055,bdi,2923.62
2055,bel,53.61
2055,ben,2005.56
2055,bfa,2814.49
2055,bgd,19397.7
2055,bgr,32.79
2055,bhr,40.42
2055,bhs,15.41
2055,bih,40.41
2055,blr,10.83
2055,blz,68.14
2055,bol,546.84
2055,bra,11050.21
2055,btn,17.82
2055,caf,1351.2
2055,can,77.99
2055,che,52.93
2055,chl,636.57
2055,chn,55103.05
2055,civ,3322.47
2055,cmr,4889.19
2055,cog,1279.32
2055,col,3428.65
2055,com,200.3
2055,cpv,62.11
2055,cri,812.53
2055,cub,170.57
2055,cyp,7.92
2055,cze,1.7
2055,deu,686.28
2055,dnk,3.24
2055,dom,305.33
2055,dza,919.69
2055,ecu,1206.08
2055,egy,1056.13
2055,esp,1047.35
2055,est,5.28
2055,eth,20605.73
2055,fin,16.33
2055,fra,1378.14
2055,gab,351.5
2055,gbr,2136.55
2055,geo,8.59
2055,gha,1999.08
2055,gin,1034.0
2055,gmb,221.47
2055,gnb,181.51
2055,gnq,75.65
2055,grc,255.62
2055,gtm,2412.43
2055,guy,15.96
2055,hkg,165.11
2055,hnd,1745.29
2055,hrv,6.74
2055,hti,916.0
2055,hun,18.27
2055,idn,19143.2
2055,ind,88425.15
2055,irl,35.33
2055,irn,4572.63
2055,irq,5037.13
2055,isl,35.98
2055,isr,404.82
2055,ita,514.59
2055,jam,58.46
2055,jor,236.35
2055,jpn,371.58
2055,kaz,45.68
2055,ken,2665.82
2055,kgz,9.27
2055,khm,2699.24
2055,kor,230.17
2055,kwt,89.72
2055,lao,946.21
2055,lbn,182.44
2055,lbr,750.67
2055,lca,16.62
2055,lso,327.24
2055,ltu,15.51
2055,lux,17.9
2055,lva,3.32
2055,mac,25.77
2055,mar,2601.2
2055,mda,6.95
2055,mdg,7045.5
2055,mdv,50.67
2055,mex,7378.13
2055,mkd,18.21
2055,mli,2186.92
2055,mlt,2.88
2055,mmr,6574.53
2055,mne,2.11
2055,mng,48.48
2055,moz,1811.21
2055,mus,220.37
2055,mwi,2434.71
2055,mys,358.45
2055,nam,105.49
2055,ncl,2.36
2055,ner,5039.13
2055,nga,12691.55
2055,nic,635.04
2055,nld,191.02
2055,nor,15.93
2055,npl,2318.65
2055,nzl,34.96
2055,pak,13405.69
2055,pan,241.25
2055,per,926.45
2055,phl,4683.82
2055,pol,5.27
2055,pri,26.37
2055,prt,488.71
2055,pry,920.21
2055,pyf,3.66
2055,qat,97.93
2055,rom,109.85
2055,rus,143.43
2055,rwa,3989.48
2055,sau,739.15
2055,sdn,5901.07
2055,sen,3467.42
2055,sgp,37.98
2055,sle,801.26
2055,slv,302.77
2055,som,1974.49
2055,srb,27.9
2055,stp,36.68
2055,sur,40.78
2055,svk,0.83
2055,svn,1.27
2055,swe,66.51
2055,swz,89.39
2055,syr,3192.13
2055,tcd,1896.24
2055,tha,4824.06
2055,tjk,80.71
2055,tkm,6.68
2055,tmp,80.66
2055,ton,2.2
2055,tto,55.94
2055,tun,406.11
2055,tur,11179.56
2055,tza,25428.55
2055,uga,14369.75
2055,ukr,1.81
2055,ury,356.68
2055,usa,2191.34
2055,vct,10.16
2055,ven,2604.47
2055,vnm,9728.24
2055,vut,51.34
2055,wbg,183.55
2055,wsm,11.11
2055,zaf,1198.51
2055,zar,7992.86
2055,zmb,3035.79
2055,zwe,320.72
2060,wld,461969.49
2060,abw,6.21
2060,alb,13.47
2060,are,374.76
2060,arg,2485.56
2060,arm,3.92
2060,aus,195.35
2060,aut,46.61
2060,aze,76.42
2060,bdi,3141.07
2060,bel,38.38
2060,ben,2144.07
2060,bfa,3167.88
2060,bgd,19227.68
2060,bgr,26.71
2060,bhr,40.31
2060,bhs,15.03
2060,bih,29.17
2060,blr,10.27
2060,blz,69.5
2060,bol,506.38
2060,bra,10061.05
2060,btn,17.89
2060,caf,1387.98
2060,can,58.6
2060,che,46.76
2060,chl,558.68
2060,chn,45079.77
2060,civ,3357.25
2060,cmr,4778.13
2060,cog,1265.22
2060,col,3106.04
2060,com,199.91
2060,cpv,62.04
2060,cri,780.36
2060,cub,137.77
2060,cyp,5.33
2060,cze,1.34
2060,deu,613.68
2060,dnk,2.49
2060,dom,286.43
2060,dza,808.25
2060,ecu,1122.41
2060,egy,983.27
2060,esp,862.59
2060,est,5.26
2060,eth,21999.13
2060,fin,14.98
2060,fra,1088.91
2060,gab,340.79
2060,gbr,1911.23
2060,geo,6.7
2060,gha,2019.38
2060,gin,1076.18
2060,gmb,224.58
2060,gnb,183.25
2060,gnq,71.7
2060,grc,188.81
2060,gtm,2477.94
2060,guy,13.95
2060,hkg,121.78
2060,hnd,1750.97
2060,hrv,4.83
2060,hti,867.54
2060,hun,14.16
2060,idn,16648.88
2060,ind,85636.86
2060,irl,28.23
2060,irn,4144.45
2060,irq,4871.74
2060,isl,34.75
2060,isr,401.96
2060,ita,371.56
2060,jam,53.83
2060,jor,218.26
2060,jpn,275.96
2060,kaz,42.31
2060,ken,2505.36
2060,kgz,8.09
2060,khm,2693.97
2060,kor,137.64
2060,kwt,92.9
2060,lao,934.67
2060,lbn,159.81
2060,lbr,849.5
2060,lca,15.04
2060,lso,314.78
2060,ltu,15.49
2060,lux,16.12
2060,lva,3.07
2060,mac,21.22
2060,mar,2525.63
2060,mda,5.6
2060,mdg,7740.48
2060,mdv,49.93
2060,mex,6802.07
2060,mkd,14.7
2060,mli,2492.47
2060,mlt,1.72
2060,mmr,6062.97
2060,mne,1.58
2060,mng,45.96
2060,moz,1957.2
2060,mus,211.58
2060,mwi,2536.02
2060,mys,287.12
2060,nam,100.19
2060,ncl,1.71
2060,ner,6179.51
2060,nga,12075.99
2060,nic,618.33
2060,nld,163.02
2060,nor,14.42
2060,npl,2270.98
2060,nzl,29.33
2060,pak,13530.7
2060,pan,222.9
2060,per,838.23
2060,phl,4235.62
2060,pol,4.01
2060,pri,20.27
2060,prt,448.78
2060,pry,891.03
2060,pyf,3.0
2060,qat,105.71
2060,rom,90.5
2060,rus,131.59
2060,rwa,4234.68
2060,sau,641.55
2060,sdn,6200.89
2060,sen,3692.35
2060,sgp,26.09
2060,sle,860.58
2060,slv,280.86
2060,som,2011.33
2060,srb,21.9
2060,stp,37.38
2060,sur,38.76
2060,svk,0.63
2060,svn,1.12
2060,swe,59.42
2060,swz,81.97
2060,syr,3274.61
2060,tcd,2127.82
2060,tha,4272.25
2060,tjk,71.82
2060,tkm,5.99
2060,tmp,74.97
2060,ton,1.91
2060,tto,48.77
2060,tun,305.59
2060,tur,10073.21
2060,tza,26992.77
2060,uga,15823.74
2060,ukr,1.53
2060,ury,336.77
2060,usa,1975.84
2060,vct,9.23
2060,ven,2480.25
2060,vnm,9240.27
2060,vut,51.75
2060,wbg,166.14
2060,wsm,10.19
2060,zaf,1099.64
2060,zar,8014.77
2060,zmb,3117.14
2060,zwe,282.09
2065,wld,442311.99
2065,abw,5.62
2065,alb,12.06
2065,are,383.42
2065,arg,2260.72
2065,arm,3.29
2065,aus,154.8
2065,aut,39.64
2065,aze,66.61
2065,bdi,3307.76
2065,bel,27.65
2065,ben,2247.63
2065,bfa,3505.98
2065,bgd,18719.4
2065,bgr,21.04
2065,bhr,39.09
2065,bhs,14.52
2065,bih,20.59
2065,blr,9.17
2065,blz,69.97
2065,bol,462.36
2065,bra,8991.33
2065,btn,17.65
2065,caf,1399.42
2065,can,44.06
2065,che,41.11
2065,chl,484.0
2065,chn,36629.64
2065,civ,3349.89
2065,cmr,4607.63
2065,cog,1236.18
2065,col,2768.38
2065,com,195.31
2065,cpv,61.49
2065,cri,738.54
2065,cub,109.33
2065,cyp,3.62
2065,cze,1.04
2065,deu,541.91
2065,dnk,1.86
2065,dom,264.64
2065,dza,696.78
2065,ecu,1029.04
2065,egy,895.24
2065,esp,708.31
2065,est,4.87
2065,eth,23034.9
2065,fin,13.63
2065,fra,858.03
2065,gab,325.77
2065,gbr,1720.06
2065,geo,5.14
2065,gha,2008.04
2065,gin,1107.07
2065,gmb,226.14
2065,gnb,182.09
2065,gnq,68.03
2065,grc,138.07
2065,gtm,2504.24
2065,guy,12.34
2065,hkg,87.77
2065,hnd,1727.41
2065,hrv,3.61
2065,hti,804.26
2065,hun,10.62
2065,idn,14195.93
2065,ind,81501.41
2065,irl,22.77
2065,irn,3663.96
2065,irq,4613.61
2065,isl,33.37
2065,isr,393.02
2065,ita,273.44
2065,jam,49.57
2065,jor,197.81
2065,jpn,215.87
2065,kaz,37.04
2065,ken,2291.91
2065,kgz,7.04
2065,khm,2659.4
2065,kor,88.95
2065,kwt,93.51
2065,lao,909.38
2065,lbn,137.67
2065,lbr,934.24
2065,lca,13.45
2065,lso,298.35
2065,ltu,15.1
2065,lux,14.45
2065,lva,2.7
2065,mac,17.22
2065,mar,2409.8
2065,mda,4.46
2065,mdg,8356.74
2065,mdv,48.38
2065,mex,6195.11
2065,mkd,11.93
2065,mli,2746.7
2065,mlt,1.15
2065,mmr,5531.79
2065,mne,1.21
2065,mng,42.37
2065,moz,2078.29
2065,mus,200.08
2065,mwi,2615.61
2065,mys,229.48
2065,nam,93.57
2065,ncl,1.21
2065,ner,7274.23
2065,nga,11294.97
2065,nic,592.37
2065,nld,139.5
2065,nor,13.03
2065,npl,2185.25
2065,nzl,24.42
2065,pak,13431.78
2065,pan,202.81
2065,per,743.38
2065,phl,3753.31
2065,pol,2.96
2065,pri,15.44
2065,prt,406.85
2065,pry,850.46
2065,pyf,2.46
2065,qat,110.0
2065,rom,72.33
2065,rus,115.1
2065,rwa,4406.9
2065,sau,544.47
2065,sdn,6369.71
2065,sen,3869.49
2065,sgp,17.07
2065,sle,904.44
2065,slv,257.64
2065,som,2031.55
2065,srb,17.15
2065,stp,37.64
2065,sur,36.46
2065,svk,0.46
2065,svn,0.99
2065,swe,52.93
2065,swz,73.71
2065,syr,3291.51
2065,tcd,2315.63
2065,tha,3689.92
2065,tjk,62.68
2065,tkm,5.36
2065,tmp,69.2
2065,ton,1.66
2065,tto,42.48
2065,tun,213.27
2065,tur,8923.88
2065,tza,28187.7
2065,uga,17026.99
2065,ukr,1.27
2065,ury,314.86
2065,usa,1758.82
2065,vct,8.31
2065,ven,2324.14
2065,vnm,8641.35
2065,vut,51.45
2065,wbg,147.57
2065,wsm,9.32
2065,zaf,999.24
2065,zar,7881.89
2065,zmb,3147.04
2065,zwe,241.06
2070,wld,420500.85
2070,abw,5.07
2070,alb,10.66
2070,are,385.45
2070,arg,2041.49
2070,arm,2.76
2070,aus,123.11
2070,aut,33.53
2070,aze,55.24
2070,bdi,3419.02
2070,bel,20.25
2070,ben,2314.57
2070,bfa,3803.06
2070,bgd,17962.38
2070,bgr,16.15
2070,bhr,37.43
2070,bhs,13.98
2070,bih,14.08
2070,blr,7.99
2070,blz,69.76
2070,bol,416.13
2070,bra,7944.06
2070,btn,17.16
2070,caf,1387.85
2070,can,33.22
2070,che,36.3
2070,chl,416.25
2070,chn,29961.88
2070,civ,3291.44
2070,cmr,4376.39
2070,cog,1191.7
2070,col,2444.8
2070,com,188.47
2070,cpv,60.37
2070,cri,690.93
2070,cub,86.14
2070,cyp,2.49
2070,cze,0.79
2070,deu,479.63
2070,dnk,1.39
2070,dom,242.35
2070,dza,589.08
2070,ecu,930.37
2070,egy,797.75
2070,esp,581.44
2070,est,4.41
2070,eth,23728.94
2070,fin,12.36
2070,fra,679.84
2070,gab,307.15
2070,gbr,1555.86
2070,geo,3.89
2070,gha,1967.57
2070,gin,1122.33
2070,gmb,224.13
2070,gnb,178.12
2070,gnq,63.84
2070,grc,100.63
2070,gtm,2498.27
2070,guy,10.97
2070,hkg,62.58
2070,hnd,1685.33
2070,hrv,2.76
2070,hti,733.73
2070,hun,7.68
2070,idn,11914.57
2070,ind,76283.43
2070,irl,18.35
2070,irn,3159.49
2070,irq,4319.36
2070,isl,31.93
2070,isr,381.28
2070,ita,205.5
2070,jam,45.88
2070,jor,177.28
2070,jpn,173.39
2070,kaz,32.15
2070,ken,2067.13
2070,kgz,6.11
2070,khm,2584.42
2070,kor,65.85
2070,kwt,92.82
2070,lao,872.79
2070,lbn,117.24
2070,lbr,1004.37
2070,lca,11.95
2070,lso,279.14
2070,ltu,13.91
2070,lux,13.06
2070,lva,2.31
2070,mac,14.04
2070,mar,2264.76
2070,mda,3.5
2070,mdg,8900.53
2070,mdv,46.19
2070,mex,5591.25
2070,mkd,9.66
2070,mli,2968.44
2070,mlt,0.87
2070,mmr,5013.55
2070,mne,0.92
2070,mng,38.29
2070,moz,2171.21
2070,mus,187.27
2070,mwi,2649.92
2070,mys,182.29
2070,nam,86.35
2070,ncl,0.85
2070,ner,8279.25
2070,nga,10255.64
2070,nic,561.35
2070,nld,121.56
2070,nor,11.85
2070,npl,2063.5
2070,nzl,20.29
2070,pak,13117.38
2070,pan,182.81
2070,per,647.98
2070,phl,3302.1
2070,pol,2.12
2070,pri,11.69
2070,prt,370.47
2070,pry,802.31
2070,pyf,2.04
2070,qat,112.68
2070,rom,56.28
2070,rus,97.95
2070,rwa,4491.35
2070,sau,454.2
2070,sdn,6436.48
2070,sen,3991.04
2070,sgp,10.77
2070,sle,932.63
2070,slv,234.23
2070,som,2025.37
2070,srb,13.21
2070,stp,37.54
2070,sur,34.11
2070,svk,0.33
2070,svn,0.86
2070,swe,46.88
2070,swz,65.89
2070,syr,3260.79
2070,tcd,2476.42
2070,tha,3141.33
2070,tjk,54.16
2070,tkm,4.73
2070,tmp,62.89
2070,ton,1.47
2070,tto,36.98
2070,tun,138.31
2070,tur,7788.23
2070,tza,29021.2
2070,uga,17979.25
2070,ukr,1.03
2070,ury,292.98
2070,usa,1563.78
2070,vct,7.45
2070,ven,2157.24
2070,vnm,7982.54
2070,vut,50.5
2070,wbg,129.11
2070,wsm,8.53
2070,zaf,901.35
2070,zar,7600.34
2070,zmb,3134.19
2070,zwe,201.98
2075,wld,397064.43
2075,abw,4.57
2075,alb,9.28
2075,are,381.51
2075,arg,1827.57
2075,arm,2.34
2075,aus,98.51
2075,aut,28.3
2075,aze,45.29
2075,bdi,3469.86
2075,bel,15.1
2075,ben,2347.85
2075,bfa,4044.24
2075,bgd,16979.93
2075,bgr,12.23
2075,bhr,35.45
2075,bhs,13.37
2075,bih,9.33
2075,blr,7.08
2075,blz,68.79
2075,bol,369.38
2075,bra,6949.53
2075,btn,16.45
2075,caf,1352.03
2075,can,25.13
2075,che,32.19
2075,chl,355.88
2075,chn,24792.9
2075,civ,3197.87
2075,cmr,4079.99
2075,cog,1131.95
2075,col,2143.93
2075,com,180.14
2075,cpv,58.56
2075,cri,638.18
2075,cub,67.93
2075,cyp,1.74
2075,cze,0.59
2075,deu,425.08
2075,dnk,1.06
2075,dom,220.09
2075,dza,488.1
2075,ecu,830.01
2075,egy,694.56
2075,esp,479.4
2075,est,3.99
2075,eth,24013.5
2075,fin,11.12
2075,fra,543.97
2075,gab,285.78
2075,gbr,1410.35
2075,geo,2.93
2075,gha,1904.82
2075,gin,1125.2
2075,gmb,219.09
2075,gnb,171.68
2075,gnq,58.98
2075,grc,73.25
2075,gtm,2460.45
2075,guy,9.72
2075,hkg,44.69
2075,hnd,1625.07
2075,hrv,2.1
2075,hti,655.98
2075,hun,5.38
2075,idn,9866.97
2075,ind,70186.37
2075,irl,14.76
2075,irn,2662.69
2075,irq,4000.32
2075,isl,30.42
2075,isr,367.26
2075,ita,158.29
2075,jam,42.52
2075,jor,157.55
2075,jpn,141.92
2075,kaz,28.62
2075,ken,1867.53
2075,kgz,5.39
2075,khm,2475.91
2075,kor,54.73
2075,kwt,90.89
2075,lao,825.67
2075,lbn,98.88
2075,lbr,1059.93
2075,lca,10.57
2075,lso,258.35
2075,ltu,12.32
2075,lux,11.84
2075,lva,1.96
2075,mac,11.63
2075,mar,2096.32
2075,mda,2.69
2075,mdg,9350.63
2075,mdv,43.48
2075,mex,5011.52
2075,mkd,7.77
2075,mli,3145.95
2075,mlt,0.7
2075,mmr,4517.01
2075,mne,0.69
2075,mng,34.51
2075,moz,2235.6
2075,mus,173.51
2075,mwi,2643.83
2075,mys,143.03
2075,nam,78.75
2075,ncl,0.59
2075,ner,9189.51
2075,nga,9250.63
2075,nic,526.26
2075,nld,107.56
2075,nor,10.75
2075,npl,1907.73
2075,nzl,16.87
2075,pak,12614.95
2075,pan,163.51
2075,per,556.01
2075,phl,2880.47
2075,pol,1.47
2075,pri,8.83
2075,prt,338.43
2075,pry,747.55
2075,pyf,1.71
2075,qat,113.95
2075,rom,42.99
2075,rus,84.71
2075,rwa,4506.7
2075,sau,373.63
2075,sdn,6356.04
2075,sen,4059.2
2075,sgp,6.64
2075,sle,946.07
2075,slv,211.07
2075,som,1989.05
2075,srb,10.02
2075,stp,37.1
2075,sur,31.7
2075,svk,0.23
2075,svn,0.74
2075,swe,41.33
2075,swz,57.93
2075,syr,3182.4
2075,tcd,2594.67
2075,tha,2649.77
2075,tjk,46.3
2075,tkm,4.2
2075,tmp,55.95
2075,ton,1.31
2075,tto,32.02
2075,tun,87.29
2075,tur,6702.49
2075,tza,29495.7
2075,uga,18669.51
2075,ukr,0.8
2075,ury,271.35
2075,usa,1391.53
2075,vct,6.66
2075,ven,1983.0
2075,vnm,7305.35
2075,vut,48.97
2075,wbg,111.28
2075,wsm,7.81
2075,zaf,805.05
2075,zar,7186.23
2075,zmb,3077.46
2075,zwe,167.68
2080,wld,372275.33
2080,abw,4.1
2080,alb,7.97
2080,are,372.61
2080,arg,1622.45
2080,arm,1.99
2080,aus,79.25
2080,aut,23.99
2080,aze,37.94
2080,bdi,3472.7
2080,bel,11.37
2080,ben,2347.9
2080,bfa,4219.6
2080,bgd,15841.67
2080,bgr,9.26
2080,bhr,33.31
2080,bhs,12.67
2080,bih,6.14
2080,blr,6.55
2080,blz,67.01
2080,bol,322.9
2080,bra,6032.05
2080,btn,15.6
2080,caf,1296.34
2080,can,18.99
2080,che,28.53
2080,chl,301.87
2080,chn,20604.11
2080,civ,3062.98
2080,cmr,3753.38
2080,cog,1061.46
2080,col,1862.69
2080,com,169.63
2080,cpv,56.09
2080,cri,582.08
2080,cub,53.73
2080,cyp,1.21
2080,cze,0.44
2080,deu,378.33
2080,dnk,0.82
2080,dom,198.16
2080,dza,396.16
2080,ecu,731.13
2080,egy,589.83
2080,esp,397.54
2080,est,3.7
2080,eth,23868.85
2080,fin,9.96
2080,fra,441.11
2080,gab,261.58
2080,gbr,1275.92
2080,geo,2.22
2080,gha,1820.85
2080,gin,1114.73
2080,gmb,211.1
2080,gnb,162.93
2080,gnq,53.67
2080,grc,53.39
2080,gtm,2393.91
2080,guy,8.56
2080,hkg,32.36
2080,hnd,1547.06
2080,hrv,1.59
2080,hti,578.38
2080,hun,3.68
2080,idn,8083.72
2080,ind,63526.0
2080,irl,11.88
2080,irn,2192.62
2080,irq,3652.83
2080,isl,28.87
2080,isr,351.03
2080,ita,124.19
2080,jam,39.29
2080,jor,138.85
2080,jpn,118.65
2080,kaz,25.88
2080,ken,1680.08
2080,kgz,4.84
2080,khm,2341.42
2080,kor,48.3
2080,kwt,87.79
2080,lao,770.78
2080,lbn,82.76
2080,lbr,1099.29
2080,lca,9.29
2080,lso,236.24
2080,ltu,10.95
2080,lux,10.7
2080,lva,1.7
2080,mac,9.73
2080,mar,1911.3
2080,mda,2.03
2080,mdg,9684.12
2080,mdv,40.43
2080,mex,4465.56
2080,mkd,6.18
2080,mli,3281.29
2080,mlt,0.59
2080,mmr,4045.04
2080,mne,0.51
2080,mng,31.47
2080,moz,2267.4
2080,mus,159.31
2080,mwi,2598.41
2080,mys,110.7
2080,nam,70.69
2080,ncl,0.43
2080,ner,10021.76
2080,nga,8312.64
2080,nic,488.46
2080,nld,95.83
2080,nor,9.69
2080,npl,1725.39
2080,nzl,14.01
2080,pak,11967.5
2080,pan,145.28
2080,per,470.39
2080,phl,2484.77
2080,pol,0.99
2080,pri,6.66
2080,prt,307.04
2080,pry,687.91
2080,pyf,1.45
2080,qat,114.15
2080,rom,32.79
2080,rus,77.41
2080,rwa,4465.12
2080,sau,305.2
2080,sdn,6165.04
2080,sen,4075.76
2080,sgp,4.04
2080,sle,942.4
2080,slv,188.28
2080,som,1923.48
2080,srb,7.53
2080,stp,36.33
2080,sur,29.22
2080,svk,0.16
2080,svn,0.64
2080,swe,36.66
2080,swz,50.44
2080,syr,3060.26
2080,tcd,2670.01
2080,tha,2211.15
2080,tjk,39.07
2080,tkm,3.77
2080,tmp,48.93
2080,ton,1.17
2080,tto,27.52
2080,tun,58.44
2080,tur,5691.68
2080,tza,29670.97
2080,uga,19090.92
2080,ukr,0.6
2080,ury,250.0
2080,usa,1235.38
2080,vct,5.91
2080,ven,1805.44
2080,vnm,6641.08
2080,vut,46.87
2080,wbg,94.33
2080,wsm,7.13
2080,zaf,711.04
2080,zar,6699.79
2080,zmb,2978.53
2080,zwe,137.86
2085,wld,346499.25
2085,abw,3.65
2085,alb,6.77
2085,are,359.74
2085,arg,1429.06
2085,arm,1.7
2085,aus,63.82
2085,aut,20.51
2085,aze,32.5
2085,bdi,3437.36
2085,bel,8.59
2085,ben,2315.81
2085,bfa,4343.04
2085,bgd,14622.98
2085,bgr,7.09
2085,bhr,31.12
2085,bhs,11.9
2085,bih,4.16
2085,blr,6.24
2085,blz,64.5
2085,bol,278.09
2085,bra,5199.7
2085,btn,14.62
2085,caf,1225.33
2085,can,14.27
2085,che,25.23
2085,chl,253.5
2085,chn,17044.26
2085,civ,2887.83
2085,cmr,3413.59
2085,cog,983.54
2085,col,1605.29
2085,com,157.37
2085,cpv,53.11
2085,cri,524.71
2085,cub,42.61
2085,cyp,0.84
2085,cze,0.33
2085,deu,338.41
2085,dnk,0.65
2085,dom,176.89
2085,dza,316.5
2085,ecu,636.43
2085,egy,489.47
2085,esp,332.22
2085,est,3.54
2085,eth,23424.91
2085,fin,8.97
2085,fra,363.32
2085,gab,236.24
2085,gbr,1148.87
2085,geo,1.71
2085,gha,1720.07
2085,gin,1090.69
2085,gmb,200.68
2085,gnb,152.36
2085,gnq,48.09
2085,grc,39.1
2085,gtm,2300.99
2085,guy,7.49
2085,hkg,23.84
2085,hnd,1455.57
2085,hrv,1.2
2085,hti,500.83
2085,hun,2.47
2085,idn,6556.1
2085,ind,56631.07
2085,irl,9.63
2085,irn,1774.92
2085,irq,3293.23
2085,isl,27.37
2085,isr,333.08
2085,ita,98.78
2085,jam,36.11
2085,jor,121.34
2085,jpn,101.61
2085,kaz,23.37
2085,ken,1492.02
2085,kgz,4.39
2085,khm,2191.55
2085,kor,43.72
2085,kwt,83.69
2085,lao,711.63
2085,lbn,68.81
2085,lbr,1119.14
2085,lca,8.1
2085,lso,214.38
2085,ltu,10.21
2085,lux,9.59
2085,lva,1.54
2085,mac,8.14
2085,mar,1718.62
2085,mda,1.52
2085,mdg,9902.75
2085,mdv,37.13
2085,mex,3960.12
2085,mkd,4.84
2085,mli,3372.22
2085,mlt,0.5
2085,mmr,3603.34
2085,mne,0.37
2085,mng,28.71
2085,moz,2265.06
2085,mus,144.84
2085,mwi,2516.55
2085,mys,84.61
2085,nam,62.63
2085,ncl,0.31
2085,ner,10741.81
2085,nga,7390.88
2085,nic,449.1
2085,nld,85.32
2085,nor,8.74
2085,npl,1527.93
2085,nzl,11.59
2085,pak,11211.98
2085,pan,128.11
2085,per,392.47
2085,phl,2126.44
2085,pol,0.65
2085,pri,5.03
2085,prt,275.17
2085,pry,625.44
2085,pyf,1.23
2085,qat,113.37
2085,rom,25.33
2085,rus,73.21
2085,rwa,4369.47
2085,sau,246.78
2085,sdn,5900.58
2085,sen,4038.22
2085,sgp,2.42
2085,sle,922.99
2085,slv,166.17
2085,som,1831.2
2085,srb,5.65
2085,stp,35.25
2085,sur,26.71
2085,svk,0.11
2085,svn,0.54
2085,swe,33.11
2085,swz,43.85
2085,syr,2901.68
2085,tcd,2714.08
2085,tha,1826.07
2085,tjk,33.11
2085,tkm,3.43
2085,tmp,42.9
2085,ton,1.05
2085,tto,23.5
2085,tun,42.94
2085,tur,4776.29
2085,tza,29524.13
2085,uga,19217.91
2085,ukr,0.44
2085,ury,228.94
2085,usa,1091.45
2085,vct,5.22
2085,ven,1628.34
2085,vnm,6008.95
2085,vut,44.28
2085,wbg,78.66
2085,wsm,6.48
2085,zaf,620.51
2085,zar,6151.09
2085,zmb,2850.78
2085,zwe,113.78
2090,wld,320058.4
2090,abw,3.22
2090,alb,5.71
2090,are,343.68
2090,arg,1249.2
2090,arm,1.46
2090,aus,51.33
2090,aut,17.76
2090,aze,27.91
2090,bdi,3354.44
2090,bel,6.48
2090,ben,2256.31
2090,bfa,4398.45
2090,bgd,13378.9
2090,bgr,5.52
2090,bhr,28.89
2090,bhs,11.1
2090,bih,2.97
2090,blr,5.91
2090,blz,61.42
2090,bol,235.98
2090,bra,4449.4
2090,btn,13.53
2090,caf,1143.3
2090,can,10.69
2090,che,22.35
2090,chl,210.49
2090,chn,14011.74
2090,civ,2688.96
2090,cmr,3067.88
2090,cog,900.67
2090,col,1371.09
2090,com,143.48
2090,cpv,49.85
2090,cri,467.62
2090,cub,33.73
2090,cyp,0.57
2090,cze,0.25
2090,deu,305.11
2090,dnk,0.51
2090,dom,156.53
2090,dza,250.46
2090,ecu,547.74
2090,egy,399.07
2090,esp,279.81
2090,est,3.42
2090,eth,22673.13
2090,fin,8.19
2090,fra,303.37
2090,gab,210.64
2090,gbr,1029.04
2090,geo,1.35
2090,gha,1605.15
2090,gin,1054.62
2090,gmb,188.27
2090,gnb,140.63
2090,gnq,42.52
2090,grc,28.87
2090,gtm,2183.44
2090,guy,6.52
2090,hkg,17.97
2090,hnd,1354.72
2090,hrv,0.9
2090,hti,429.82
2090,hun,1.65
2090,idn,5254.05
2090,ind,49759.99
2090,irl,7.86
2090,irn,1421.95
2090,irq,2920.23
2090,isl,25.94
2090,isr,313.66
2090,ita,79.25
2090,jam,32.98
2090,jor,105.36
2090,jpn,88.81
2090,kaz,20.84
2090,ken,1322.18
2090,kgz,3.91
2090,khm,2032.22
2090,kor,40.22
2090,kwt,78.85
2090,lao,651.15
2090,lbn,56.87
2090,lbr,1120.74
2090,lca,7.01
2090,lso,192.41
2090,ltu,10.02
2090,lux,8.54
2090,lva,1.44
2090,mac,6.77
2090,mar,1526.07
2090,mda,1.14
2090,mdg,9998.47
2090,mdv,33.73
2090,mex,3485.86
2090,mkd,3.77
2090,mli,3404.08
2090,mlt,0.44
2090,mmr,3193.45
2090,mne,0.27
2090,mng,26.16
2090,moz,2232.22
2090,mus,130.51
2090,mwi,2402.23
2090,mys,64.07
2090,nam,54.88
2090,ncl,0.23
2090,ner,11310.84
2090,nga,6490.93
2090,nic,409.03
2090,nld,75.75
2090,nor,7.96
2090,npl,1324.1
2090,nzl,9.51
2090,pak,10384.72
2090,pan,111.91
2090,per,322.91
2090,phl,1801.81
2090,pol,0.42
2090,pri,3.82
2090,prt,244.0
2090,pry,562.3
2090,pyf,1.05
2090,qat,111.51
2090,rom,20.0
2090,rus,68.78
2090,rwa,4212.45
2090,sau,198.48
2090,sdn,5565.38
2090,sen,3949.13
2090,sgp,1.42
2090,sle,890.92
2090,slv,145.04
2090,som,1723.92
2090,srb,4.26
2090,stp,33.87
2090,sur,24.22
2090,svk,0.08
2090,svn,0.46
2090,swe,30.48
2090,swz,37.77
2090,syr,2714.17
2090,tcd,2727.14
2090,tha,1492.24
2090,tjk,27.95
2090,tkm,3.11
2090,tmp,37.8
2090,ton,0.93
2090,tto,20.0
2090,tun,33.21
2090,tur,3965.71
2090,tza,29020.58
2090,uga,19089.39
2090,ukr,0.31
2090,ury,208.35
2090,usa,957.71
2090,vct,4.59
2090,ven,1456.05
2090,vnm,5416.08
2090,vut,41.27
2090,wbg,64.37
2090,wsm,5.84
2090,zaf,535.93
2090,zar,5573.46
2090,zmb,2692.93
2090,zwe,93.18
2095,wld,293423.1
2095,abw,2.81
2095,alb,4.8
2095,are,325.05
2095,arg,1084.12
2095,arm,1.27
2095,aus,41.2
2095,aut,15.6
2095,aze,23.82
2095,bdi,3225.19
2095,bel,4.89
2095,ben,2169.5
2095,bfa,4394.45
2095,bgd,12146.05
2095,bgr,4.38
2095,bhr,26.61
2095,bhs,10.28
2095,bih,2.21
2095,blr,5.47
2095,blz,57.9
2095,bol,197.54
2095,bra,3775.32
2095,btn,12.38
2095,caf,1056.85
2095,can,8.04
2095,che,19.93
2095,chl,173.3
2095,chn,11469.11
2095,civ,2466.34
2095,cmr,2711.29
2095,cog,812.86
2095,col,1159.99
2095,com,129.43
2095,cpv,46.41
2095,cri,413.54
2095,cub,26.69
2095,cyp,0.39
2095,cze,0.19
2095,deu,277.6
2095,dnk,0.4
2095,dom,137.38
2095,dza,197.04
2095,ecu,466.46
2095,egy,321.1
2095,esp,236.95
2095,est,3.25
2095,eth,21642.25
2095,fin,7.57
2095,fra,256.17
2095,gab,186.23
2095,gbr,917.02
2095,geo,1.08
2095,gha,1479.14
2095,gin,1006.72
2095,gmb,174.3
2095,gnb,127.91
2095,gnq,37.16
2095,grc,21.51
2095,gtm,2046.23
2095,guy,5.64
2095,hkg,13.88
2095,hnd,1249.0
2095,hrv,0.69
2095,hti,364.47
2095,hun,1.09
2095,idn,4158.33
2095,ind,43069.24
2095,irl,6.47
2095,irn,1138.41
2095,irq,2551.97
2095,isl,24.57
2095,isr,292.9
2095,ita,63.89
2095,jam,29.91
2095,jor,91.1
2095,jpn,78.67
2095,kaz,18.35
2095,ken,1157.96
2095,kgz,3.48
2095,khm,1866.38
2095,kor,37.65
2095,kwt,73.57
2095,lao,591.45
2095,lbn,46.78
2095,lbr,1102.6
2095,lca,6.04
2095,lso,171.26
2095,ltu,9.9
2095,lux,7.57
2095,lva,1.34
2095,mac,5.62
2095,mar,1339.24
2095,mda,0.86
2095,mdg,9967.79
2095,mdv,30.38
2095,mex,3042.6
2095,mkd,2.92
2095,mli,3386.38
2095,mlt,0.38
2095,mmr,2815.73
2095,mne,0.19
2095,mng,23.42
2095,moz,2170.41
2095,mus,116.66
2095,mwi,2261.36
2095,mys,48.13
2095,nam,47.49
2095,ncl,0.18
2095,ner,11690.2
2095,nga,5677.05
2095,nic,369.19
2095,nld,67.29
2095,nor,7.36
2095,npl,1124.75
2095,nzl,7.75
2095,pak,9504.59
2095,pan,96.78
2095,per,262.21
2095,phl,1519.99
2095,pol,0.27
2095,pri,2.91
2095,prt,214.61
2095,pry,500.03
2095,pyf,0.88
2095,qat,108.51
2095,rom,16.21
2095,rus,62.95
2095,rwa,3999.72
2095,sau,159.23
2095,sdn,5153.62
2095,sen,3815.87
2095,sgp,0.81
2095,sle,848.42
2095,slv,125.34
2095,som,1604.09
2095,srb,3.22
2095,stp,32.25
2095,sur,21.79
2095,svk,0.05
2095,svn,0.39
2095,swe,28.38
2095,swz,32.56
2095,syr,2507.05
2095,tcd,2699.75
2095,tha,1208.25
2095,tjk,23.77
2095,tkm,2.87
2095,tmp,33.23
2095,ton,0.82
2095,tto,16.98
2095,tun,26.05
2095,tur,3260.56
2095,tza,28263.12
2095,uga,18716.58
2095,ukr,0.22
2095,ury,188.41
2095,usa,835.98
2095,vct,4.03
2095,ven,1291.58
2095,vnm,4861.52
2095,vut,37.99
2095,wbg,51.77
2095,wsm,5.23
2095,zaf,457.88
2095,zar,4979.35
2095,zmb,2515.57
2095,zwe,77.3
2100,wld,267172.06
2100,abw,2.44
2100,alb,4.04
2100,are,304.22
2100,arg,935.51
2100,arm,1.12
2100,aus,33.01
2100,aut,13.83
2100,aze,20.4
2100,bdi,3058.17
2100,bel,3.69
2100,ben,2058.99
2100,bfa,4331.19
2100,bgd,10951.09
2100,bgr,3.54
2100,bhr,24.28
2100,bhs,9.48
2100,bih,1.71
2100,blr,4.98
2100,blz,54.1
2100,bol,163.45
2100,bra,3176.94
2100,btn,11.21
2100,caf,966.53
2100,can,6.1
2100,che,17.86
2100,chl,141.52
2100,chn,9354.78
2100,civ,2233.84
2100,cmr,2369.5
2100,cog,725.45
2100,col,973.4
2100,com,115.74
2100,cpv,42.96
2100,cri,362.8
2100,cub,21.12
2100,cyp,0.27
2100,cze,0.15
2100,deu,253.89
2100,dnk,0.31
2100,dom,119.6
2100,dza,153.93
2100,ecu,393.29
2100,egy,254.81
2100,esp,200.73
2100,est,3.02
2100,eth,20416.67
2100,fin,7.05
2100,fra,218.73
2100,gab,163.0
2100,gbr,812.96
2100,geo,0.9
2100,gha,1348.15
2100,gin,950.61
2100,gmb,159.2
2100,gnb,115.36
2100,gnq,32.01
2100,grc,16.11
2100,gtm,1893.83
2100,guy,4.86
2100,hkg,10.96
2100,hnd,1139.99
2100,hrv,0.52
2100,hti,306.0
2100,hun,0.71
2100,idn,3246.7
2100,ind,36784.84
2100,irl,5.35
2100,irn,909.86
2100,irq,2199.16
2100,isl,23.21
2100,isr,271.38
2100,ita,51.68
2100,jam,26.96
2100,jor,78.34
2100,jpn,70.49
2100,kaz,16.5
2100,ken,1009.61
2100,kgz,3.12
2100,khm,1697.54
2100,kor,35.77
2100,kwt,68.01
2100,lao,533.23
2100,lbn,38.34
2100,lbr,1067.4
2100,lca,5.17
2100,lso,150.88
2100,ltu,9.53
2100,lux,6.7
2100,lva,1.22
2100,mac,4.66
2100,mar,1161.6
2100,mda,0.66
2100,mdg,9816.12
2100,mdv,27.21
2100,mex,2635.61
2100,mkd,2.25
2100,mli,3329.04
2100,mlt,0.33
2100,mmr,2470.2
2100,mne,0.14
2100,mng,20.66
2100,moz,2082.05
2100,mus,103.67
2100,mwi,2095.7
2100,mys,35.93
2100,nam,40.58
2100,ncl,0.14
2100,ner,11898.06
2100,nga,4928.73
2100,nic,330.41
2100,nld,60.09
2100,nor,6.89
2100,npl,938.48
2100,nzl,6.28
2100,pak,8602.84
2100,pan,82.8
2100,per,210.46
2100,phl,1276.0
2100,pol,0.17
2100,pri,2.24
2100,prt,187.52
2100,pry,440.08
2100,pyf,0.74
2100,qat,104.39
2100,rom,13.49
2100,rus,56.69
2100,rwa,3751.23
2100,sau,127.69
2100,sdn,4705.33
2100,sen,3645.56
2100,sgp,0.45
2100,sle,798.0
2100,slv,107.32
2100,som,1480.06
2100,srb,2.44
2100,stp,30.49
2100,sur,19.46
2100,svk,0.04
2100,svn,0.33
2100,swe,26.48
2100,swz,27.99
2100,syr,2289.37
2100,tcd,2639.42
2100,tha,972.05
2100,tjk,20.41
2100,tkm,2.63
2100,tmp,29.09
2100,ton,0.72
2100,tto,14.35
2100,tun,20.37
2100,tur,2658.57
2100,tza,27284.03
2100,uga,18094.47
2100,ukr,0.15
2100,ury,169.39
2100,usa,726.39
2100,vct,3.52
2100,ven,1136.55
2100,vnm,4349.86
2100,vut,34.53
2100,wbg,41.0
2100,wsm,4.64
2100,zaf,385.64
2100,zar,4402.3
2100,zmb,2323.37
2100,zwe,65.11
