year,country,uis_sr_2_gpv_glast_cp_f
1970,arg,84.6634826660156
1970,chl,82.1820068359375
1970,cri,51.296028137207
1970,slv,64.13079833984379
1970,per,79.3854598999023
1970,syc,14.7286796569824
1970,sgp,59.8507194519043
1970,lka,54.1677093505859
1970,swz,51.2024803161621
1971,dza,43.268470764160206
1971,arg,78.6120834350586
1971,bhr,100.0
1971,ben,39.8797607421875
1971,bra,51.079219818115206
1971,bfa,63.738319396972706
1971,bdi,50.0
1971,cmr,37.0466918945313
1971,caf,15.625
1971,chl,82.4386672973633
1971,cod,54.294158935546896
1971,cog,25.1247291564941
1971,cri,56.62651062011721
1971,civ,35.920448303222706
1971,cub,29.2442893981934
1971,cyp,71.1598663330078
1971,ecu,59.287479400634794
1971,slv,54.1307716369629
1971,gab,30.3482608795166
1971,gha,54.7456588745117
1971,grc,69.00274658203129
1971,gtm,57.1949615478516
1971,guy,53.0136108398438
1971,irq,64.3180618286133
1971,ita,75.4360275268555
1971,ken,23.5650806427002
1971,kor,71.5757293701172
1971,lao,30.078739166259798
1971,lux,73.57630920410159
1971,mdg,58.3467788696289
1971,mlt,13.0621500015259
1971,mmr,53.3966789245605
1971,nld,85.4487075805664
1971,ner,21.9909496307373
1971,qat,56.363639831543
1971,syc,9.8540096282959
1971,sle,21.2060298919678
1971,swz,51.2231292724609
1971,syr,58.7246894836426
1971,tto,88.1905517578125
1972,dza,40.7842407226563
1972,bhr,66.9252090454102
1972,ben,41.129489898681605
1972,bra,43.5257415771484
1972,bfa,63.03971862792971
1972,bdi,40.5405387878418
1972,cmr,35.5247192382813
1972,caf,23.0337104797363
1972,chl,83.14898681640629
1972,cod,56.8695793151855
1972,cog,29.647970199585
1972,cri,62.202301025390604
1972,cub,25.1159992218018
1972,cyp,72.1781311035156
1972,ecu,61.674041748046896
1972,slv,52.8073387145996
1972,gab,34.9206314086914
1972,gha,62.224300384521506
1972,grc,76.4396591186523
1972,guy,46.4469184875488
1972,irq,75.0857925415039
1972,ita,77.1664276123047
1972,jpn,94.9881820678711
1972,ken,24.605749130249
1972,kor,67.0339736938477
1972,lao,39.589439392089794
1972,lso,50.1105804443359
1972,lux,78.5987319946289
1972,mdg,59.22563171386721
1972,mlt,21.4276008605957
1972,mmr,49.8797607421875
1972,nld,74.8656768798828
1972,ner,30.3448295593262
1972,prt,69.973762512207
1972,qat,58.5921287536621
1972,syc,11.0924396514893
1972,sle,23.9279899597168
1972,swz,50.455928802490206
1972,syr,63.6888618469238
1972,tto,86.5331497192383
1972,ven,50.2012596130371
1973,afg,53.4539184570313
1973,dza,41.7211494445801
1973,bhr,98.84497833251949
1973,ben,46.106540679931605
1973,bra,45.17594909667971
1973,brn,34.705379486084
1973,bfa,54.3209915161133
1973,cmr,40.1730308532715
1973,caf,15.7568197250366
1973,chl,84.4809494018555
1973,cog,28.5764808654785
1973,civ,44.286251068115206
1973,cyp,91.22689819335942
1973,dji,80.7228927612305
1973,slv,54.2205085754395
1973,gab,37.4181518554688
1973,grc,85.7597198486328
1973,guy,48.6684913635254
1973,irq,70.6347274780273
1973,ita,79.4896774291992
1973,jpn,95.06896209716801
1973,kor,76.535888671875
1973,kwt,66.21572113037111
1973,lao,40.5312995910645
1973,lbn,51.5024185180664
1973,lso,71.8777313232422
1973,lux,78.7262878417969
1973,mlt,31.4599208831787
1973,mus,74.2764663696289
1973,mmr,49.2807197570801
1973,nld,81.7431716918945
1973,ner,42.857139587402294
1973,prt,70.23374176025389
1973,qat,57.436710357665994
1973,rwa,69.72592163085939
1973,sen,60.2481498718262
1973,syc,10.850440025329599
1973,sle,25.307350158691396
1973,swz,55.762901306152294
1973,syr,56.6488914489746
1973,ven,53.8375587463379
1974,afg,60.883129119873
1974,dza,65.0720367431641
1974,bhr,89.8675918579102
1974,bel,76.2663116455078
1974,ben,42.2648887634277
1974,bra,53.7517509460449
1974,bfa,49.784019470214794
1974,cmr,45.9338798522949
1974,caf,20.7639598846436
1974,chl,85.1381072998047
1974,cod,56.93070983886721
1974,cog,30.035030364990202
1974,civ,40.09315872192379
1974,cyp,91.9484024047852
1974,dji,51.260501861572294
1974,slv,61.57038879394529
1974,gab,36.845550537109396
1974,gmb,53.1645584106445
1974,gha,70.6632537841797
1974,grc,86.02243041992192
1974,guy,51.5718994140625
1974,irq,63.8357810974121
1974,ita,81.0318298339844
1974,kwt,72.9280776977539
1974,lux,62.1827392578125
1974,mdg,49.2425308227539
1974,mwi,82.7761993408203
1974,mlt,32.580841064453104
1974,mus,73.7293701171875
1974,mmr,60.81990051269529
1974,nld,85.06591796875
1974,ner,46.298469543457
1974,omn,36.363639831543004
1974,prt,76.2761306762695
1974,qat,51.503269195556605
1974,rwa,61.7611618041992
1974,syc,26.3013706207275
1974,sle,24.4977703094482
1974,swz,54.3448905944824
1974,syr,65.58651733398439
1974,tgo,32.391960144043004
1974,are,46.9230804443359
1974,ven,54.6950607299805
1975,dza,62.4229583740234
1975,bhr,92.91644287109379
1975,bel,74.7638320922852
1975,ben,46.57633972167971
1975,brn,25.541559219360398
1975,bfa,50.4474296569824
1975,cmr,46.368579864502
1975,chl,83.8829879760742
1975,cog,33.7019195556641
1975,civ,39.6839599609375
1975,cyp,91.1504364013672
1975,dji,60.3448295593262
1975,ecu,58.1706314086914
1975,gha,72.1270065307617
1975,grc,87.18341064453129
1975,gtm,53.847320556640604
1975,irq,62.501708984375
1975,ita,83.3482971191406
1975,kwt,77.1492004394531
1975,lux,48.0996589660645
1975,mdg,50.992469787597706
1975,mwi,78.5824966430664
1975,mlt,54.9910888671875
1975,mus,71.0363006591797
1975,mar,54.3876800537109
1975,nld,85.33062744140629
1975,ner,50.1272315979004
1975,prt,77.0224380493164
1975,qat,73.9892196655273
1975,rwa,72.0623474121094
1975,sgp,79.7510986328125
1975,swz,50.2976188659668
1975,syr,64.20733642578129
1975,tha,72.3510513305664
1975,tgo,25.313209533691396
1975,are,46.231719970703104
1975,ven,58.2741088867188
1976,dza,55.555290222168
1976,bhr,85.6456527709961
1976,bel,73.4364471435547
1976,ben,63.3826484680176
1976,brn,46.8714408874512
1976,bfa,50.8243217468262
1976,cmr,44.107349395752
1976,chl,85.5521697998047
1976,cog,33.457530975341804
1976,civ,37.433521270752
1976,cyp,87.4626235961914
1976,dji,48.400230407714794
1976,ecu,58.9874610900879
1976,slv,69.9372100830078
1976,gmb,65.0725173950195
1976,grc,82.5614318847656
1976,gtm,61.9749603271484
1976,guy,51.5866012573242
1976,hun,95.12338256835942
1976,irq,62.77568054199221
1976,ita,80.72447204589841
1976,jam,81.94606018066409
1976,kor,86.2124710083008
1976,kwt,63.3638687133789
1976,lux,48.312320709228494
1976,mwi,81.799186706543
1976,mlt,46.0833015441895
1976,mus,73.9590835571289
1976,mar,48.274051666259794
1976,nld,87.2584762573242
1976,ner,41.05263137817379
1976,omn,43.6619682312012
1976,prt,44.5667495727539
1976,qat,81.1059875488281
1976,rwa,64.6632080078125
1976,sgp,90.1199798583984
1976,sur,30.745479583740202
1976,swz,53.7468605041504
1976,tha,76.3629531860352
1976,tgo,22.3426399230957
1976,tur,80.9271621704102
1976,are,44.7816390991211
1976,ven,58.0250587463379
1976,zmb,78.9453964233398
1977,afg,44.0867385864258
1977,dza,51.7234992980957
1977,bhr,86.6633071899414
1977,bel,79.071662902832
1977,ben,67.54221343994139
1977,brn,51.371120452880895
1977,bfa,56.063270568847706
1977,bdi,67.53533935546879
1977,cmr,44.367279052734396
1977,chl,85.46543884277341
1977,cog,34.011119842529304
1977,civ,38.189979553222706
1977,cyp,89.65679931640629
1977,ecu,58.701908111572294
1977,egy,76.7961730957031
1977,slv,77.2013397216797
1977,gmb,56.6497688293457
1977,grc,80.8139724731445
1977,hti,70.3653411865234
1977,hun,92.2102432250977
1977,irq,63.5489311218262
1977,ita,86.1749725341797
1977,jam,83.50440979003909
1977,kor,85.02720642089841
1977,kwt,70.4415512084961
1977,lux,64.23549652099611
1977,mwi,82.1393203735352
1977,mlt,52.1389007568359
1977,mus,61.987209320068395
1977,mar,52.108848571777294
1977,nld,86.4639663696289
1977,ner,41.2357292175293
1977,per,81.8718490600586
1977,prt,66.7304306030273
1977,qat,68.520263671875
1977,rwa,65.19052886962889
1977,stp,26.375709533691396
1977,syc,41.7073211669922
1977,sgp,82.4740295410156
1977,sur,28.032289505004897
1977,swz,59.0195503234863
1977,syr,64.53729248046879
1977,tha,81.2680435180664
1977,tgo,24.934700012207
1977,tur,77.1152572631836
1977,are,56.1728401184082
1977,ven,61.114898681640604
1977,zmb,86.04736328125
1978,afg,61.53044128417971
1978,dza,50.6951713562012
1978,bhr,85.3751220703125
1978,ben,49.440189361572294
1978,btn,28.7769794464111
1978,brn,39.2853202819824
1978,bdi,65.0311279296875
1978,cmr,43.054229736328104
1978,caf,25.6393394470215
1978,cog,37.91701126098629
1978,civ,34.9768600463867
1978,cyp,95.5677490234375
1978,ecu,62.7208595275879
1978,egy,87.8298721313477
1978,gmb,56.0330581665039
1978,grc,73.1288681030273
1978,gnb,41.2244911193848
1978,guy,72.1244125366211
1978,hti,65.2651290893555
1978,hun,88.5031585693359
1978,irq,57.5564384460449
1978,ita,93.092529296875
1978,jpn,93.2040634155273
1978,kor,85.228157043457
1978,kwt,69.7248687744141
1978,lbr,82.0936737060547
1978,lux,64.3374481201172
1978,mwi,78.6214599609375
1978,mlt,48.711971282959006
1978,mrt,42.9347801208496
1978,mus,78.8580093383789
1978,mar,60.0577201843262
1978,nld,88.9850234985352
1978,ner,38.1257286071777
1978,omn,15.4308595657349
1978,per,77.20018005371091
1978,prt,81.7170181274414
1978,qat,76.6210021972656
1978,rwa,67.04196929931639
1978,stp,21.678319931030302
1978,syc,55.0671615600586
1978,sle,28.2990608215332
1978,sgp,86.9658432006836
1978,sur,40.4220390319824
1978,swz,65.83306884765629
1978,syr,63.3741683959961
1978,tha,85.146369934082
1978,tgo,35.454029083252
1978,are,59.3439407348633
1978,ven,61.430389404296896
1979,dza,59.8839912414551
1979,bhr,91.63292694091801
1979,ben,57.7692794799805
1979,btn,38.3333282470703
1979,brn,41.357109069824205
1979,bfa,48.780490875244105
1979,bdi,61.415531158447294
1979,cmr,44.7368392944336
1979,cog,43.462581634521506
1979,civ,35.5257415771484
1979,cyp,87.4608917236328
1979,ecu,68.076530456543
1979,egy,84.4196472167969
1979,gmb,75.8822402954102
1979,grc,74.8871383666992
1979,gnb,15.5642004013062
1979,guy,64.8653717041016
1979,hti,56.341911315918
1979,hun,82.8415298461914
1979,irq,55.4498405456543
1979,ita,94.85101318359379
1979,jpn,94.6651382446289
1979,kir,78.1456985473633
1979,kor,88.22657012939449
1979,kwt,63.3076400756836
1979,lux,69.5116424560547
1979,mwi,73.0670928955078
1979,mlt,69.989990234375
1979,mrt,42.970821380615206
1979,mus,90.1471328735352
1979,mar,64.5774383544922
1979,nld,90.2809906005859
1979,ner,40.783149719238295
1979,omn,25.66037940979
1979,per,85.1064376831055
1979,qat,73.6526870727539
1979,sau,64.23056793212889
1979,sle,30.3182907104492
1979,sgp,78.623649597168
1979,swz,61.737888336181605
1979,syr,64.2159576416016
1979,tgo,32.0757217407227
1979,tun,78.19287109375
1979,ven,60.5965385437012
1980,afg,72.350471496582
1980,dza,66.29958343505861
1980,bhr,65.8287506103516
1980,ben,48.4870681762695
1980,brn,37.161159515380895
1980,bfa,63.374229431152294
1980,bdi,77.71588134765629
1980,cpv,49.240119934082
1980,cmr,47.6912307739258
1980,civ,29.801279067993196
1980,cyp,78.49269104003909
1980,egy,86.74060821533199
1980,fji,73.1968765258789
1980,gmb,75.6503601074219
1980,grc,77.0579299926758
1980,guy,74.7537078857422
1980,hti,57.1147804260254
1980,hkg,68.6735000610352
1980,hun,84.8379287719727
1980,irq,59.2710990905762
1980,ita,95.64016723632808
1980,jam,88.8570709228516
1980,jpn,99.97821044921879
1980,kir,78.0
1980,kor,84.2717590332031
1980,kwt,70.7518005371094
1980,lux,74.7465362548828
1980,mwi,55.5382308959961
1980,mlt,60.89363098144529
1980,mar,65.4337005615234
1980,nld,90.7089691162109
1980,per,79.0388565063477
1980,qat,64.5491790771484
1980,syc,100.0
1980,slb,29.756099700927702
1980,swz,67.1564407348633
1980,syr,71.9662704467773
1980,tgo,37.896331787109396
1980,tun,67.68991851806639
1980,are,50.4123687744141
1980,ven,60.9959297180176
1981,afg,58.329460144043
1981,bhr,68.9138565063477
1981,ben,36.501960754394496
1981,brn,47.3347511291504
1981,bdi,96.4341888427734
1981,cpv,50.6060600280762
1981,cmr,50.962551116943395
1981,caf,26.3317604064941
1981,com,48.763851165771506
1981,cog,37.111320495605504
1981,cri,75.4754104614258
1981,civ,36.6541900634766
1981,cyp,90.3362274169922
1981,slv,74.7788009643555
1981,fji,71.9529495239258
1981,gmb,71.2182083129883
1981,gnb,19.7132606506348
1981,hti,64.7304306030273
1981,hkg,76.14991760253909
1981,hun,88.6181411743164
1981,ita,92.4002914428711
1981,jam,94.6485366821289
1981,jpn,83.9801406860352
1981,kir,92.3664093017578
1981,kwt,64.7942276000977
1981,mwi,71.2613983154297
1981,mli,60.7883796691895
1981,mlt,34.868659973144496
1981,mrt,42.312248229980504
1981,mus,95.6494979858398
1981,mar,67.77468872070311
1981,nld,92.0227890014648
1981,ner,50.0665283203125
1981,per,80.4659729003906
1981,qat,73.21533203125
1981,syc,100.0
1981,esp,84.5106582641602
1981,swz,62.1022415161133
1981,syr,73.7590713500977
1981,tgo,45.0986213684082
1981,tun,64.58322143554689
1982,afg,88.9387893676758
1982,dza,64.66506195068361
1982,bhr,82.890739440918
1982,brn,50.2569389343262
1982,bdi,74.5532684326172
1982,cpv,55.988861083984396
1982,cmr,50.46672058105471
1982,caf,40.9132690429688
1982,cog,39.2391510009766
1982,cri,73.4969787597656
1982,cyp,83.7470626831055
1982,slv,72.47178649902341
1982,gmb,60.3248291015625
1982,grc,86.5109176635742
1982,gnb,35.8757095336914
1982,hti,65.6749420166016
1982,hkg,85.5552062988281
1982,hun,98.4964599609375
1982,ita,94.2872314453125
1982,jpn,82.73280334472659
1982,kir,76.8488464355469
1982,kor,89.37521362304692
1982,kwt,74.2712097167969
1982,mwi,70.7623825073242
1982,mli,65.65280151367189
1982,mlt,43.6886405944824
1982,mus,95.64073944091801
1982,nld,88.6110305786133
1982,qat,71.9951171875
1982,syc,98.4829330444336
1982,sgp,77.37677001953129
1982,esp,85.7182312011719
1982,swz,69.1638107299805
1982,syr,67.8877792358398
1982,tgo,41.176300048828104
1982,ton,63.5593185424805
1982,tun,54.1237983703613
1982,tur,65.1560897827148
1982,are,64.1152267456055
1983,bhr,92.9358062744141
1983,ben,44.43022155761721
1983,brn,59.9523811340332
1983,bdi,76.4431915283203
1983,cpv,58.040199279785206
1983,cmr,49.4411811828613
1983,caf,36.011081695556605
1983,chl,90.1502914428711
1983,cog,38.512969970703104
1983,civ,44.101318359375
1983,cyp,82.424919128418
1983,slv,76.1949005126953
1983,fji,71.2799835205078
1983,gmb,73.69615173339841
1983,grc,89.42810821533199
1983,grd,53.7246017456055
1983,gnb,9.65392017364502
1983,hti,68.40985107421879
1983,hkg,96.7827377319336
1983,hun,96.6306381225586
1983,irq,62.278438568115206
1983,ita,95.3281021118164
1983,jam,92.4310836791992
1983,jpn,98.4454116821289
1983,kir,87.3239364624023
1983,kor,90.9418411254883
1983,kwt,76.7261962890625
1983,mwi,70.8344497680664
1983,mlt,47.347808837890604
1983,mar,67.3394393920898
1983,moz,70.5725402832031
1983,nld,88.3133392333984
1983,omn,52.6428909301758
1983,qat,86.0839614868164
1983,syc,99.4854736328125
1983,sgp,78.7451934814453
1983,esp,84.2311096191406
1983,lca,99.9781112670898
1983,swz,66.8909225463867
1983,syr,64.2282562255859
1983,tgo,41.658618927002
1983,ton,57.6587104797363
1983,tun,76.1042404174805
1983,tur,60.1451301574707
1983,are,68.94122314453129
1983,ven,59.032989501953104
1984,afg,78.08180236816409
1984,dza,58.97492980957029
1984,bhr,85.2013626098633
1984,ben,55.183021545410206
1984,brn,71.4583282470703
1984,bdi,40.854988098144496
1984,cpv,40.5701789855957
1984,cmr,51.3864593505859
1984,col,80.9226837158203
1984,cog,41.1830596923828
1984,civ,46.927581787109396
1984,cyp,100.0
1984,slv,75.7358016967773
1984,fji,71.28456115722659
1984,gmb,65.2014694213867
1984,grc,84.78692626953129
1984,gnb,45.4732513427734
1984,hkg,92.1874618530273
1984,hun,95.06234741210942
1984,ita,93.2406387329102
1984,jam,94.56094360351558
1984,jpn,97.2022171020508
1984,kir,76.363639831543
1984,kor,94.4712295532227
1984,kwt,85.6309432983398
1984,mwi,69.9941024780273
1984,mli,49.045169830322294
1984,mlt,48.9952507019043
1984,nld,95.27542114257808
1984,omn,52.7431793212891
1984,qat,77.348991394043
1984,sgp,98.0501937866211
1984,esp,84.8948593139648
1984,swz,62.4623908996582
1984,syr,63.9221687316895
1984,tgo,34.750461578369105
1984,ton,80.2544021606445
1984,tun,75.3551483154297
1984,tur,65.5646133422852
1984,are,70.8041687011719
1984,zwe,72.796142578125
1985,afg,89.6064300537109
1985,dza,61.395538330078104
1985,bwa,100.0
1985,bdi,36.114288330078104
1985,cpv,48.8721809387207
1985,cmr,48.8756904602051
1985,col,80.7598876953125
1985,cri,74.3170394897461
1985,civ,48.2612113952637
1985,cyp,99.2135696411133
1985,fji,68.2604293823242
1985,gmb,62.9565200805664
1985,grc,85.5566864013672
1985,gin,89.3104629516602
1985,gnb,34.4506492614746
1985,hti,63.730598449707
1985,hkg,82.3184585571289
1985,hun,83.5290908813477
1985,irq,58.3940086364746
1985,ita,97.6636581420898
1985,jam,89.5189971923828
1985,jpn,93.8235702514648
1985,kor,89.3627471923828
1985,kwt,80.0022964477539
1985,lux,88.7417221069336
1985,mdg,70.5996932983398
1985,mwi,72.1903610229492
1985,mli,64.9840621948242
1985,mlt,46.6408195495605
1985,mar,66.6026763916016
1985,moz,62.7496490478516
1985,nld,97.71389770507808
1985,omn,48.184078216552706
1985,prt,64.0810623168945
1985,qat,85.4475631713867
1985,esp,85.6623611450195
1985,lka,79.6810684204102
1985,sur,58.63825988769529
1985,swz,58.417110443115206
1985,syr,65.7545700073242
1985,tgo,43.7681198120117
1985,ton,97.8350601196289
1985,tto,87.9339828491211
1985,tun,71.30055236816409
1985,are,73.6095809936523
1985,ven,65.5614166259766
1986,bhr,82.7660903930664
1986,bwa,87.97042846679692
1986,bgr,75.9584579467773
1986,bdi,36.1084213256836
1986,cpv,39.370079040527294
1986,cmr,55.1086616516113
1986,caf,42.558811187744105
1986,col,80.6449737548828
1986,cri,63.231441497802706
1986,civ,49.2209892272949
1986,cyp,100.0
1986,fji,61.1751594543457
1986,gab,35.6905403137207
1986,gmb,76.0624465942383
1986,grc,86.07232666015629
1986,gin,85.5502014160156
1986,hti,63.6976509094238
1986,hun,74.2400894165039
1986,irq,65.1184616088867
1986,ita,97.53533935546879
1986,jam,91.1304779052734
1986,jpn,94.5110321044922
1986,kir,87.55980682373051
1986,kor,92.3240280151367
1986,lso,51.3737297058105
1986,mwi,70.8176727294922
1986,mlt,60.429691314697294
1986,mar,60.8354606628418
1986,moz,61.791011810302706
1986,nld,98.8932266235352
1986,omn,56.786128997802706
1986,prt,72.7957305908203
1986,qat,86.9565200805664
1986,rwa,1.04060995578766
1986,esp,86.8013916015625
1986,lka,77.8093795776367
1986,swz,60.159538269043
1986,syr,69.4413681030273
1986,tgo,30.024770736694304
1986,tun,76.5679016113281
1986,tur,70.92999267578129
1986,are,72.6726303100586
1986,ven,67.1239395141602
1987,bwa,75.0179672241211
1987,bgr,74.0083236694336
1987,bdi,51.8364486694336
1987,cmr,52.731559753418
1987,caf,39.512199401855504
1987,col,80.7594299316406
1987,cog,42.600658416748
1987,cri,57.0241088867188
1987,civ,43.8232917785645
1987,cyp,96.1586074829102
1987,slv,73.2706298828125
1987,eth,79.59661865234379
1987,fin,99.8108596801758
1987,gmb,74.1286392211914
1987,grc,83.7492980957031
1987,gin,75.2348403930664
1987,gnb,28.825620651245103
1987,guy,84.8743209838867
1987,hti,62.0178413391113
1987,hun,76.36126708984379
1987,ind,70.84092712402341
1987,irn,67.8678436279297
1987,irq,73.88848876953129
1987,ita,99.4385528564453
1987,jpn,97.7351531982422
1987,kor,98.89405059814449
1987,lso,47.01203918457029
1987,lux,62.5163803100586
1987,mwi,71.0621032714844
1987,mli,60.383941650390604
1987,mlt,46.9553718566895
1987,mar,58.2403411865234
1987,nld,100.0
1987,nic,45.551540374755895
1987,omn,58.34236145019529
1987,qat,79.55943298339841
1987,rwa,0.969860017299652
1987,esp,90.4947891235352
1987,lka,74.8158264160156
1987,lca,98.6562118530273
1987,swz,54.6001586914063
1987,syr,70.1373672485352
1987,tgo,41.601131439209
1987,tun,86.3965377807617
1987,tur,70.5007705688477
1987,are,70.4978866577148
1987,ven,63.3395004272461
1988,bhr,84.7353820800781
1988,bwa,24.395919799804698
1988,bgr,80.2798385620117
1988,bdi,50.3256416320801
1988,cpv,46.679691314697294
1988,cmr,57.43415832519529
1988,caf,36.763729095459
1988,tcd,53.9157600402832
1988,col,80.7599411010742
1988,cri,56.854209899902294
1988,civ,47.333469390869105
1988,cyp,81.7558288574219
1988,dma,88.5326766967773
1988,slv,69.747673034668
1988,eth,88.83547973632808
1988,fin,90.0247268676758
1988,grc,86.7903213500977
1988,gin,59.75862121582029
1988,hti,64.61685180664061
1988,hun,86.4972381591797
1988,ind,70.6888809204102
1988,irn,66.23500823974611
1988,irq,74.11949157714841
1988,ita,94.60910034179692
1988,jpn,99.74510955810551
1988,jor,53.6361198425293
1988,kor,99.2234878540039
1988,kwt,89.06092071533199
1988,mdg,48.2266693115234
1988,mwi,72.6793518066406
1988,mli,57.7425384521484
1988,mlt,49.9650802612305
1988,mar,56.6837692260742
1988,nld,97.9619674682617
1988,nic,55.640209197998
1988,omn,53.678638458252
1988,qat,80.84906005859379
1988,syc,80.88262939453129
1988,esp,90.09300994873051
1988,swz,55.1711006164551
1988,syr,74.0079727172852
1988,tgo,19.4517002105713
1988,tto,96.8452301025391
1988,tun,82.5796890258789
1988,tur,65.3280029296875
1988,are,67.0775985717773
1988,ven,61.755279541015604
1989,dza,80.3335723876953
1989,bwa,91.2837982177734
1989,bgr,94.06369018554692
1989,bdi,49.6187400817871
1989,caf,38.27199172973629
1989,tcd,50.3413009643555
1989,col,80.7598419189453
1989,cog,36.06772994995121
1989,cri,53.6450881958008
1989,slv,71.5005111694336
1989,fin,93.5789794921875
1989,grc,89.5969009399414
1989,gin,59.921051025390604
1989,gnb,56.8992195129395
1989,hti,64.6166610717773
1989,hun,100.0
1989,ind,72.2072067260742
1989,irn,62.8412094116211
1989,irq,65.84503173828129
1989,ita,94.8680877685547
1989,jpn,99.8563690185547
1989,jor,68.5072402954102
1989,kir,98.6301422119141
1989,mdg,72.0289764404297
1989,mwi,75.25537109375
1989,mlt,52.356201171875
1989,mrt,72.6959533691406
1989,mar,73.84922790527341
1989,nld,95.33773803710942
1989,ner,39.8628997802734
1989,omn,55.034271240234396
1989,qat,73.3691177368164
1989,syc,87.6050872802734
1989,esp,99.1034164428711
1989,lka,63.9309005737305
1989,swz,57.9167289733887
1989,syr,75.2535705566406
1989,tgo,38.1157112121582
1989,tur,61.505218505859396
1989,are,76.2910995483398
1989,ven,59.449558258056605
1990,dza,76.3138885498047
1990,ben,30.1253604888916
1990,bol,84.4143524169922
1990,bwa,72.4928436279297
1990,bgr,90.9969024658203
1990,bdi,62.5652885437012
1990,cpv,43.4853401184082
1990,cmr,66.2974090576172
1990,caf,38.1180191040039
1990,tcd,43.450611114502
1990,com,84.6226806640625
1990,cyp,83.34130859375
1990,fin,97.21572875976558
1990,grc,88.8458786010742
1990,gin,73.63694763183591
1990,hti,64.61245727539061
1990,hun,100.0
1990,irn,70.9456787109375
1990,ita,96.7390518188477
1990,jam,96.5012664794922
1990,jpn,99.8876571655273
1990,kir,76.8421096801758
1990,mac,81.10552978515629
1990,mdg,61.3648681640625
1990,mwi,76.7538833618164
1990,mlt,52.8478393554688
1990,mar,79.3356628417969
1990,moz,56.6692886352539
1990,nld,94.88699340820308
1990,ner,60.133960723877
1990,omn,49.0715408325195
1990,qat,80.81719970703129
1990,sen,53.4415702819824
1990,esp,96.7345428466797
1990,lka,66.0917892456055
1990,swz,54.4735984802246
1990,syr,68.4993515014648
1990,tgo,24.8106002807617
1990,tun,65.4866790771484
1990,tur,76.8919677734375
1990,tuv,62.7450981140137
1990,are,77.1501922607422
1991,dza,76.3866729736328
1991,bhr,79.9156112670898
1991,bol,84.6330032348633
1991,bwa,83.4758224487305
1991,bgr,83.736930847168
1991,cmr,68.9947509765625
1991,caf,32.141021728515604
1991,tcd,40.063591003418004
1991,cri,59.5784492492676
1991,slv,76.7147216796875
1991,fin,100.0
1991,gha,70.8093566894531
1991,grc,90.87384033203129
1991,gin,78.4757080078125
1991,guy,82.0754699707031
1991,hti,64.6140213012695
1991,irn,65.0448379516602
1991,ita,100.0
1991,jam,95.64234161376949
1991,jpn,99.866943359375
1991,kir,99.33392333984379
1991,mdg,63.542720794677706
1991,mwi,82.939697265625
1991,mlt,65.09365844726561
1991,mrt,77.2561492919922
1991,mus,83.5621032714844
1991,mar,92.6155776977539
1991,nld,89.2407684326172
1991,ner,35.5673217773438
1991,prt,79.5348587036133
1991,qat,84.5734329223633
1991,zaf,71.1178894042969
1991,lka,63.9234008789063
1991,swz,62.3496894836426
1991,syr,68.75649261474611
1991,tgo,47.5807113647461
1991,tun,86.2027130126953
1991,tur,77.0758819580078
1991,are,72.0801315307617
1991,ven,59.2435417175293
1992,dza,77.8654327392578
1992,atg,77.8443069458008
1992,bhr,88.6441421508789
1992,bol,90.1999664306641
1992,bwa,84.6566696166992
1992,bgr,87.0264511108398
1992,bdi,58.3497085571289
1992,com,60.5193214416504
1992,cod,57.466670989990206
1992,cri,58.7922286987305
1992,slv,76.8157577514648
1992,fin,100.0
1992,gha,70.8337326049805
1992,grc,89.22509002685551
1992,gin,52.841339111328104
1992,guy,81.3131866455078
1992,ita,100.0
1992,jpn,99.9103012084961
1992,kir,86.7684478759766
1992,kwt,84.7831268310547
1992,lao,64.6785888671875
1992,mac,88.6528472900391
1992,mwi,73.8345718383789
1992,mlt,72.6744689941406
1992,mrt,73.4149932861328
1992,mus,79.09068298339841
1992,mco,75.0372085571289
1992,mar,76.4976119995117
1992,moz,64.5718994140625
1992,nam,74.14208984375
1992,npl,76.1918029785156
1992,nld,87.9426498413086
1992,ner,50.9024505615234
1992,omn,66.3286972045898
1992,qat,87.7327880859375
1992,sen,78.34678649902341
1992,syc,84.1491775512695
1992,lka,64.5510787963867
1992,swz,62.769889831543
1992,syr,70.945930480957
1992,tgo,39.3567504882813
1992,tun,71.4181365966797
1992,tur,75.9614715576172
1992,are,73.1786575317383
1992,ven,58.9488716125488
1993,afg,93.9476318359375
1993,dza,75.316276550293
1993,bhr,93.05526733398442
1993,blr,82.3350830078125
1993,bel,99.3948593139648
1993,btn,21.375919342040998
1993,bol,87.50135040283199
1993,bwa,98.30728149414058
1993,bgr,80.3651580810547
1993,bdi,50.756229400634794
1993,cod,56.921669006347706
1993,cog,61.1772804260254
1993,cri,54.3940200805664
1993,cyp,88.95184326171879
1993,slv,78.74253845214841
1993,fin,98.53101348876949
1993,deu,71.09088134765629
1993,grd,72.5363464355469
1993,gin,65.80661010742189
1993,guy,84.5769805908203
1993,irn,65.9742889404297
1993,irq,69.93472290039061
1993,ita,95.32940673828129
1993,jam,95.5513381958008
1993,lao,64.3052215576172
1993,mac,70.21823120117189
1993,mwi,81.3047714233398
1993,mlt,75.7142868041992
1993,mrt,60.1130714416504
1993,mus,76.6902694702148
1993,mex,82.02435302734379
1993,mar,69.9171676635742
1993,moz,64.92642211914061
1993,nic,52.424591064453104
1993,qat,90.6538619995117
1993,rou,98.76141357421879
1993,syc,92.1428604125977
1993,svk,99.6370697021484
1993,esp,100.0
1993,swz,63.0347900390625
1993,syr,69.8663711547852
1993,ton,69.8964920043945
1993,tto,96.8099212646484
1993,tun,67.1755294799805
1993,ukr,94.9264907836914
1993,are,71.98890686035159
1993,ven,58.6933784484863
1994,dza,77.42005920410159
1994,aze,86.28753662109379
1994,blr,78.7370681762695
1994,bel,99.59619903564449
1994,btn,14.7527904510498
1994,bol,87.9524917602539
1994,bwa,99.53125
1994,bgr,86.1082992553711
1994,bfa,43.9291114807129
1994,cpv,60.486888885498
1994,tcd,51.7130317687988
1994,cod,55.740509033203104
1994,cog,54.4431304931641
1994,cri,55.9189987182617
1994,civ,53.952121734619105
1994,cyp,96.8794326782227
1994,ecu,80.5038681030273
1994,egy,83.62660217285159
1994,eri,52.5445709228516
1994,eth,99.8961563110352
1994,fin,99.03488159179692
1994,deu,72.8759689331055
1994,gin,71.7971878051758
1994,irn,71.455322265625
1994,ita,100.0
1994,jpn,100.0
1994,kwt,76.5035171508789
1994,lao,57.7795600891113
1994,mdg,68.8349685668945
1994,mwi,71.9862976074219
1994,mlt,78.0177001953125
1994,mrt,61.8231887817383
1994,mus,87.7114105224609
1994,mex,81.50135803222659
1994,mar,76.55921936035159
1994,moz,66.0709609985352
1994,nic,52.387760162353494
1994,omn,70.9356918334961
1994,qat,89.72303009033199
1994,rus,86.5178604125977
1994,syc,92.58843994140629
1994,svk,99.0916595458984
1994,esp,100.0
1994,swz,63.1556396484375
1994,syr,74.8717803955078
1994,tgo,40.7898406982422
1994,tun,80.5430679321289
1994,ukr,87.5931777954102
1994,are,79.6881866455078
1994,vut,60.77265930175779
1995,dza,80.61170959472659
1995,blr,77.8771896362305
1995,blz,56.205989837646506
1995,bol,88.54083251953129
1995,bwa,94.0687408447266
1995,bgr,79.4953384399414
1995,tcd,34.6263389587402
1995,chn,77.5023880004883
1995,cri,56.7400588989258
1995,hrv,97.22039794921879
1995,cyp,90.03903198242192
1995,slv,79.3234634399414
1995,eri,83.58811950683591
1995,est,92.93499755859379
1995,eth,91.6385269165039
1995,gab,33.7368583679199
1995,deu,73.7162628173828
1995,idn,76.24957275390629
1995,ita,100.0
1995,kor,98.08985137939449
1995,kwt,73.95616149902341
1995,ltu,81.82623291015629
1995,mkd,93.1171035766602
1995,mwi,81.9357528686523
1995,mlt,77.1084289550781
1995,mrt,72.2911071777344
1995,mus,95.7285995483398
1995,mex,80.3659286499023
1995,mda,79.8806610107422
1995,mng,34.7147216796875
1995,mar,76.9017333984375
1995,moz,67.2467727661133
1995,nic,59.3633804321289
1995,omn,80.6343078613281
1995,per,89.0147705078125
1995,qat,93.54605102539058
1995,swz,64.4822311401367
1995,tgo,54.9258499145508
1995,tun,75.1445617675781
1995,uga,62.076690673828104
1995,are,83.4188537597656
1996,alb,87.8198623657227
1996,dza,79.04443359375
1996,aze,82.6471176147461
1996,blr,90.49124145507808
1996,bol,90.2409515380859
1996,bgr,96.6413726806641
1996,tcd,43.008609771728494
1996,chn,74.1908874511719
1996,cog,63.895900726318395
1996,cri,57.609958648681605
1996,civ,52.848171234130895
1996,hrv,96.8075103759766
1996,cyp,89.2711029052734
1996,cze,93.14407348632808
1996,slv,78.2024002075195
1996,eri,89.2567291259766
1996,est,100.0
1996,eth,80.4081573486328
1996,fra,96.3026809692383
1996,deu,76.4412307739258
1996,guy,91.80944061279301
1996,irl,100.0
1996,ita,99.4115524291992
1996,kwt,84.132209777832
1996,mkd,92.5013885498047
1996,mdg,65.66855621337889
1996,mwi,81.2316513061523
1996,mlt,89.92376708984379
1996,mus,91.3878021240234
1996,mda,75.608772277832
1996,mng,54.5419502258301
1996,omn,83.96217346191409
1996,qat,90.90139770507808
1996,sen,68.0079803466797
1996,tgo,36.9785194396973
1996,tun,72.8785781860352
1996,ven,66.8937911987305
1997,dza,73.3773422241211
1997,aze,42.6777992248535
1997,blr,90.3264999389648
1997,bol,90.6699066162109
1997,bgr,96.7141265869141
1997,khm,40.5374908447266
1997,chl,96.37274169921879
1997,chn,83.5943908691406
1997,civ,67.8633193969727
1997,hrv,95.2178573608398
1997,cyp,97.55225372314449
1997,eri,66.8936309814453
1997,deu,78.12635803222659
1997,guy,89.83413696289058
1997,hti,65.8370819091797
1997,hun,96.3981781005859
1997,irl,100.0
1997,ita,99.5626983642578
1997,kwt,75.1857376098633
1997,lao,56.290901184082
1997,ltu,80.6694793701172
1997,mkd,93.14404296875
1997,mlt,79.7785873413086
1997,mus,96.5591583251953
1997,mex,82.9202194213867
1997,mng,56.3498687744141
1997,mar,74.9915771484375
1997,ner,63.379730224609396
1997,omn,77.4196701049805
1997,sen,68.05972290039061
1997,svk,99.8672866821289
1997,tto,99.3589706420898
1997,tun,73.6350479125977
1997,tca,73.0827865600586
1997,are,88.6404037475586
1997,ven,68.02870941162111
1998,dza,87.2347564697266
1998,bgd,85.5110778808594
1998,btn,69.3761825561523
1998,bol,95.5902099609375
1998,bwa,93.7841796875
1998,isl,99.0990982055664
1998,irl,99.11782836914058
1998,kor,99.2996673583984
1998,lso,55.0171318054199
1998,mys,84.45245361328129
1998,mlt,89.8222503662109
1998,mus,95.7868194580078
1998,moz,54.697200775146506
1998,nam,70.0418014526367
1998,nor,98.9805679321289
1998,phl,86.1686477661133
1998,wsm,100.0
1998,syc,95.7152328491211
1998,swz,59.7635307312012
1999,dza,78.4964218139648
1999,arg,87.75820922851558
1999,abw,94.3683395385742
1999,aze,91.01953125
1999,bhr,94.9089126586914
1999,bgd,82.40553283691409
1999,brb,90.9196395874023
1999,blr,99.61395263671879
1999,blz,73.1411895751953
1999,btn,76.7566604614258
1999,bol,94.56472778320308
1999,bwa,96.1188583374023
1999,cri,74.8362121582031
1999,hrv,100.0
1999,cub,94.5664596557617
1999,cyp,98.7051010131836
1999,dji,90.38744354248051
1999,dom,96.1413192749023
1999,ecu,88.7837066650391
1999,gnq,80.3789367675781
1999,eri,92.4995574951172
1999,est,100.0
1999,gmb,86.2605972290039
1999,geo,95.67196655273442
1999,gha,86.1171722412109
1999,gtm,95.3779525756836
1999,gin,87.72833251953129
1999,isl,100.0
1999,irq,83.2694778442383
1999,irl,99.16354370117192
1999,kor,99.02462768554692
1999,kwt,87.53469848632808
1999,kgz,88.55795288085942
1999,lao,71.59307861328129
1999,lbn,79.8728485107422
1999,lso,59.3346099853516
1999,ltu,95.3513565063477
1999,mac,96.77210235595699
1999,mkd,94.67559814453129
1999,mys,90.0902633666992
1999,mlt,92.4605484008789
1999,mus,96.8151092529297
1999,mng,94.2431869506836
1999,mar,84.37107849121091
1999,moz,76.23304748535159
1999,mmr,100.0
1999,nam,67.6381683349609
1999,npl,88.55056762695308
1999,nic,70.3227691650391
1999,nor,100.0
1999,wsm,100.0
1999,syc,98.4874114990234
1999,svn,97.3665924072266
1999,swz,51.8833084106445
1999,syr,77.9522476196289
1999,tgo,64.4028701782227
1999,ukr,98.38646697998051
1999,ven,79.206169128418
1999,pse,86.9803085327148
1999,zmb,94.15174102783199
2000,alb,91.2310791015625
2000,dza,86.88854217529301
2000,arg,88.30077362060551
2000,abw,92.6388931274414
2000,aze,87.733642578125
2000,bhr,94.3106689453125
2000,bgd,87.7627105712891
2000,brb,95.1159515380859
2000,blr,99.71990966796879
2000,blz,72.7544326782227
2000,ben,78.35028076171879
2000,btn,77.6013870239258
2000,bol,94.19957733154301
2000,bwa,94.5851516723633
2000,bfa,56.1795997619629
2000,khm,56.527271270752
2000,cym,94.2477874755859
2000,cri,65.0325775146484
2000,civ,100.0
2000,hrv,98.91751098632808
2000,cub,94.62359619140629
2000,cyp,98.4787979125977
2000,ecu,88.65283203125
2000,eri,79.45350646972659
2000,est,100.0
2000,gmb,81.6602401733398
2000,geo,93.0005416870117
2000,gha,72.3523406982422
2000,gtm,74.4229507446289
2000,gin,86.4994964599609
2000,guy,85.63287353515629
2000,isl,98.9590606689453
2000,irn,89.3324737548828
2000,irl,98.69837188720699
2000,jam,100.0
2000,kor,98.6593399047852
2000,kwt,92.2668991088867
2000,kgz,89.3011474609375
2000,lao,74.205322265625
2000,lso,61.841968536377
2000,ltu,96.7388763427734
2000,mac,95.6603164672852
2000,mkd,97.0227813720703
2000,mdg,71.5830917358398
2000,mys,86.1886520385742
2000,mlt,94.26300048828129
2000,mrt,82.260383605957
2000,mus,96.2962417602539
2000,mng,95.9430694580078
2000,mar,81.17796325683591
2000,mmr,64.2527618408203
2000,npl,84.25608825683591
2000,nic,74.9892196655273
2000,ner,55.175121307373
2000,nor,100.0
2000,omn,94.8745269775391
2000,per,87.2318878173828
2000,wsm,100.0
2000,sen,71.2344207763672
2000,syc,92.4286270141602
2000,lca,92.6866683959961
2000,syr,77.4858703613281
2000,tgo,65.5813827514648
2000,tca,95.0
2000,uga,56.817691802978494
2000,ukr,98.38836669921879
2000,are,98.5289535522461
2000,uzb,92.7679595947266
2000,ven,81.0317764282227
2000,pse,85.1199111938477
2000,zmb,82.9756622314453
2001,dza,88.9595184326172
2001,arg,87.2483596801758
2001,abw,95.94406127929692
2001,aze,93.55896759033199
2001,bhr,97.5210800170898
2001,bgd,87.9701690673828
2001,brb,95.4255218505859
2001,blr,98.2611312866211
2001,bmu,93.1325836181641
2001,bol,95.8040771484375
2001,bwa,94.9566879272461
2001,bgr,56.0556106567383
2001,khm,71.63543701171879
2001,cym,95.41613006591801
2001,col,91.4876708984375
2001,cog,64.3084716796875
2001,cri,70.89691162109379
2001,civ,92.3215866088867
2001,hrv,99.6115493774414
2001,cub,95.8983383178711
2001,cyp,100.0
2001,ecu,86.7797088623047
2001,slv,84.4048690795898
2001,eri,80.6367416381836
2001,est,100.0
2001,gmb,73.2994003295898
2001,geo,88.50921630859379
2001,gha,90.3823394775391
2001,gtm,79.1612930297852
2001,isl,99.80142211914058
2001,irn,89.9138412475586
2001,irl,99.0319290161133
2001,isr,92.81582641601558
2001,ita,98.4560775756836
2001,kaz,94.46047973632808
2001,kor,98.4522705078125
2001,kwt,90.9912796020508
2001,kgz,93.0548095703125
2001,lao,78.95654296875
2001,lbn,87.63104248046879
2001,lso,64.8127899169922
2001,ltu,97.4081497192383
2001,mac,94.44879150390629
2001,mkd,95.22222900390629
2001,mdg,64.41042327880861
2001,mys,91.91504669189449
2001,mli,80.14109802246091
2001,mlt,91.8999786376953
2001,mrt,68.50994873046879
2001,mus,98.48013305664058
2001,mda,90.9605331420898
2001,mng,96.1051177978516
2001,mar,83.9114532470703
2001,mmr,75.6203308105469
2001,nru,35.030040740966804
2001,npl,92.0792465209961
2001,nic,78.81239318847659
2001,ner,43.7335090637207
2001,nor,99.9944686889648
2001,omn,95.7532424926758
2001,pry,81.3712387084961
2001,per,86.2627105712891
2001,phl,87.7267227172852
2001,rou,95.33130645751949
2001,sen,81.81056213378909
2001,syc,95.22384643554692
2001,zaf,94.9677581787109
2001,lka,92.83145141601558
2001,lca,95.97606658935551
2001,syr,78.8586120605469
2001,tza,72.100227355957
2001,tgo,70.4776611328125
2001,tca,89.1919937133789
2001,uga,99.7213668823242
2001,ukr,98.4207534790039
2001,are,98.24935913085942
2001,ury,95.3935699462891
2001,uzb,98.9542694091797
2001,ven,80.7654495239258
2001,vnm,83.19573974609379
2001,pse,83.80348205566409
2002,dza,87.3600082397461
2002,arg,84.114616394043
2002,arm,92.37574005126949
2002,abw,94.36620330810551
2002,aut,100.0
2002,aze,92.1097564697266
2002,bhr,96.90853881835942
2002,bgd,80.15553283691409
2002,brb,97.4917373657227
2002,blr,97.65267944335942
2002,bmu,93.6470565795898
2002,bol,94.3981170654297
2002,bwa,94.4181976318359
2002,bgr,60.2445297241211
2002,khm,67.3338623046875
2002,tcd,60.2851982116699
2002,com,78.7720413208008
2002,cog,38.3456611633301
2002,hrv,100.0
2002,cub,96.8727264404297
2002,cyp,98.53050994873051
2002,cze,93.4966812133789
2002,ecu,84.6077575683594
2002,slv,86.0911865234375
2002,eri,89.83875274658199
2002,fji,87.230712890625
2002,geo,93.8703765869141
2002,gha,78.6698303222656
2002,grd,66.6952362060547
2002,gin,93.5888137817383
2002,hkg,99.73596954345699
2002,isl,100.0
2002,ind,94.7090301513672
2002,idn,97.44418334960942
2002,irn,95.7217636108398
2002,irl,98.73816680908199
2002,isr,92.1011428833008
2002,ita,100.0
2002,jam,97.93997192382808
2002,jor,92.8437881469727
2002,kaz,96.48275756835942
2002,kor,98.8753433227539
2002,kwt,97.4085922241211
2002,kgz,92.76165771484379
2002,lao,81.2593765258789
2002,lbn,86.4794387817383
2002,lso,61.2188911437988
2002,ltu,97.6041793823242
2002,mac,95.5462112426758
2002,mkd,94.2641220092773
2002,mdg,68.74887847900389
2002,mys,100.0
2002,mlt,93.3361663818359
2002,mrt,65.2332077026367
2002,mus,94.5669403076172
2002,mex,89.3795700073242
2002,mda,93.1854934692383
2002,mng,100.0
2002,mar,82.033203125
2002,mmr,70.2799072265625
2002,npl,90.6101837158203
2002,ner,54.7874603271484
2002,nor,99.4660186767578
2002,omn,95.9646987915039
2002,pry,84.9499435424805
2002,phl,86.0944595336914
2002,rou,93.47219848632808
2002,syc,97.4961929321289
2002,svn,89.04132080078129
2002,zaf,95.17407989501949
2002,lka,92.5740127563477
2002,kna,63.0754890441895
2002,swz,58.8623390197754
2002,tza,61.855541229248
2002,tgo,66.9828262329102
2002,tca,76.5651321411133
2002,uga,66.1280364990234
2002,ukr,98.4225616455078
2002,are,95.15606689453129
2002,ury,91.8082275390625
2002,uzb,95.4977798461914
2002,ven,74.5201034545898
2002,pse,88.2867584228516
2003,dza,85.650146484375
2003,arg,87.5191802978516
2003,arm,92.05606079101558
2003,abw,96.3483123779297
2003,aze,96.62830352783199
2003,bhr,97.96546173095699
2003,bgd,66.86041259765629
2003,brb,97.5408706665039
2003,blz,71.6769104003906
2003,bmu,99.2823028564453
2003,bol,94.9915390014648
2003,bwa,91.2380828857422
2003,brn,96.7026596069336
2003,bgr,57.48152160644529
2003,bdi,79.1919403076172
2003,cpv,59.3524589538574
2003,khm,62.763248443603494
2003,tcd,55.2255783081055
2003,com,63.7687492370605
2003,cub,97.121337890625
2003,cyp,100.0
2003,cze,93.9150009155273
2003,dma,87.28868865966801
2003,ecu,84.66204833984379
2003,egy,94.3267364501953
2003,eri,89.1929779052734
2003,fji,84.4622573852539
2003,gmb,91.90911865234379
2003,gha,86.3372268676758
2003,gin,73.8555603027344
2003,hkg,99.08999633789058
2003,isl,100.0
2003,idn,97.13027954101558
2003,irl,99.6101913452148
2003,isr,92.49645233154301
2003,ita,99.7729263305664
2003,jor,89.04566192626949
2003,kaz,97.99256134033199
2003,kor,98.7308807373047
2003,kwt,92.7068328857422
2003,kgz,93.48877716064449
2003,lao,81.0976486206055
2003,lbn,87.9706192016602
2003,lso,64.4718399047852
2003,mac,97.2173385620117
2003,mkd,95.6165237426758
2003,mdg,78.6081237792969
2003,mys,94.93911743164058
2003,mlt,80.7698287963867
2003,mrt,65.01901245117189
2003,mus,94.29344940185551
2003,mex,89.5972213745117
2003,mda,91.7154693603516
2003,mng,99.4911270141602
2003,mar,82.761100769043
2003,mmr,88.5274429321289
2003,nor,100.0
2003,pry,84.5716323852539
2003,per,88.41140747070308
2003,phl,87.96375274658199
2003,rou,93.0032119750977
2003,stp,74.6849899291992
2003,sen,99.79074096679692
2003,zaf,94.36834716796879
2003,kna,88.4955902099609
2003,lca,54.3336906433105
2003,swz,62.70458984375
2003,syr,69.5089263916016
2003,tza,76.6973190307617
2003,tgo,68.0646820068359
2003,ton,51.8532485961914
2003,tto,92.5645523071289
2003,tur,91.78231811523442
2003,uga,64.5438690185547
2003,ukr,98.9116363525391
2003,are,95.5883102416992
2003,ury,91.51889038085942
2003,uzb,94.7423934936523
2003,ven,77.3201522827148
2003,pse,92.4059371948242
2004,dza,87.3170394897461
2004,arg,84.0703811645508
2004,arm,99.54383087158199
2004,abw,95.3257827758789
2004,aze,93.7688522338867
2004,bhr,97.81359100341801
2004,bgd,77.569091796875
2004,brb,92.09033203125
2004,blr,95.8678436279297
2004,blz,67.5766220092773
2004,bmu,76.4792175292969
2004,bwa,92.61813354492192
2004,brn,94.50076293945308
2004,bgr,58.0637092590332
2004,bdi,75.2278671264648
2004,cpv,74.4490585327148
2004,khm,63.8365592956543
2004,cym,64.42138671875
2004,col,86.962646484375
2004,cri,63.285251617431605
2004,cub,97.0949935913086
2004,cyp,100.0
2004,cze,94.3883209228516
2004,dma,89.34081268310551
2004,dom,96.0610504150391
2004,ecu,91.7892303466797
2004,est,100.0
2004,eth,73.47686767578129
2004,fin,100.0
2004,gmb,87.1622467041016
2004,geo,95.00299072265629
2004,deu,83.51548767089841
2004,gha,92.4642562866211
2004,grc,97.1090774536133
2004,grd,62.6888008117676
2004,gtm,75.6853408813477
2004,gin,98.69994354248051
2004,hkg,98.9861068725586
2004,isl,99.8711318969727
2004,idn,84.93711853027341
2004,irl,99.2829132080078
2004,isr,93.66014862060551
2004,ita,99.98092651367192
2004,kaz,98.8859100341797
2004,kor,99.5517578125
2004,kwt,79.9832534790039
2004,kgz,90.39260864257808
2004,lao,77.1852035522461
2004,lbn,86.8096694946289
2004,lso,63.4028396606445
2004,lie,59.340660095214794
2004,mac,96.4606475830078
2004,mkd,98.95677947998051
2004,mdg,79.734489440918
2004,mwi,30.262580871582
2004,mys,78.1834411621094
2004,mlt,72.4661331176758
2004,mrt,76.8645706176758
2004,mus,98.85092163085942
2004,mex,89.93585205078129
2004,mda,90.5178070068359
2004,mng,99.9242324829102
2004,moz,75.12603759765629
2004,mmr,79.2336883544922
2004,nam,76.7700729370117
2004,nic,78.5045623779297
2004,ner,55.638389587402294
2004,nor,99.6731491088867
2004,pak,87.9242172241211
2004,pan,84.26197814941409
2004,pry,90.9522933959961
2004,per,87.9637222290039
2004,phl,86.8248291015625
2004,qat,98.08706665039058
2004,rou,92.7782821655273
2004,stp,86.7256622314453
2004,sen,92.19397735595699
2004,svk,85.61094665527341
2004,lca,100.0
2004,vct,92.23074340820308
2004,swz,64.99417114257811
2004,che,97.0235595703125
2004,syr,73.445426940918
2004,tza,64.0894012451172
2004,tgo,61.574348449707
2004,tto,82.00804138183591
2004,tun,82.5846328735352
2004,tur,94.9937896728516
2004,tca,100.0
2004,ukr,61.8791999816895
2004,are,93.28463745117192
2004,ury,88.26146697998051
2004,uzb,96.36981201171879
2004,ven,80.0021209716797
2004,yem,79.5248184204102
2004,zmb,98.63500213623051
2005,dza,85.9317169189453
2005,arg,82.8196563720703
2005,arm,100.0
2005,aut,100.0
2005,aze,94.9939117431641
2005,bhs,96.5423736572266
2005,bhr,95.41860961914058
2005,bgd,74.7776184082031
2005,brb,100.0
2005,blr,98.51785278320308
2005,bel,97.16085815429692
2005,blz,71.8126907348633
2005,ben,60.4236717224121
2005,btn,82.680778503418
2005,bwa,94.5279922485352
2005,brn,95.6016693115234
2005,bgr,59.9958992004395
2005,bfa,66.74508666992189
2005,bdi,64.4314117431641
2005,cpv,83.1391525268555
2005,khm,60.7827301025391
2005,cym,90.1820602416992
2005,col,83.996696472168
2005,cri,66.5026473999023
2005,hrv,99.6192779541016
2005,cub,98.1700897216797
2005,cyp,99.46215057373051
2005,cze,96.9935684204102
2005,dji,71.8871307373047
2005,dma,87.7143020629883
2005,ecu,90.4613037109375
2005,slv,82.8709335327148
2005,eri,76.6907424926758
2005,est,100.0
2005,gmb,92.4518508911133
2005,grc,93.1855316162109
2005,gtm,74.88661193847659
2005,gin,86.14221954345699
2005,hkg,100.0
2005,isl,99.5603179931641
2005,idn,100.0
2005,irl,99.3517379760742
2005,isr,91.55291748046879
2005,ita,99.9165802001953
2005,kaz,99.0816879272461
2005,kor,99.3775787353516
2005,kwt,87.9204330444336
2005,kgz,95.0985107421875
2005,lao,75.3230819702148
2005,lbn,89.85887908935551
2005,lso,61.338321685790994
2005,lie,67.9684295654297
2005,mac,97.5668716430664
2005,mkd,94.4940032958984
2005,mdg,77.68853759765629
2005,mwi,38.721229553222706
2005,mys,96.2487564086914
2005,mdv,82.4035186767578
2005,mlt,96.15064239501949
2005,mrt,73.3995819091797
2005,mus,97.71359252929692
2005,mex,90.0193405151367
2005,mda,95.7609024047852
2005,mng,95.5083236694336
2005,mar,85.3714294433594
2005,moz,69.9199295043945
2005,mmr,78.4632263183594
2005,nam,76.5135192871094
2005,nic,75.1553726196289
2005,ner,48.3473587036133
2005,nor,99.92913818359379
2005,per,88.8033294677734
2005,phl,81.2468185424805
2005,qat,99.7606582641602
2005,rou,92.0436325073242
2005,sen,94.4456100463867
2005,svk,85.5954971313477
2005,lka,94.30557250976558
2005,swz,72.7005920410156
2005,syr,64.51345825195311
2005,tgo,70.07907867431639
2005,tun,81.0598526000977
2005,tur,95.4494781494141
2005,ukr,99.1807327270508
2005,are,99.2554473876953
2005,ury,92.9257278442383
2005,uzb,96.6884384155273
2005,vut,74.845832824707
2005,ven,82.5085372924805
2006,alb,92.4017562866211
2006,dza,90.61572265625
2006,and,82.53016662597659
2006,arg,80.0575866699219
2006,arm,98.5426406860352
2006,abw,95.6989212036133
2006,aut,100.0
2006,aze,97.84461212158199
2006,bhs,98.9411087036133
2006,bgd,79.3454895019531
2006,brb,96.8119277954102
2006,blr,99.3238296508789
2006,bel,96.97357177734379
2006,blz,68.4175872802734
2006,bol,93.1161422729492
2006,bwa,92.11029052734379
2006,brn,94.1305618286133
2006,bgr,56.2641105651855
2006,bfa,69.4710693359375
2006,cpv,82.97044372558591
2006,khm,57.7663917541504
2006,cmr,84.1636428833008
2006,cym,87.21851348876949
2006,col,83.141960144043
2006,cri,66.2039337158203
2006,civ,74.7628479003906
2006,hrv,99.2791366577148
2006,cub,98.49781036376949
2006,cyp,100.0
2006,cze,97.46314239501949
2006,dji,90.0436172485352
2006,dma,94.1255035400391
2006,ecu,86.49716186523442
2006,slv,83.89495849609379
2006,eri,77.0323867797852
2006,fra,99.2861709594727
2006,gmb,90.62574005126949
2006,grc,92.392578125
2006,gtm,77.5974197387695
2006,gin,84.7189102172852
2006,hkg,100.0
2006,isl,99.4998092651367
2006,irl,98.98719024658199
2006,isr,91.38314819335942
2006,ita,99.867431640625
2006,jor,93.28549194335942
2006,kaz,99.7357711791992
2006,kor,99.4064788818359
2006,kwt,91.61380004882808
2006,kgz,94.0726089477539
2006,lao,77.3291931152344
2006,lbn,88.95446014404301
2006,lso,58.585880279540994
2006,lie,93.1639785766602
2006,lux,97.8677215576172
2006,mkd,96.5051803588867
2006,mdg,73.5003128051758
2006,mwi,32.916088104248
2006,mys,88.4560317993164
2006,mdv,83.6995162963867
2006,mlt,81.7092514038086
2006,mhl,92.9389266967773
2006,mrt,61.70893859863279
2006,mus,98.0332565307617
2006,mex,89.8123626708984
2006,mda,93.6034317016602
2006,mng,92.2879867553711
2006,mar,84.51373291015629
2006,moz,73.8980026245117
2006,mmr,69.8272705078125
2006,nic,79.9257507324219
2006,ner,52.489898681640604
2006,nor,99.73062133789058
2006,pan,78.3619613647461
2006,phl,87.9465789794922
2006,qat,99.8597793579102
2006,rou,91.7945709228516
2006,srb,96.9640731811523
2006,svk,85.2477264404297
2006,lka,95.2012100219727
2006,sur,61.971519470214794
2006,swz,64.5295486450195
2006,syr,69.2232666015625
2006,tgo,37.5542106628418
2006,tur,96.4336166381836
2006,uga,89.4542922973633
2006,ukr,99.2474594116211
2006,are,98.53650665283199
2006,ury,89.949462890625
2006,uzb,96.69210815429692
2006,ven,84.2819290161133
2006,pse,92.1362991333008
2006,zmb,92.9876174926758
2007,alb,91.8126983642578
2007,dza,75.3688125610352
2007,and,80.3362579345703
2007,arg,80.2932205200195
2007,arm,92.25711059570308
2007,aut,100.0
2007,aze,95.3467636108398
2007,bhs,98.4348983764648
2007,brb,96.1911392211914
2007,blr,100.0
2007,bel,96.8552703857422
2007,blz,65.83071899414061
2007,bol,93.0399322509766
2007,bwa,95.68701934814449
2007,brn,94.41049194335942
2007,bgr,50.522590637207
2007,cpv,83.4716873168945
2007,khm,60.9628295898438
2007,cym,90.4381637573242
2007,chn,98.9886703491211
2007,col,81.21356201171879
2007,cri,67.71176910400389
2007,civ,85.7378463745117
2007,hrv,98.53771209716801
2007,cub,97.9592971801758
2007,cyp,100.0
2007,cze,97.5198516845703
2007,dji,76.5585708618164
2007,dma,94.1228485107422
2007,dom,99.5111618041992
2007,slv,81.7840118408203
2007,eri,79.17445373535159
2007,est,98.7903900146484
2007,eth,71.37648010253909
2007,fra,99.38345336914058
2007,gmb,78.86778259277341
2007,geo,99.86309814453129
2007,deu,83.7700729370117
2007,gha,85.8470001220703
2007,gtm,78.504753112793
2007,hkg,99.8250579833984
2007,idn,73.2855911254883
2007,irl,99.2193832397461
2007,isr,90.8339385986328
2007,ita,100.0
2007,jor,96.63519287109379
2007,kaz,99.5708389282227
2007,kwt,94.61328887939449
2007,kgz,95.01596069335942
2007,lao,77.0674285888672
2007,lbn,83.95777893066409
2007,lso,59.7416496276855
2007,lie,96.08350372314449
2007,mac,86.4502487182617
2007,mkd,94.7828826904297
2007,mdg,73.75572204589841
2007,mwi,40.1846504211426
2007,mys,94.7309722900391
2007,mdv,86.2420196533203
2007,mli,85.61859130859379
2007,mlt,98.18386840820308
2007,mhl,93.3333282470703
2007,mus,97.36337280273442
2007,mex,90.29332733154301
2007,mda,92.7892684936523
2007,mng,96.1217269897461
2007,mar,84.1690216064453
2007,moz,71.3990478515625
2007,nam,77.745849609375
2007,npl,100.0
2007,nic,70.30856323242189
2007,ner,45.0220603942871
2007,nor,99.0059967041016
2007,pak,84.0251235961914
2007,pan,80.6899719238281
2007,pry,92.25640869140629
2007,phl,89.4114227294922
2007,rou,89.9193801879883
2007,sau,94.8398284912109
2007,sen,88.3346328735352
2007,srb,96.92334747314449
2007,syc,92.6352005004883
2007,sgp,100.0
2007,svk,84.251823425293
2007,lka,94.75021362304692
2007,kna,85.1396865844727
2007,sur,88.1547088623047
2007,syr,69.4360885620117
2007,tza,57.3405914306641
2007,tgo,68.71536254882811
2007,tto,96.3015899658203
2007,tur,94.1879501342773
2007,uga,89.9615478515625
2007,ukr,99.4903564453125
2007,ury,98.9623489379883
2007,uzb,97.1565093994141
2007,ven,85.1234588623047
2007,pse,91.4062881469727
2008,alb,92.48497772216801
2008,dza,81.961051940918
2008,and,82.99986267089841
2008,atg,73.7455978393555
2008,arg,81.1804733276367
2008,arm,96.5646514892578
2008,aut,100.0
2008,aze,93.0592422485352
2008,bhr,98.8228378295898
2008,brb,91.6607437133789
2008,bel,97.2303085327148
2008,blz,68.97567749023439
2008,btn,85.2275924682617
2008,bol,93.7927780151367
2008,brn,96.4304580688477
2008,bgr,47.4599189758301
2008,bfa,75.1586990356445
2008,cpv,85.92694091796879
2008,cmr,90.6090316772461
2008,caf,55.8356590270996
2008,chn,97.9437103271484
2008,col,90.10399627685551
2008,cog,61.3841018676758
2008,cri,64.7991485595703
2008,civ,94.89016723632808
2008,hrv,98.8549270629883
2008,cub,98.8558120727539
2008,cyp,100.0
2008,cze,97.4648971557617
2008,dnk,99.8535385131836
2008,dji,87.3090133666992
2008,dma,95.83258056640629
2008,dom,95.1625137329102
2008,slv,83.4977722167969
2008,eri,83.1698989868164
2008,est,99.9234771728516
2008,eth,65.0584716796875
2008,fji,83.79351806640629
2008,fra,99.4224624633789
2008,gmb,96.0353317260742
2008,geo,97.38561248779301
2008,gha,82.2347106933594
2008,grd,71.2308807373047
2008,gtm,80.8288116455078
2008,guy,82.8929214477539
2008,hkg,100.0
2008,idn,93.1806869506836
2008,irn,91.18408203125
2008,irl,99.3784866333008
2008,isr,90.72976684570308
2008,ita,100.0
2008,kaz,98.41879272460942
2008,kwt,96.5552520751953
2008,kgz,94.0877914428711
2008,lao,78.9048233032227
2008,lbn,88.4155731201172
2008,lso,68.36643218994139
2008,lbr,85.56202697753909
2008,mac,92.69155883789058
2008,mkd,95.40139770507808
2008,mdg,64.6765899658203
2008,mwi,35.5216484069824
2008,mys,94.5847015380859
2008,mli,83.6067733764648
2008,mlt,78.5087966918945
2008,mhl,98.24868774414058
2008,mrt,71.6650085449219
2008,mus,98.4326324462891
2008,mex,90.4808578491211
2008,mda,93.04666137695308
2008,mng,97.5897369384766
2008,mar,85.2526779174805
2008,moz,74.5874328613281
2008,nam,80.9006118774414
2008,ner,39.931221008300795
2008,nor,99.95050048828129
2008,pak,86.3004379272461
2008,pan,80.392822265625
2008,pry,83.70452880859379
2008,per,90.03903198242192
2008,phl,89.64405059814449
2008,qat,95.3151321411133
2008,rou,92.3182601928711
2008,smr,97.10983276367192
2008,sen,87.4249725341797
2008,srb,96.78817749023442
2008,syc,100.0
2008,sgp,100.0
2008,svk,82.7802429199219
2008,esp,77.2447128295898
2008,lka,89.0223770141602
2008,kna,90.0
2008,lca,93.21936798095699
2008,sur,71.0358505249023
2008,che,95.84314727783199
2008,syr,65.0076522827148
2008,tjk,91.58297729492192
2008,tza,63.0041389465332
2008,tls,97.8189697265625
2008,tto,99.6774673461914
2008,tun,77.7419815063477
2008,tur,94.68634033203129
2008,uga,83.49884033203129
2008,ukr,98.2541732788086
2008,ury,91.0756072998047
2008,uzb,96.8184127807617
2008,ven,86.6231918334961
2008,pse,93.4198684692383
2008,zmb,91.0980072021484
2009,alb,94.4278793334961
2009,dza,78.4302978515625
2009,and,89.1824569702148
2009,atg,76.3192901611328
2009,arg,78.61549377441409
2009,aut,100.0
2009,aze,94.42877197265629
2009,bhs,100.0
2009,bgd,88.5611419677734
2009,bel,99.8049697875977
2009,blz,71.27880859375
2009,btn,83.9635009765625
2009,bol,94.5160903930664
2009,bih,97.18164825439449
2009,bgr,47.29740905761721
2009,bfa,78.8309707641602
2009,cpv,88.90106201171879
2009,tcd,44.6073989868164
2009,chn,97.9288101196289
2009,col,86.3876724243164
2009,cog,74.31211853027341
2009,cri,68.09396362304689
2009,hrv,99.1945419311523
2009,cub,98.52728271484379
2009,cyp,99.3217620849609
2009,cze,90.9322509765625
2009,dnk,98.7896575927734
2009,dma,93.25958251953129
2009,dom,94.4294586181641
2009,slv,87.2923583984375
2009,eri,86.66348266601558
2009,est,99.4769134521484
2009,eth,69.5388717651367
2009,fin,99.9187469482422
2009,fra,99.4372787475586
2009,gmb,84.6440887451172
2009,geo,99.5887832641602
2009,gtm,82.98207092285159
2009,gin,84.9825820922852
2009,guy,94.44786834716801
2009,hkg,99.6117477416992
2009,isl,97.70838165283199
2009,idn,100.0
2009,irn,89.11524200439449
2009,irl,98.7981414794922
2009,isr,92.82687377929692
2009,ita,99.92880249023442
2009,kaz,98.8005523681641
2009,kwt,95.4904098510742
2009,kgz,93.7754898071289
2009,lao,75.9726181030273
2009,lbn,83.2052307128906
2009,lso,74.0880126953125
2009,mac,98.1636123657227
2009,mkd,95.8771820068359
2009,mdg,65.370361328125
2009,mwi,33.0291595458984
2009,mys,93.4259262084961
2009,mli,86.1634674072266
2009,mlt,85.6714172363281
2009,mus,98.8543014526367
2009,mex,90.96530151367192
2009,mda,93.36229705810551
2009,mar,86.3343276977539
2009,moz,76.2333297729492
2009,mmr,73.8550186157227
2009,nam,80.770378112793
2009,ner,50.4145393371582
2009,nor,99.2439117431641
2009,pak,85.1359176635742
2009,pan,81.2583465576172
2009,pry,86.0758209228516
2009,per,85.9205703735352
2009,rou,93.2931365966797
2009,wsm,97.80404663085942
2009,smr,95.2527313232422
2009,stp,47.4144897460938
2009,sen,90.5479888916016
2009,srb,96.9268035888672
2009,syc,90.0433120727539
2009,svk,81.42938232421879
2009,svn,99.5323028564453
2009,esp,84.79920959472659
2009,kna,79.4690933227539
2009,lca,97.6368026733398
2009,vct,93.96752166748051
2009,sdn,96.14830780029301
2009,swz,77.2147521972656
2009,swe,99.68335723876949
2009,che,95.7629928588867
2009,syr,66.1973190307617
2009,tjk,90.2044219970703
2009,tls,92.6563034057617
2009,tto,91.2619171142578
2009,tun,78.18646240234379
2009,uga,71.5230407714844
2009,ukr,99.1134796142578
2009,are,100.0
2009,ury,87.8157424926758
2009,uzb,97.2504501342773
2009,vut,68.9089813232422
2009,ven,87.21417236328129
2009,pse,91.1284713745117
2009,zmb,88.18582153320308
2010,alb,95.7309417724609
2010,dza,81.7378768920898
2010,and,81.6084976196289
2010,arg,80.1825332641602
2010,aut,100.0
2010,aze,93.3274383544922
2010,bhr,99.65843963623051
2010,bgd,84.5806121826172
2010,blr,100.0
2010,bel,98.6424026489258
2010,blz,68.5914306640625
2010,bmu,94.97354125976558
2010,btn,89.3270721435547
2010,bol,94.0139312744141
2010,bih,98.12255859375
2010,brn,99.8004608154297
2010,bgr,41.061851501464794
2010,bdi,88.7985000610352
2010,cpv,91.2499237060547
2010,khm,64.3662185668945
2010,tcd,56.120578765869105
2010,chl,99.0094833374023
2010,chn,97.78650665283199
2010,col,84.001579284668
2010,cri,67.4495010375977
2010,hrv,99.2153167724609
2010,cub,97.12035369873051
2010,cyp,99.7180709838867
2010,cze,90.7372817993164
2010,dnk,99.6709365844727
2010,dma,98.7075881958008
2010,dom,91.2190628051758
2010,ecu,84.2691192626953
2010,slv,86.6155014038086
2010,eri,92.5785064697266
2010,est,99.5770721435547
2010,fin,100.0
2010,fra,99.5625991821289
2010,gmb,90.2750091552734
2010,grc,89.8262710571289
2010,gtm,75.13555908203129
2010,gin,88.0879135131836
2010,hkg,99.5877227783203
2010,isl,98.3771286010742
2010,ind,97.8891983032227
2010,idn,94.5391464233398
2010,irn,95.0056686401367
2010,irl,99.3398895263672
2010,isr,96.6792373657227
2010,ita,99.2784194946289
2010,jor,92.57614135742192
2010,kaz,99.3266220092773
2010,kgz,93.45870971679692
2010,lao,69.7265777587891
2010,lbn,85.7845687866211
2010,lux,98.0419464111328
2010,mac,97.0733108520508
2010,mdg,75.1542434692383
2010,mwi,29.766050338745103
2010,mys,94.53295135498051
2010,mli,86.9957427978516
2010,mlt,85.3808135986328
2010,mus,98.1330337524414
2010,mex,91.25804901123051
2010,mda,93.64257049560551
2010,mar,89.4286727905273
2010,moz,70.3700180053711
2010,npl,94.40631103515629
2010,ner,34.393138885498
2010,nor,99.938720703125
2010,pak,86.92565155029301
2010,pan,79.1435012817383
2010,pry,87.7953262329102
2010,per,84.40602111816409
2010,qat,98.4446487426758
2010,rou,93.6281204223633
2010,wsm,97.58389282226558
2010,smr,97.6063919067383
2010,stp,93.5453720092773
2010,sau,92.5951080322266
2010,sen,87.79663848876949
2010,srb,96.3586883544922
2010,syc,98.8857879638672
2010,svk,91.1611709594727
2010,svn,98.6826705932617
2010,slb,89.6924362182617
2010,lka,99.63585662841801
2010,kna,97.78270721435551
2010,lca,98.35650634765629
2010,vct,75.6223602294922
2010,swz,60.534538269043
2010,swe,98.4141311645508
2010,che,96.1363525390625
2010,syr,66.9302978515625
2010,tjk,91.85671997070308
2010,tls,98.3637237548828
2010,tgo,87.0186996459961
2010,tur,78.0824890136719
2010,uga,57.163150787353494
2010,ukr,98.8048782348633
2010,are,100.0
2010,uzb,96.4473876953125
2010,ven,87.89795684814449
2010,pse,91.10946655273442
2010,zmb,87.0590362548828
2011,alb,97.3739776611328
2011,dza,82.8354721069336
2011,and,86.0252838134766
2011,arg,82.8953170776367
2011,aut,100.0
2011,aze,96.1852874755859
2011,bhr,98.0747909545898
2011,blr,98.52780151367192
2011,bel,96.7018203735352
2011,blz,68.6603622436523
2011,bmu,92.8952484130859
2011,btn,89.77218627929692
2011,bol,95.0035934448242
2011,bih,99.1773681640625
2011,brn,99.1897201538086
2011,bgr,39.3533515930176
2011,bfa,73.9074401855469
2011,bdi,74.8555221557617
2011,cpv,88.0764999389648
2011,khm,62.20539855957029
2011,cym,100.0
2011,caf,30.858760833740202
2011,tcd,48.17353820800779
2011,chl,100.0
2011,col,72.9941329956055
2011,cog,86.9769821166992
2011,cri,74.8051300048828
2011,hrv,98.4719772338867
2011,cub,97.9097366333008
2011,cyp,99.7278823852539
2011,cze,89.91089630126949
2011,dnk,98.9649505615234
2011,dji,81.624267578125
2011,dma,97.41824340820308
2011,dom,87.9387969970703
2011,ecu,87.9965591430664
2011,slv,87.23529052734379
2011,gnq,78.38465881347659
2011,est,99.10852813720699
2011,eth,54.443019866943395
2011,fji,91.30166625976558
2011,fin,99.9178009033203
2011,fra,99.7567596435547
2011,gmb,94.5929489135742
2011,geo,95.36255645751949
2011,gha,75.1987762451172
2011,grc,95.80493927001949
2011,gtm,79.355712890625
2011,hkg,99.66295623779301
2011,isl,98.2678604125977
2011,idn,93.94361114501949
2011,irn,95.43093872070308
2011,isr,96.2181015014648
2011,ita,99.7069778442383
2011,jor,93.01319122314449
2011,kaz,99.4046401977539
2011,kwt,99.0893325805664
2011,kgz,94.37625122070308
2011,lao,72.47796630859379
2011,lbn,86.18032836914058
2011,lso,64.0647735595703
2011,ltu,96.7634811401367
2011,mac,97.37169647216801
2011,mdg,68.148307800293
2011,mwi,28.7288093566895
2011,mys,93.1459274291992
2011,mrt,85.9391098022461
2011,mus,100.0
2011,mex,91.513671875
2011,mda,93.061767578125
2011,mne,79.2654190063477
2011,mar,89.4567718505859
2011,moz,66.7894287109375
2011,npl,95.7510528564453
2011,ner,45.997928619384794
2011,nor,100.0
2011,omn,98.5473785400391
2011,pak,91.27442169189449
2011,pan,82.14073181152341
2011,pry,86.4317092895508
2011,per,78.3982162475586
2011,rou,91.8062515258789
2011,rwa,68.4045028686523
2011,wsm,100.0
2011,smr,97.4962692260742
2011,sau,99.44396209716801
2011,sen,82.499397277832
2011,srb,96.1972427368164
2011,sle,99.08045196533199
2011,svk,91.0175933837891
2011,svn,99.7904434204102
2011,slb,84.2111587524414
2011,lka,99.18958282470699
2011,lca,93.4693069458008
2011,vct,92.53875732421879
2011,sdn,91.07064819335942
2011,swz,61.8603286743164
2011,che,99.3389663696289
2011,syr,69.42214202880861
2011,tjk,93.28466033935551
2011,tls,94.5004501342773
2011,tur,89.08447265625
2011,ukr,99.1924209594727
2011,are,82.20440673828129
2011,ven,90.6733627319336
2011,pse,94.2567672729492
2011,zmb,94.97836303710942
2012,alb,99.28146362304692
2012,dza,83.31719970703129
2012,and,88.09597778320308
2012,arg,81.8388290405273
2012,aut,100.0
2012,aze,94.4894485473633
2012,bhr,99.7445831298828
2012,blr,99.30203247070308
2012,bel,100.0
2012,blz,72.5287322998047
2012,btn,79.9265213012695
2012,bol,96.6808319091797
2012,bih,97.7382278442383
2012,bwa,92.5978622436523
2012,brn,99.3623809814453
2012,bgr,39.3568916320801
2012,bfa,76.7165908813477
2012,bdi,79.7999572753906
2012,cpv,84.7070617675781
2012,khm,60.8795585632324
2012,cmr,89.46582794189449
2012,cym,95.5479507446289
2012,tcd,73.2307205200195
2012,chl,100.0
2012,chn,93.1765518188477
2012,col,54.6708297729492
2012,cod,82.17189025878909
2012,cri,55.2069282531738
2012,cub,99.2827301025391
2012,cyp,97.3753204345703
2012,cze,91.15991973876949
2012,dnk,99.8163681030273
2012,dma,90.86157989501949
2012,dom,91.7959213256836
2012,ecu,96.0846405029297
2012,slv,86.0044708251953
2012,est,99.9281387329102
2012,fji,82.30792236328129
2012,fin,100.0
2012,fra,99.8199005126953
2012,gmb,95.07335662841801
2012,geo,99.95675659179692
2012,gha,81.2069473266602
2012,grc,94.8394927978516
2012,gtm,77.8279190063477
2012,gin,85.3972930908203
2012,hnd,56.049530029296896
2012,hkg,100.0
2012,idn,85.288200378418
2012,isr,96.88214111328129
2012,ita,99.0464096069336
2012,kaz,99.007568359375
2012,kwt,94.965087890625
2012,kgz,96.95733642578129
2012,lao,75.8314590454102
2012,lbn,89.13272094726558
2012,lso,66.86692047119139
2012,ltu,94.6497421264648
2012,lux,97.5922012329102
2012,mac,99.27059936523442
2012,mdg,63.995998382568395
2012,mys,93.44561767578129
2012,mdv,78.876838684082
2012,mli,68.0140228271484
2012,mlt,96.9230804443359
2012,mus,97.4430923461914
2012,mex,91.4130401611328
2012,mda,92.7265625
2012,mar,91.4029006958008
2012,moz,71.4363479614258
2012,nam,78.13690185546879
2012,npl,88.0686721801758
2012,ner,43.475669860839794
2012,nor,97.3700180053711
2012,omn,99.30606079101558
2012,pak,87.8821563720703
2012,per,100.0
2012,qat,96.41500854492192
2012,rou,92.9122085571289
2012,sau,83.9155197143555
2012,srb,97.92955780029301
2012,sle,76.2185516357422
2012,svk,89.4500732421875
2012,svn,97.6867828369141
2012,slb,79.3234481811523
2012,lka,95.7090377807617
2012,lca,91.76708221435551
2012,vct,98.5159683227539
2012,sdn,97.51016235351558
2012,swz,68.3283767700195
2012,swe,99.57335662841801
2012,che,98.7325820922852
2012,syr,10.1369104385376
2012,tza,57.925708770752
2012,tls,92.95059204101558
2012,tun,85.3726501464844
2012,ukr,98.5476303100586
2012,are,95.94342041015629
2012,ven,86.6635971069336
2012,vnm,87.9903411865234
2012,pse,92.3702392578125
2012,yem,86.3333969116211
2012,zmb,89.1736526489258
2012,zwe,93.92001342773442
2013,alb,98.9011993408203
2013,dza,84.8484420776367
2013,and,88.82308959960942
2013,abw,100.0
2013,aut,99.8280563354492
2013,aze,95.6502914428711
2013,bhr,99.6222686767578
2013,blr,99.1340866088867
2013,bel,95.5163192749023
2013,blz,68.0400390625
2013,ben,64.4645919799805
2013,btn,83.1741409301758
2013,bih,98.5316314697266
2013,brn,98.62706756591801
2013,bgr,41.2359199523926
2013,bfa,73.5652618408203
2013,bdi,82.2823181152344
2013,cpv,83.2211227416992
2013,khm,64.5400772094727
2013,cmr,90.0143203735352
2013,chl,97.5718002319336
2013,chn,88.9070587158203
2013,col,75.2521896362305
2013,cod,76.68077087402341
2013,cri,72.1532897949219
2013,cub,97.68238067626949
2013,cyp,97.3586883544922
2013,cze,90.0448226928711
2013,dnk,100.0
2013,dma,92.0257797241211
2013,dom,89.504150390625
2013,ecu,94.13890838623051
2013,egy,91.9326629638672
2013,slv,80.09149169921879
2013,fin,99.94686889648442
2013,fra,99.9666366577148
2013,gmb,96.2534027099609
2013,geo,99.0372085571289
2013,deu,52.515251159668
2013,gha,74.6028366088867
2013,grd,95.86129760742192
2013,gtm,81.20538330078129
2013,gin,83.068962097168
2013,hnd,93.9062271118164
2013,hkg,99.9367904663086
2013,hun,96.302490234375
2013,idn,96.0819473266602
2013,isr,97.5517807006836
2013,kaz,98.3810501098633
2013,kgz,97.2815933227539
2013,lao,83.5992889404297
2013,lva,98.0963668823242
2013,lso,69.4475936889648
2013,ltu,95.8665084838867
2013,mac,99.7669906616211
2013,mdg,67.9639511108398
2013,mys,93.1782379150391
2013,mdv,98.3699493408203
2013,mli,69.7263717651367
2013,mlt,99.9458999633789
2013,mus,98.7872467041016
2013,mex,91.6631927490234
2013,mda,93.2376022338867
2013,mar,88.8796920776367
2013,moz,70.9901428222656
2013,npl,90.26001739501949
2013,ner,49.7951583862305
2013,nor,99.4448699951172
2013,pak,96.0205764770508
2013,per,91.02227783203129
2013,qat,99.1388626098633
2013,rou,85.703987121582
2013,rus,98.21044921875
2013,sau,81.300910949707
2013,srb,96.5661087036133
2013,syc,94.6076126098633
2013,svk,88.6524124145508
2013,svn,99.26824951171879
2013,slb,87.8102188110352
2013,lka,92.2952194213867
2013,kna,92.0786972045898
2013,lca,94.7078323364258
2013,vct,97.2239532470703
2013,sur,79.1258926391602
2013,swe,99.239990234375
2013,che,99.39230346679692
2013,tgo,54.366550445556605
2013,tun,86.7170867919922
2013,ukr,99.1070709228516
2013,are,98.9242477416992
2013,ven,85.2187881469727
2013,vnm,88.7070465087891
2013,pse,92.5922317504883
2014,dji,96.0002593994141
2014,gha,88.22161865234379
2014,kaz,99.53500366210942
2014,npl,93.7956390380859
2014,stp,89.8719863891602
2014,tjk,96.40048217773442
