year,country,sp_pop_ag12_to_un
1990,afg,313015.0
1990,alb,67392.0
1990,dza,648384.0
1990,ago,263729.0
1990,arg,682377.0
1990,arm,63510.0
1990,abw,946.0
1990,aus,236963.0
1990,aut,85329.0
1990,aze,139775.0
1990,bhs,5039.0
1990,bhr,9196.0
1990,bgd,2655791.0
1990,brb,4149.0
1990,blr,147224.0
1990,bel,121058.0
1990,blz,4871.0
1990,ben,125376.0
1990,btn,13312.0
1990,bol,157791.0
1990,bih,69869.0
1990,bwa,36502.0
1990,bra,3353028.0
1990,brn,5164.0
1990,bgr,131579.0
1990,bfa,234486.0
1990,bdi,130843.0
1990,cpv,9405.0
1990,khm,166647.0
1990,cmr,304719.0
1990,can,373870.0
1990,caf,73648.0
1990,tcd,151210.0
1990,chl,228085.0
1990,chn,18909495.0
1990,col,805353.0
1990,com,13791.0
1990,cod,958071.0
1990,cog,62381.0
1990,cri,64749.0
1990,civ,305078.0
1990,hrv,63380.0
1990,cub,140084.0
1990,cyp,10916.0
1990,cze,178051.0
1990,dnk,63640.0
1990,dji,13834.0
1990,dom,173403.0
1990,ecu,250717.0
1990,egy,1355490.0
1990,slv,143730.0
1990,gnq,7636.0
1990,eri,95506.0
1990,est,22185.0
1990,eth,1259924.0
1990,fji,17638.0
1990,fin,65845.0
1990,fra,761495.0
1990,gab,20585.0
1990,gmb,22069.0
1990,geo,86158.0
1990,deu,817019.0
1990,gha,391562.0
1990,grc,151034.0
1990,grd,1862.0
1990,gtm,233381.0
1990,gin,144165.0
1990,gnb,24496.0
1990,guy,17933.0
1990,hti,167675.0
1990,hnd,127252.0
1990,hkg,84418.0
1990,hun,172246.0
1990,isl,4168.0
1990,ind,19555067.0
1990,idn,4256990.0
1990,irn,1370718.0
1990,irq,477657.0
1990,irl,68923.0
1990,isr,90796.0
1990,ita,663083.0
1990,jam,53638.0
1990,jpn,1703939.0
1990,jor,87988.0
1990,kaz,320194.0
1990,ken,633259.0
1990,prk,276149.0
1990,kor,777524.0
1990,kwt,43276.0
1990,kgz,93723.0
1990,lao,101980.0
1990,lva,34320.0
1990,lbn,67173.0
1990,lso,42925.0
1990,lbr,54083.0
1990,lby,118198.0
1990,ltu,51914.0
1990,lux,4209.0
1990,mac,4265.0
1990,mkd,33670.0
1990,mdg,299710.0
1990,mwi,246439.0
1990,mys,391110.0
1990,mdv,5201.0
1990,mli,200035.0
1990,mlt,5811.0
1990,mrt,48878.0
1990,mus,23351.0
1990,mex,2123220.0
1990,fsm,2467.0
1990,mda,73420.0
1990,mng,54336.0
1990,mar,595123.0
1990,moz,373049.0
1990,mmr,903699.0
1990,nam,35170.0
1990,npl,458392.0
1990,nld,177554.0
1990,nzl,52487.0
1990,nic,112342.0
1990,ner,204916.0
1990,nga,2303231.0
1990,nor,52283.0
1990,omn,43798.0
1990,pak,2593083.0
1990,pan,53012.0
1990,png,99317.0
1990,pry,99584.0
1990,per,525790.0
1990,phl,1521875.0
1990,pol,647051.0
1990,prt,162118.0
1990,qat,7264.0
1990,rou,404061.0
1990,rus,2145081.0
1990,rwa,166674.0
1990,wsm,4330.0
1990,stp,3272.0
1990,sau,389394.0
1990,sen,194608.0
1990,sle,91685.0
1990,sgp,40500.0
1990,svk,96231.0
1990,svn,30065.0
1990,slb,8315.0
1990,som,181737.0
1990,zaf,875231.0
1990,esp,635147.0
1990,lka,376131.0
1990,kna,888.0
1990,lca,3210.0
1990,vct,2820.0
1990,sdn,645915.0
1990,sur,8077.0
1990,swz,22592.0
1990,swe,98471.0
1990,che,73865.0
1990,syr,349080.0
1990,tjk,120495.0
1990,tza,654532.0
1990,tha,1075679.0
1990,tgo,102030.0
1990,ton,2202.0
1990,tto,24486.0
1990,tun,194441.0
1990,tur,1348147.0
1990,tkm,84234.0
1990,uga,452860.0
1990,ukr,721679.0
1990,are,27118.0
1990,gbr,670615.0
1990,usa,3461423.0
1990,ury,56356.0
1990,uzb,464855.0
1990,vut,3682.0
1990,ven,459722.0
1990,vnm,1557877.0
1990,pse,56185.0
1990,yem,327703.0
1990,zmb,211407.0
1990,zwe,280778.0
1991,afg,335308.0
1991,alb,66749.0
1991,dza,672790.0
1991,ago,272482.0
1991,arg,686123.0
1991,arm,63594.0
1991,abw,1065.0
1991,aus,238513.0
1991,aut,86566.0
1991,aze,143082.0
1991,bhs,5141.0
1991,bhr,9536.0
1991,bgd,2731519.0
1991,brb,4090.0
1991,blr,149660.0
1991,bel,120284.0
1991,blz,5004.0
1991,ben,132218.0
1991,btn,13321.0
1991,bol,160370.0
1991,bih,67452.0
1991,bwa,37828.0
1991,bra,3440131.0
1991,brn,5221.0
1991,bgr,128115.0
1991,bfa,240124.0
1991,bdi,136168.0
1991,cpv,9847.0
1991,khm,191619.0
1991,cmr,316320.0
1991,can,378567.0
1991,caf,75616.0
1991,tcd,156730.0
1991,chl,231206.0
1991,chn,18465560.0
1991,col,815728.0
1991,com,14456.0
1991,cod,996290.0
1991,cog,64079.0
1991,cri,66840.0
1991,civ,322853.0
1991,hrv,64024.0
1991,cub,135183.0
1991,cyp,11198.0
1991,cze,171398.0
1991,dnk,61063.0
1991,dji,14279.0
1991,dom,174700.0
1991,ecu,255175.0
1991,egy,1383380.0
1991,slv,142750.0
1991,gnq,7818.0
1991,eri,95073.0
1991,est,21886.0
1991,eth,1303211.0
1991,fji,18022.0
1991,fin,66783.0
1991,fra,755926.0
1991,gab,21271.0
1991,gmb,22957.0
1991,geo,85115.0
1991,deu,831468.0
1991,gha,404135.0
1991,grc,150837.0
1991,grd,1891.0
1991,gtm,239985.0
1991,gin,150625.0
1991,gnb,25210.0
1991,guy,17916.0
1991,hti,176153.0
1991,hnd,131221.0
1991,hkg,85012.0
1991,hun,166082.0
1991,isl,4176.0
1991,ind,19939215.0
1991,idn,4299548.0
1991,irn,1462460.0
1991,irq,485339.0
1991,irl,68763.0
1991,isr,92639.0
1991,ita,637289.0
1991,jam,53408.0
1991,jpn,1644202.0
1991,jor,91944.0
1991,kaz,317299.0
1991,ken,657600.0
1991,prk,281296.0
1991,kor,769913.0
1991,kwt,41425.0
1991,kgz,95230.0
1991,lao,103666.0
1991,lva,34097.0
1991,lbn,68142.0
1991,lso,43964.0
1991,lbr,53515.0
1991,lby,124018.0
1991,ltu,51799.0
1991,lux,4263.0
1991,mac,4581.0
1991,mkd,33918.0
1991,mdg,307937.0
1991,mwi,251922.0
1991,mys,403866.0
1991,mdv,5478.0
1991,mli,205575.0
1991,mlt,5836.0
1991,mrt,50094.0
1991,mus,23265.0
1991,mex,2113294.0
1991,fsm,2569.0
1991,mda,74918.0
1991,mng,54910.0
1991,mar,612080.0
1991,moz,378041.0
1991,mmr,905492.0
1991,nam,35914.0
1991,npl,470629.0
1991,nld,175301.0
1991,nzl,51868.0
1991,nic,115537.0
1991,ner,211066.0
1991,nga,2392527.0
1991,nor,51214.0
1991,omn,45922.0
1991,pak,2688397.0
1991,pan,53211.0
1991,png,101045.0
1991,pry,103796.0
1991,per,530198.0
1991,phl,1549383.0
1991,pol,661065.0
1991,prt,157694.0
1991,qat,7515.0
1991,rou,392601.0
1991,rus,2188922.0
1991,rwa,165379.0
1991,wsm,4290.0
1991,stp,3419.0
1991,sau,403857.0
1991,sen,201424.0
1991,sle,92584.0
1991,sgp,40550.0
1991,svk,95762.0
1991,svn,29788.0
1991,slb,8504.0
1991,som,177024.0
1991,zaf,894338.0
1991,esp,615290.0
1991,lka,378274.0
1991,kna,919.0
1991,lca,3231.0
1991,vct,2824.0
1991,sdn,662851.0
1991,sur,8329.0
1991,swz,23389.0
1991,swe,97059.0
1991,che,75031.0
1991,syr,365228.0
1991,tjk,123474.0
1991,tza,675654.0
1991,tha,1050715.0
1991,tgo,105143.0
1991,ton,2262.0
1991,tto,25627.0
1991,tun,197952.0
1991,tur,1363252.0
1991,tkm,86140.0
1991,uga,469592.0
1991,ukr,727631.0
1991,are,28814.0
1991,gbr,672453.0
1991,usa,3512107.0
1991,ury,55603.0
1991,uzb,477431.0
1991,vut,3811.0
1991,ven,469686.0
1991,vnm,1577797.0
1991,pse,57142.0
1991,yem,344522.0
1991,zmb,216425.0
1991,zwe,291093.0
1992,afg,365536.0
1992,alb,65452.0
1992,dza,699218.0
1992,ago,281744.0
1992,arg,679777.0
1992,arm,63470.0
1992,abw,1095.0
1992,aus,243273.0
1992,aut,89297.0
1992,aze,147026.0
1992,bhs,5353.0
1992,bhr,9886.0
1992,bgd,2823670.0
1992,brb,4122.0
1992,blr,152969.0
1992,bel,120157.0
1992,blz,5152.0
1992,ben,140357.0
1992,btn,13142.0
1992,bol,163565.0
1992,bih,63915.0
1992,bwa,39104.0
1992,bra,3528194.0
1992,brn,5284.0
1992,bgr,123349.0
1992,bfa,246099.0
1992,bdi,142254.0
1992,cpv,10286.0
1992,khm,228815.0
1992,cmr,328526.0
1992,can,384288.0
1992,caf,77285.0
1992,tcd,162391.0
1992,chl,237885.0
1992,chn,18422979.0
1992,col,822376.0
1992,com,15219.0
1992,cod,1037276.0
1992,cog,65731.0
1992,cri,68735.0
1992,civ,342420.0
1992,hrv,64670.0
1992,cub,135903.0
1992,cyp,10436.0
1992,cze,161925.0
1992,dnk,58321.0
1992,dji,14573.0
1992,dom,176129.0
1992,ecu,259202.0
1992,egy,1409953.0
1992,slv,140106.0
1992,gnq,8025.0
1992,eri,93062.0
1992,est,21534.0
1992,eth,1348613.0
1992,fji,18334.0
1992,fin,67252.0
1992,fra,757545.0
1992,gab,21977.0
1992,gmb,23879.0
1992,geo,83863.0
1992,deu,847340.0
1992,gha,417071.0
1992,grc,149347.0
1992,grd,1988.0
1992,gtm,246713.0
1992,gin,157972.0
1992,gnb,26045.0
1992,guy,18032.0
1992,hti,185716.0
1992,hnd,135118.0
1992,hkg,86168.0
1992,hun,156113.0
1992,isl,4197.0
1992,ind,20312112.0
1992,idn,4343451.0
1992,irn,1567249.0
1992,irq,493299.0
1992,irl,68703.0
1992,isr,94874.0
1992,ita,621763.0
1992,jam,53558.0
1992,jpn,1599334.0
1992,jor,96479.0
1992,kaz,313445.0
1992,ken,682871.0
1992,prk,304658.0
1992,kor,774457.0
1992,kwt,38095.0
1992,kgz,97120.0
1992,lao,105285.0
1992,lva,34040.0
1992,lbn,69576.0
1992,lso,45034.0
1992,lbr,52889.0
1992,lby,131151.0
1992,ltu,52051.0
1992,lux,4326.0
1992,mac,5057.0
1992,mkd,34049.0
1992,mdg,315888.0
1992,mwi,253534.0
1992,mys,420548.0
1992,mdv,5792.0
1992,mli,211469.0
1992,mlt,5843.0
1992,mrt,51357.0
1992,mus,22802.0
1992,mex,2106216.0
1992,fsm,2705.0
1992,mda,77012.0
1992,mng,55136.0
1992,mar,632827.0
1992,moz,381288.0
1992,mmr,911103.0
1992,nam,36590.0
1992,npl,483520.0
1992,nld,174895.0
1992,nzl,51600.0
1992,nic,119065.0
1992,ner,217117.0
1992,nga,2489960.0
1992,nor,50730.0
1992,omn,48104.0
1992,pak,2784958.0
1992,pan,53626.0
1992,png,103541.0
1992,pry,108336.0
1992,per,532059.0
1992,phl,1573275.0
1992,pol,674448.0
1992,prt,152450.0
1992,qat,7677.0
1992,rou,372040.0
1992,rus,2242828.0
1992,rwa,161220.0
1992,wsm,4170.0
1992,stp,3581.0
1992,sau,413977.0
1992,sen,208442.0
1992,sle,92746.0
1992,sgp,41436.0
1992,svk,94500.0
1992,svn,29245.0
1992,slb,8734.0
1992,som,168786.0
1992,zaf,916131.0
1992,esp,590161.0
1992,lka,379248.0
1992,kna,947.0
1992,lca,3281.0
1992,vct,2828.0
1992,sdn,680573.0
1992,sur,8782.0
1992,swz,24230.0
1992,swe,96282.0
1992,che,77047.0
1992,syr,382306.0
1992,tjk,127093.0
1992,tza,696422.0
1992,tha,1030076.0
1992,tgo,107961.0
1992,ton,2361.0
1992,tto,27173.0
1992,tun,200911.0
1992,tur,1378015.0
1992,tkm,88297.0
1992,uga,487041.0
1992,ukr,737423.0
1992,are,30848.0
1992,gbr,682817.0
1992,usa,3580348.0
1992,ury,54307.0
1992,uzb,492490.0
1992,vut,3960.0
1992,ven,476971.0
1992,vnm,1594993.0
1992,pse,57896.0
1992,yem,363132.0
1992,zmb,220855.0
1992,zwe,301172.0
1993,afg,399644.0
1993,alb,63960.0
1993,dza,725037.0
1993,ago,291308.0
1993,arg,667640.0
1993,arm,63301.0
1993,abw,1142.0
1993,aus,249872.0
1993,aut,92710.0
1993,aze,151605.0
1993,bhs,5614.0
1993,bhr,10217.0
1993,bgd,2922659.0
1993,brb,4212.0
1993,blr,156756.0
1993,bel,120444.0
1993,blz,5303.0
1993,ben,149044.0
1993,btn,12887.0
1993,bol,167210.0
1993,bih,59901.0
1993,bwa,40291.0
1993,bra,3607819.0
1993,brn,5355.0
1993,bgr,118038.0
1993,bfa,252405.0
1993,bdi,148860.0
1993,cpv,10711.0
1993,khm,271389.0
1993,cmr,340876.0
1993,can,390339.0
1993,caf,78828.0
1993,tcd,168182.0
1993,chl,246912.0
1993,chn,18731700.0
1993,col,826508.0
1993,com,15994.0
1993,cod,1079059.0
1993,cog,67338.0
1993,cri,70574.0
1993,civ,362528.0
1993,hrv,65124.0
1993,cub,140717.0
1993,cyp,10255.0
1993,cze,151219.0
1993,dnk,55766.0
1993,dji,14798.0
1993,dom,177637.0
1993,ecu,262790.0
1993,egy,1436544.0
1993,slv,136589.0
1993,gnq,8251.0
1993,eri,90349.0
1993,est,21220.0
1993,eth,1395706.0
1993,fji,18544.0
1993,fin,67287.0
1993,fra,763828.0
1993,gab,22727.0
1993,gmb,24827.0
1993,geo,82605.0
1993,deu,864098.0
1993,gha,430160.0
1993,grc,146769.0
1993,grd,2132.0
1993,gtm,253251.0
1993,gin,165740.0
1993,gnb,26959.0
1993,guy,18158.0
1993,hti,195416.0
1993,hnd,138877.0
1993,hkg,87441.0
1993,hun,144337.0
1993,isl,4221.0
1993,ind,20673527.0
1993,idn,4383271.0
1993,irn,1673175.0
1993,irq,502496.0
1993,irl,68574.0
1993,isr,97320.0
1993,ita,613487.0
1993,jam,53943.0
1993,jpn,1564819.0
1993,jor,101184.0
1993,kaz,309729.0
1993,ken,708789.0
1993,prk,337872.0
1993,kor,784050.0
1993,kwt,34136.0
1993,kgz,99409.0
1993,lao,107146.0
1993,lva,34214.0
1993,lbn,71186.0
1993,lso,46101.0
1993,lbr,52675.0
1993,lby,138172.0
1993,ltu,52593.0
1993,lux,4396.0
1993,mac,5636.0
1993,mkd,34060.0
1993,mdg,323892.0
1993,mwi,252719.0
1993,mys,438986.0
1993,mdv,6127.0
1993,mli,217624.0
1993,mlt,5840.0
1993,mrt,52659.0
1993,mus,22074.0
1993,mex,2102282.0
1993,fsm,2852.0
1993,mda,79495.0
1993,mng,55313.0
1993,mar,654525.0
1993,moz,383874.0
1993,mmr,919555.0
1993,nam,37333.0
1993,npl,496777.0
1993,nld,175956.0
1993,nzl,51673.0
1993,nic,122591.0
1993,ner,223233.0
1993,nga,2591411.0
1993,nor,50759.0
1993,omn,50205.0
1993,pak,2889920.0
1993,pan,54229.0
1993,png,106558.0
1993,pry,112905.0
1993,per,532504.0
1993,phl,1595338.0
1993,pol,684960.0
1993,prt,146662.0
1993,qat,7800.0
1993,rou,348017.0
1993,rus,2303278.0
1993,rwa,157283.0
1993,wsm,4014.0
1993,stp,3731.0
1993,sau,421373.0
1993,sen,215647.0
1993,sle,92615.0
1993,sgp,42896.0
1993,svk,92700.0
1993,svn,28543.0
1993,slb,8983.0
1993,som,159211.0
1993,zaf,937952.0
1993,esp,561937.0
1993,lka,378796.0
1993,kna,937.0
1993,lca,3344.0
1993,vct,2832.0
1993,sdn,698613.0
1993,sur,9328.0
1993,swz,25096.0
1993,swe,96233.0
1993,che,79466.0
1993,syr,399284.0
1993,tjk,131434.0
1993,tza,717259.0
1993,tha,1014004.0
1993,tgo,110690.0
1993,ton,2473.0
1993,tto,28850.0
1993,tun,203514.0
1993,tur,1390327.0
1993,tkm,90766.0
1993,uga,505310.0
1993,ukr,749099.0
1993,are,33228.0
1993,gbr,698731.0
1993,usa,3660057.0
1993,ury,52787.0
1993,uzb,509576.0
1993,vut,4119.0
1993,ven,482791.0
1993,vnm,1612664.0
1993,pse,58773.0
1993,yem,382853.0
1993,zmb,225070.0
1993,zwe,310699.0
1994,afg,431967.0
1994,alb,62917.0
1994,dza,746699.0
1994,ago,300885.0
1994,arg,656015.0
1994,arm,63319.0
1994,abw,1177.0
1994,aus,256287.0
1994,aut,95682.0
1994,aze,156816.0
1994,bhs,5832.0
1994,bhr,10496.0
1994,bgd,3014935.0
1994,brb,4312.0
1994,blr,160454.0
1994,bel,120801.0
1994,blz,5442.0
1994,ben,157237.0
1994,btn,12722.0
1994,bol,171040.0
1994,bih,56336.0
1994,bwa,41339.0
1994,bra,3666910.0
1994,brn,5433.0
1994,bgr,113238.0
1994,bfa,259008.0
1994,bdi,155646.0
1994,cpv,11115.0
1994,khm,309634.0
1994,cmr,352748.0
1994,can,395807.0
1994,caf,80497.0
1994,tcd,174088.0
1994,chl,256466.0
1994,chn,19298238.0
1994,col,830120.0
1994,com,16659.0
1994,cod,1118953.0
1994,cog,68907.0
1994,cri,72577.0
1994,civ,381465.0
1994,hrv,65126.0
1994,cub,147221.0
1994,cyp,10822.0
1994,cze,141458.0
1994,dnk,53856.0
1994,dji,15066.0
1994,dom,179132.0
1994,ecu,265956.0
1994,egy,1464910.0
1994,slv,133345.0
1994,gnq,8494.0
1994,eri,88148.0
1994,est,21064.0
1994,eth,1443895.0
1994,fji,18615.0
1994,fin,67002.0
1994,fra,770858.0
1994,gab,23549.0
1994,gmb,25784.0
1994,geo,81622.0
1994,deu,881764.0
1994,gha,443118.0
1994,grc,143487.0
1994,grd,2289.0
1994,gtm,259166.0
1994,gin,173275.0
1994,gnb,27899.0
1994,guy,18132.0
1994,hti,203980.0
1994,hnd,142431.0
1994,hkg,88206.0
1994,hun,133586.0
1994,isl,4241.0
1994,ind,21024250.0
1994,idn,4411492.0
1994,irn,1764116.0
1994,irq,514143.0
1994,irl,68135.0
1994,isr,99696.0
1994,ita,607624.0
1994,jam,54340.0
1994,jpn,1532666.0
1994,jor,105484.0
1994,kaz,307605.0
1994,ken,734962.0
1994,prk,368692.0
1994,kor,788271.0
1994,kwt,30754.0
1994,kgz,102090.0
1994,lao,109661.0
1994,lva,34681.0
1994,lbn,72558.0
1994,lso,47112.0
1994,lbr,53481.0
1994,lby,143106.0
1994,ltu,53284.0
1994,lux,4476.0
1994,mac,6235.0
1994,mkd,33968.0
1994,mdg,332426.0
1994,mwi,251647.0
1994,mys,456091.0
1994,mdv,6462.0
1994,mli,223901.0
1994,mlt,5828.0
1994,mrt,53979.0
1994,mus,21270.0
1994,mex,2101062.0
1994,fsm,2975.0
1994,mda,82052.0
1994,mng,55842.0
1994,mar,673174.0
1994,moz,387330.0
1994,mmr,929098.0
1994,nam,38320.0
1994,npl,510000.0
1994,nld,177898.0
1994,nzl,52047.0
1994,nic,125641.0
1994,ner,229651.0
1994,nga,2691157.0
1994,nor,51150.0
1994,omn,52037.0
1994,pak,3013081.0
1994,pan,54970.0
1994,png,109706.0
1994,pry,117105.0
1994,per,533156.0
1994,phl,1618204.0
1994,pol,689654.0
1994,prt,140716.0
1994,qat,7952.0
1994,rou,328655.0
1994,rus,2364937.0
1994,rwa,157843.0
1994,wsm,3883.0
1994,stp,3842.0
1994,sau,428507.0
1994,sen,223024.0
1994,sle,92837.0
1994,sgp,44514.0
1994,svk,90734.0
1994,svn,27834.0
1994,slb,9218.0
1994,som,151383.0
1994,zaf,956079.0
1994,esp,533685.0
1994,lka,376639.0
1994,kna,930.0
1994,lca,3401.0
1994,vct,2838.0
1994,sdn,716288.0
1994,sur,9812.0
1994,swz,25961.0
1994,swe,96992.0
1994,che,81682.0
1994,syr,414795.0
1994,tjk,136565.0
1994,tza,738792.0
1994,tha,1002314.0
1994,tgo,113626.0
1994,ton,2563.0
1994,tto,30284.0
1994,tun,206083.0
1994,tur,1397246.0
1994,tkm,93612.0
1994,uga,524524.0
1994,ukr,759767.0
1994,are,35935.0
1994,gbr,715947.0
1994,usa,3742705.0
1994,ury,51479.0
1994,uzb,527965.0
1994,vut,4273.0
1994,ven,489014.0
1994,vnm,1635273.0
1994,pse,60214.0
1994,yem,402731.0
1994,zmb,229596.0
1994,zwe,319292.0
1995,afg,458514.0
1995,alb,62749.0
1995,dza,761733.0
1995,ago,310292.0
1995,arg,649449.0
1995,arm,63663.0
1995,abw,1210.0
1995,aus,261066.0
1995,aut,97424.0
1995,aze,162584.0
1995,bhs,5948.0
1995,bhr,10706.0
1995,bgd,3090936.0
1995,brb,4383.0
1995,blr,163591.0
1995,bel,120984.0
1995,blz,5555.0
1995,ben,164203.0
1995,btn,12758.0
1995,bol,174861.0
1995,bih,53868.0
1995,bwa,42213.0
1995,bra,3697313.0
1995,brn,5521.0
1995,bgr,109673.0
1995,bfa,265890.0
1995,bdi,162333.0
1995,cpv,11490.0
1995,khm,336682.0
1995,cmr,363703.0
1995,can,400065.0
1995,caf,82465.0
1995,tcd,180106.0
1995,chl,265185.0
1995,chn,20034665.0
1995,col,834689.0
1995,com,17137.0
1995,cod,1155122.0
1995,cog,70445.0
1995,cri,74879.0
1995,civ,397994.0
1995,hrv,64511.0
1995,cub,153557.0
1995,cyp,11192.0
1995,cze,134190.0
1995,dnk,52909.0
1995,dji,15459.0
1995,dom,180559.0
1995,ecu,268712.0
1995,egy,1495904.0
1995,slv,131205.0
1995,gnq,8747.0
1995,eri,87329.0
1995,est,21130.0
1995,eth,1492768.0
1995,fji,18535.0
1995,fin,66497.0
1995,fra,775725.0
1995,gab,24457.0
1995,gmb,26742.0
1995,geo,81083.0
1995,deu,900039.0
1995,gha,455720.0
1995,grc,139823.0
1995,grd,2439.0
1995,gtm,264204.0
1995,gin,180105.0
1995,gnb,28822.0
1995,guy,17847.0
1995,hti,210517.0
1995,hnd,145735.0
1995,hkg,88051.0
1995,hun,125883.0
1995,isl,4249.0
1995,ind,21365343.0
1995,idn,4423140.0
1995,irn,1828642.0
1995,irq,528983.0
1995,irl,67228.0
1995,isr,101803.0
1995,ita,600659.0
1995,jam,54593.0
1995,jpn,1497153.0
1995,jor,108980.0
1995,kaz,307989.0
1995,ken,760918.0
1995,prk,388411.0
1995,kor,780052.0
1995,kwt,28801.0
1995,kgz,105115.0
1995,lao,113097.0
1995,lva,35452.0
1995,lbn,73407.0
1995,lso,48035.0
1995,lbr,55690.0
1995,lby,144615.0
1995,ltu,54012.0
1995,lux,4564.0
1995,mac,6786.0
1995,mkd,33788.0
1995,mdg,341825.0
1995,mwi,251967.0
1995,mys,469673.0
1995,mdv,6773.0
1995,mli,230205.0
1995,mlt,5811.0
1995,mrt,55309.0
1995,mus,20534.0
1995,mex,2102197.0
1995,fsm,3049.0
1995,mda,84408.0
1995,mng,56986.0
1995,mar,685939.0
1995,moz,392751.0
1995,mmr,938315.0
1995,nam,39667.0
1995,npl,522938.0
1995,nld,180258.0
1995,nzl,52685.0
1995,nic,127904.0
1995,ner,236546.0
1995,nga,2785138.0
1995,nor,51789.0
1995,omn,53469.0
1995,pak,3159693.0
1995,pan,55808.0
1995,png,112705.0
1995,pry,120661.0
1995,per,535204.0
1995,phl,1643730.0
1995,pol,686598.0
1995,prt,134924.0
1995,qat,8183.0
1995,rou,319432.0
1995,rus,2422495.0
1995,rwa,165669.0
1995,wsm,3823.0
1995,stp,3888.0
1995,sau,437141.0
1995,sen,230537.0
1995,sle,93867.0
1995,sgp,46002.0
1995,svk,88869.0
1995,svn,27228.0
1995,slb,9420.0
1995,som,147477.0
1995,zaf,968003.0
1995,esp,507754.0
1995,lka,372666.0
1995,kna,893.0
1995,lca,3433.0
1995,vct,2848.0
1995,sdn,733135.0
1995,sur,10123.0
1995,swz,26799.0
1995,swe,98580.0
1995,che,83268.0
1995,syr,427819.0
1995,tjk,142458.0
1995,tza,761379.0
1995,tha,994643.0
1995,tgo,116972.0
1995,ton,2607.0
1995,tto,31200.0
1995,tun,208804.0
1995,tur,1396997.0
1995,tkm,96850.0
1995,uga,544773.0
1995,ukr,767146.0
1995,are,38920.0
1995,gbr,731264.0
1995,usa,3821798.0
1995,ury,50695.0
1995,uzb,546986.0
1995,vut,4409.0
1995,ven,496900.0
1995,vnm,1665619.0
1995,pse,62505.0
1995,yem,422055.0
1995,zmb,234805.0
1995,zwe,326682.0
1996,afg,477678.0
1996,alb,63669.0
1996,dza,768764.0
1996,ago,319314.0
1996,arg,649300.0
1996,arm,64422.0
1996,abw,1257.0
1996,aus,263676.0
1996,aut,97556.0
1996,aze,168900.0
1996,bhs,5932.0
1996,bhr,10820.0
1996,bgd,3146210.0
1996,brb,4417.0
1996,blr,166189.0
1996,bel,120863.0
1996,blz,5636.0
1996,ben,169640.0
1996,btn,13039.0
1996,bol,178568.0
1996,bih,52774.0
1996,bwa,42899.0
1996,bra,3695850.0
1996,brn,5616.0
1996,bgr,107698.0
1996,bfa,273022.0
1996,bdi,168868.0
1996,cpv,11832.0
1996,khm,349746.0
1996,cmr,373474.0
1996,can,402573.0
1996,caf,84795.0
1996,tcd,186204.0
1996,chl,272638.0
1996,chn,20969285.0
1996,col,840243.0
1996,com,17391.0
1996,cod,1186815.0
1996,cog,71938.0
1996,cri,77542.0
1996,civ,411652.0
1996,hrv,63178.0
1996,cub,159479.0
1996,cyp,11337.0
1996,cze,129976.0
1996,dnk,53035.0
1996,dji,15999.0
1996,dom,181877.0
1996,ecu,271084.0
1996,egy,1531318.0
1996,slv,130413.0
1996,gnq,9014.0
1996,eri,88234.0
1996,est,21500.0
1996,eth,1541854.0
1996,fji,18271.0
1996,fin,65688.0
1996,fra,778041.0
1996,gab,25466.0
1996,gmb,27691.0
1996,geo,81092.0
1996,deu,918862.0
1996,gha,467874.0
1996,grc,135764.0
1996,grd,2575.0
1996,gtm,268136.0
1996,gin,186086.0
1996,gnb,29717.0
1996,guy,17246.0
1996,hti,214660.0
1996,hnd,148713.0
1996,hkg,86735.0
1996,hun,121898.0
1996,isl,4239.0
1996,ind,21691046.0
1996,idn,4415988.0
1996,irn,1861090.0
1996,irq,547629.0
1996,irl,65796.0
1996,isr,103624.0
1996,ita,591677.0
1996,jam,54625.0
1996,jpn,1458017.0
1996,jor,111542.0
1996,kaz,311460.0
1996,ken,787235.0
1996,prk,393883.0
1996,kor,756102.0
1996,kwt,28597.0
1996,kgz,108543.0
1996,lao,117547.0
1996,lva,36629.0
1996,lbn,73602.0
1996,lso,48864.0
1996,lbr,59613.0
1996,lby,142146.0
1996,ltu,54781.0
1996,lux,4657.0
1996,mac,7279.0
1996,mkd,33494.0
1996,mdg,352194.0
1996,mwi,253983.0
1996,mys,478828.0
1996,mdv,7057.0
1996,mli,236513.0
1996,mlt,5794.0
1996,mrt,56644.0
1996,mus,19861.0
1996,mex,2106008.0
1996,fsm,3067.0
1996,mda,86614.0
1996,mng,58901.0
1996,mar,691812.0
1996,moz,400537.0
1996,mmr,947382.0
1996,nam,41418.0
1996,npl,535260.0
1996,nld,182910.0
1996,nzl,53584.0
1996,nic,129178.0
1996,ner,243994.0
1996,nga,2871461.0
1996,nor,52650.0
1996,omn,54448.0
1996,pak,3334979.0
1996,pan,56762.0
1996,png,115500.0
1996,pry,123438.0
1996,per,538825.0
1996,phl,1672274.0
1996,pol,674748.0
1996,prt,129347.0
1996,qat,8514.0
1996,rou,323153.0
1996,rus,2479172.0
1996,rwa,182411.0
1996,wsm,3846.0
1996,stp,3859.0
1996,sau,447725.0
1996,sen,238213.0
1996,sle,95848.0
1996,sgp,47187.0
1996,svk,87186.0
1996,svn,26775.0
1996,slb,9579.0
1996,som,148442.0
1996,zaf,972480.0
1996,esp,484720.0
1996,lka,366629.0
1996,kna,879.0
1996,lca,3438.0
1996,vct,2862.0
1996,sdn,748994.0
1996,sur,10227.0
1996,swz,27606.0
1996,swe,100964.0
1996,che,83978.0
1996,syr,438171.0
1996,tjk,149264.0
1996,tza,785463.0
1996,tha,991748.0
1996,tgo,120813.0
1996,ton,2597.0
1996,tto,31520.0
1996,tun,211772.0
1996,tur,1388324.0
1996,tkm,100484.0
1996,uga,566024.0
1996,ukr,771113.0
1996,are,42280.0
1996,gbr,743604.0
1996,usa,3894292.0
1996,ury,50549.0
1996,uzb,566346.0
1996,vut,4525.0
1996,ven,506949.0
1996,vnm,1704386.0
1996,pse,65844.0
1996,yem,440510.0
1996,zmb,240869.0
1996,zwe,332699.0
1997,afg,490874.0
1997,alb,65455.0
1997,dza,768632.0
1997,ago,328050.0
1997,arg,654122.0
1997,arm,65469.0
1997,abw,1280.0
1997,aus,264595.0
1997,aut,96349.0
1997,aze,175516.0
1997,bhs,5812.0
1997,bhr,10851.0
1997,bgd,3184011.0
1997,brb,4426.0
1997,blr,168201.0
1997,bel,120515.0
1997,blz,5693.0
1997,ben,173826.0
1997,btn,13515.0
1997,bol,182231.0
1997,bih,52802.0
1997,bwa,43404.0
1997,bra,3666284.0
1997,brn,5718.0
1997,bgr,107010.0
1997,bfa,280459.0
1997,bdi,175235.0
1997,cpv,12134.0
1997,khm,351210.0
1997,cmr,382186.0
1997,can,403534.0
1997,caf,87405.0
1997,tcd,192404.0
1997,chl,279073.0
1997,chn,22078187.0
1997,col,846270.0
1997,com,17459.0
1997,cod,1214865.0
1997,cog,73398.0
1997,cri,80432.0
1997,civ,422776.0
1997,hrv,61231.0
1997,cub,165273.0
1997,cyp,11075.0
1997,cze,128335.0
1997,dnk,54104.0
1997,dji,16650.0
1997,dom,183131.0
1997,ecu,273075.0
1997,egy,1569837.0
1997,slv,130734.0
1997,gnq,9299.0
1997,eri,90580.0
1997,est,22108.0
1997,eth,1591276.0
1997,fji,17850.0
1997,fin,64577.0
1997,fra,778615.0
1997,gab,26549.0
1997,gmb,28638.0
1997,geo,81525.0
1997,deu,936910.0
1997,gha,479556.0
1997,grc,131297.0
1997,grd,2701.0
1997,gtm,271177.0
1997,gin,191330.0
1997,gnb,30602.0
1997,guy,16396.0
1997,hti,216699.0
1997,hnd,151380.0
1997,hkg,84467.0
1997,hun,120969.0
1997,isl,4217.0
1997,ind,22000954.0
1997,idn,4392872.0
1997,irn,1864808.0
1997,irq,569539.0
1997,irl,63939.0
1997,isr,105228.0
1997,ita,581896.0
1997,jam,54501.0
1997,jpn,1418091.0
1997,jor,113325.0
1997,kaz,317358.0
1997,ken,813561.0
1997,prk,388209.0
1997,kor,719982.0
1997,kwt,29838.0
1997,kgz,112268.0
1997,lao,122838.0
1997,lva,38123.0
1997,lbn,73265.0
1997,lso,49607.0
1997,lbr,65000.0
1997,lby,136362.0
1997,ltu,55569.0
1997,lux,4754.0
1997,mac,7717.0
1997,mkd,33085.0
1997,mdg,363424.0
1997,mwi,257384.0
1997,mys,484314.0
1997,mdv,7311.0
1997,mli,242892.0
1997,mlt,5773.0
1997,mrt,57991.0
1997,mus,19231.0
1997,mex,2112863.0
1997,fsm,3037.0
1997,mda,88624.0
1997,mng,61401.0
1997,mar,691776.0
1997,moz,410341.0
1997,mmr,956454.0
1997,nam,43495.0
1997,npl,547110.0
1997,nld,185865.0
1997,nzl,54723.0
1997,nic,129619.0
1997,ner,251979.0
1997,nga,2951371.0
1997,nor,53741.0
1997,omn,55025.0
1997,pak,3531960.0
1997,pan,57828.0
1997,png,118191.0
1997,pry,125508.0
1997,per,543646.0
1997,phl,1703049.0
1997,pol,655188.0
1997,prt,124024.0
1997,qat,8923.0
1997,rou,337081.0
1997,rus,2532659.0
1997,rwa,206348.0
1997,wsm,3940.0
1997,stp,3766.0
1997,sau,459595.0
1997,sen,245988.0
1997,sle,98626.0
1997,sgp,48176.0
1997,svk,85623.0
1997,svn,26433.0
1997,slb,9704.0
1997,som,153488.0
1997,zaf,970756.0
1997,esp,464330.0
1997,lka,358785.0
1997,kna,821.0
1997,lca,3417.0
1997,vct,2878.0
1997,sdn,764115.0
1997,sur,10160.0
1997,swz,28372.0
1997,swe,104027.0
1997,che,83954.0
1997,syr,446040.0
1997,tjk,156781.0
1997,tza,810662.0
1997,tha,993344.0
1997,tgo,125058.0
1997,ton,2537.0
1997,tto,31321.0
1997,tun,214773.0
1997,tur,1372796.0
1997,tkm,104393.0
1997,uga,588216.0
1997,ukr,771838.0
1997,are,45932.0
1997,gbr,753440.0
1997,usa,3960674.0
1997,ury,50934.0
1997,uzb,585749.0
1997,vut,4620.0
1997,ven,518477.0
1997,vnm,1749272.0
1997,pse,70077.0
1997,yem,458191.0
1997,zmb,247655.0
1997,zwe,337406.0
1998,afg,500854.0
1998,alb,67575.0
1998,dza,763800.0
1998,and,612.0
1998,ago,337000.0
1998,arg,662263.0
1998,arm,66477.0
1998,abw,1301.0
1998,aus,264591.0
1998,aut,94454.0
1998,aze,181811.0
1998,bhs,5645.0
1998,bhr,10864.0
1998,bgd,3211787.0
1998,brb,4411.0
1998,blr,169016.0
1998,bel,120142.0
1998,blz,5738.0
1998,ben,177305.0
1998,btn,14100.0
1998,bol,186043.0
1998,bih,53447.0
1998,bwa,43750.0
1998,bra,3616285.0
1998,brn,5831.0
1998,bgr,106873.0
1998,bfa,288349.0
1998,bdi,181260.0
1998,cpv,12391.0
1998,khm,345656.0
1998,cmr,390259.0
1998,can,403945.0
1998,caf,90181.0
1998,tcd,198833.0
1998,chl,284583.0
1998,chn,23155952.0
1998,col,853092.0
1998,com,17418.0
1998,cod,1240990.0
1998,cog,74883.0
1998,cri,83246.0
1998,civ,431906.0
1998,hrv,58975.0
1998,cub,170236.0
1998,cyp,11099.0
1998,cze,128488.0
1998,dnk,55904.0
1998,dji,17359.0
1998,dma,1630.0
1998,dom,184448.0
1998,ecu,274664.0
1998,egy,1605549.0
1998,slv,131936.0
1998,gnq,9592.0
1998,eri,93845.0
1998,est,22711.0
1998,eth,1641893.0
1998,fji,17374.0
1998,fin,63447.0
1998,fra,777167.0
1998,gab,27632.0
1998,gmb,29604.0
1998,geo,82054.0
1998,deu,951272.0
1998,gha,490703.0
1998,grc,126729.0
1998,grd,2887.0
1998,gtm,274057.0
1998,gin,195947.0
1998,gnb,31506.0
1998,guy,15443.0
1998,hti,217240.0
1998,hnd,153927.0
1998,hkg,81834.0
1998,hun,122172.0
1998,isl,4195.0
1998,ind,22307617.0
1998,idn,4360086.0
1998,irn,1848417.0
1998,irq,592878.0
1998,irl,61864.0
1998,isr,106590.0
1998,ita,572386.0
1998,jam,54360.0
1998,jpn,1378302.0
1998,jor,114569.0
1998,kaz,323821.0
1998,ken,837430.0
1998,kir,1983.0
1998,prk,376468.0
1998,kor,679678.0
1998,kwt,31999.0
1998,kgz,115901.0
1998,lao,128621.0
1998,lva,39513.0
1998,lbn,72682.0
1998,lso,50233.0
1998,lbr,70991.0
1998,lby,128646.0
1998,ltu,56203.0
1998,lux,4858.0
1998,mac,8069.0
1998,mkd,32630.0
1998,mdg,375377.0
1998,mwi,262478.0
1998,mys,487593.0
1998,mdv,7533.0
1998,mli,249459.0
1998,mlt,5744.0
1998,mhl,1498.0
1998,mrt,59361.0
1998,mus,18742.0
1998,mex,2122326.0
1998,fsm,2974.0
1998,mda,73232.0
1998,mng,63971.0
1998,mar,687436.0
1998,moz,421593.0
1998,mmr,964021.0
1998,nam,45751.0
1998,npl,559244.0
1998,nld,188949.0
1998,nzl,56017.0
1998,nic,129692.0
1998,ner,260474.0
1998,nga,3027752.0
1998,nor,55011.0
1998,omn,55307.0
1998,pak,3728916.0
1998,plw,339.0
1998,pan,58892.0
1998,png,120855.0
1998,pry,127058.0
1998,per,549607.0
1998,phl,1735364.0
1998,pol,630754.0
1998,prt,119200.0
1998,qat,9360.0
1998,rou,354505.0
1998,rus,2565742.0
1998,rwa,232783.0
1998,wsm,4073.0
1998,stp,3645.0
1998,sau,472052.0
1998,sen,253634.0
1998,syc,1397.0
1998,sle,102019.0
1998,sgp,49277.0
1998,svk,84150.0
1998,svn,26115.0
1998,slb,9821.0
1998,som,160910.0
1998,zaf,965843.0
1998,esp,447059.0
1998,lka,350136.0
1998,kna,776.0
1998,lca,3382.0
1998,vct,2889.0
1998,sdn,778955.0
1998,sur,9962.0
1998,swz,29074.0
1998,swe,107594.0
1998,che,83621.0
1998,syr,451301.0
1998,tjk,164205.0
1998,tza,835562.0
1998,tha,996685.0
1998,tls,20632.0
1998,tgo,129530.0
1998,ton,2456.0
1998,tto,30677.0
1998,tun,217323.0
1998,tur,1354890.0
1998,tkm,108306.0
1998,uga,611350.0
1998,ukr,767703.0
1998,are,49418.0
1998,gbr,760967.0
1998,usa,4022167.0
1998,ury,51674.0
1998,uzb,604456.0
1998,vut,4707.0
1998,ven,530139.0
1998,vnm,1796334.0
1998,pse,74718.0
1998,yem,475308.0
1998,zmb,254836.0
1998,zwe,341040.0
1999,afg,511811.0
1999,alb,69272.0
1999,dza,757924.0
1999,and,642.0
1999,ago,346866.0
1999,arg,670991.0
1999,arm,66993.0
1999,abw,1314.0
1999,aus,264865.0
1999,aut,92842.0
1999,aze,186991.0
1999,bhs,5513.0
1999,bhr,10942.0
1999,bgd,3240766.0
1999,brb,4383.0
1999,blr,167871.0
1999,bel,120053.0
1999,blz,5794.0
1999,ben,180899.0
1999,btn,14672.0
1999,bol,190282.0
1999,bih,53945.0
1999,bwa,43980.0
1999,bra,3557206.0
1999,brn,5960.0
1999,bgr,106208.0
1999,bfa,296892.0
1999,bdi,186743.0
1999,cpv,12600.0
1999,khm,340091.0
1999,cmr,398326.0
1999,can,405254.0
1999,cym,422.0
1999,caf,92939.0
1999,tcd,205656.0
1999,chl,289466.0
1999,chn,23936124.0
1999,col,861033.0
1999,com,17382.0
1999,cod,1267713.0
1999,cog,76472.0
1999,cri,85581.0
1999,civ,439933.0
1999,hrv,56847.0
1999,cub,173616.0
1999,cyp,10888.0
1999,cze,129186.0
1999,dnk,58115.0
1999,dji,18050.0
1999,dma,1629.0
1999,dom,186005.0
1999,ecu,275821.0
1999,egy,1630396.0
1999,slv,133602.0
1999,gnq,9888.0
1999,eri,97220.0
1999,est,22963.0
1999,eth,1694938.0
1999,fji,16981.0
1999,fin,62678.0
1999,fra,773619.0
1999,gab,28610.0
1999,gmb,30621.0
1999,geo,82218.0
1999,deu,958304.0
1999,gha,501255.0
1999,grc,122455.0
1999,grd,2767.0
1999,gtm,277773.0
1999,gin,200137.0
1999,gnb,32479.0
1999,guy,14594.0
1999,hti,217207.0
1999,hnd,156616.0
1999,hkg,79674.0
1999,hun,124021.0
1999,isl,4197.0
1999,ind,22628277.0
1999,idn,4326626.0
1999,irn,1825128.0
1999,irq,615084.0
1999,irl,59863.0
1999,isr,107704.0
1999,ita,564924.0
1999,jam,54413.0
1999,jpn,1340184.0
1999,jor,115639.0
1999,kaz,328248.0
1999,ken,855589.0
1999,kir,2028.0
1999,prk,366474.0
1999,kor,646664.0
1999,kwt,34266.0
1999,kgz,118925.0
1999,lao,134405.0
1999,lva,40233.0
1999,lbn,72264.0
1999,lso,50712.0
1999,lbr,76379.0
1999,lby,121005.0
1999,ltu,56459.0
1999,lux,4968.0
1999,mac,8298.0
1999,mkd,32226.0
1999,mdg,387824.0
1999,mwi,269491.0
1999,mys,490905.0
1999,mdv,7715.0
1999,mli,256376.0
1999,mlt,5708.0
1999,mhl,1524.0
1999,mrt,60771.0
1999,mus,18517.0
1999,mex,2133691.0
1999,fsm,2906.0
1999,mda,75997.0
1999,mng,65897.0
1999,mar,681293.0
1999,moz,433397.0
1999,mmr,968176.0
1999,nam,47971.0
1999,npl,572723.0
1999,nld,191988.0
1999,nzl,57353.0
1999,nic,130059.0
1999,ner,269423.0
1999,nga,3105027.0
1999,nor,56397.0
1999,omn,55458.0
1999,pak,3896306.0
1999,plw,348.0
1999,pan,59802.0
1999,png,123617.0
1999,pry,128389.0
1999,per,556493.0
1999,phl,1768105.0
1999,pol,605496.0
1999,prt,115157.0
1999,qat,9759.0
1999,rou,365786.0
1999,rus,2555987.0
1999,rwa,255092.0
1999,wsm,4203.0
1999,stp,3543.0
1999,sau,483988.0
1999,sen,260850.0
1999,syc,1390.0
1999,sle,105722.0
1999,sgp,50943.0
1999,svk,82686.0
1999,svn,25684.0
1999,slb,9962.0
1999,som,168153.0
1999,zaf,962076.0
1999,esp,433222.0
1999,lka,342045.0
1999,kna,801.0
1999,lca,3348.0
1999,vct,2882.0
1999,sdn,794163.0
1999,sur,9700.0
1999,swz,29680.0
1999,swe,111430.0
1999,che,83613.0
1999,syr,453920.0
1999,tjk,170468.0
1999,tza,858228.0
1999,tha,998045.0
1999,tls,20894.0
1999,tgo,133966.0
1999,ton,2385.0
1999,tto,29719.0
1999,tun,218763.0
1999,tur,1340774.0
1999,tkm,111866.0
1999,uga,635422.0
1999,ukr,756818.0
1999,are,52131.0
1999,gbr,766890.0
1999,usa,4081420.0
1999,ury,52499.0
1999,uzb,621602.0
1999,vut,4787.0
1999,ven,540029.0
1999,vnm,1840076.0
1999,pse,79081.0
1999,yem,492237.0
1999,zmb,261938.0
1999,zwe,343970.0
2000,afg,526777.0
2000,alb,70006.0
2000,dza,753520.0
2000,and,644.0
2000,ago,358073.0
2000,arg,678276.0
2000,arm,66697.0
2000,abw,1357.0
2000,aus,266237.0
2000,aut,92190.0
2000,aze,190458.0
2000,bhs,5475.0
2000,bhr,11143.0
2000,bgd,3278616.0
2000,brb,4344.0
2000,blr,164302.0
2000,bel,120436.0
2000,blz,5876.0
2000,ben,185201.0
2000,bmu,767.0
2000,btn,15136.0
2000,bol,195102.0
2000,bih,53769.0
2000,bwa,44124.0
2000,bra,3498183.0
2000,brn,6106.0
2000,bgr,104259.0
2000,bfa,306203.0
2000,bdi,191557.0
2000,cpv,12762.0
2000,khm,339469.0
2000,cmr,406801.0
2000,can,408376.0
2000,cym,441.0
2000,caf,95548.0
2000,tcd,212981.0
2000,chl,293886.0
2000,chn,24238086.0
2000,col,870206.0
2000,com,17434.0
2000,cod,1296929.0
2000,cog,78216.0
2000,cri,87148.0
2000,civ,447525.0
2000,hrv,55154.0
2000,cub,174914.0
2000,cyp,11237.0
2000,cze,129472.0
2000,dnk,60466.0
2000,dji,18664.0
2000,dma,1622.0
2000,dom,187915.0
2000,ecu,276554.0
2000,egy,1639152.0
2000,slv,135413.0
2000,gnq,10179.0
2000,eri,100115.0
2000,est,22637.0
2000,eth,1751121.0
2000,fji,16773.0
2000,fin,62522.0
2000,fra,768064.0
2000,gab,29408.0
2000,gmb,31708.0
2000,geo,81690.0
2000,deu,955714.0
2000,gha,511166.0
2000,grc,118756.0
2000,grd,2784.0
2000,gtm,283019.0
2000,gin,204068.0
2000,gnb,33545.0
2000,guy,14002.0
2000,hti,217305.0
2000,hnd,159617.0
2000,hkg,78560.0
2000,hun,125388.0
2000,isl,4232.0
2000,ind,22972610.0
2000,idn,4299093.0
2000,irn,1804151.0
2000,irq,634347.0
2000,irl,58154.0
2000,isr,108583.0
2000,ita,560661.0
2000,jam,54791.0
2000,jpn,1305012.0
2000,jor,116826.0
2000,kaz,328778.0
2000,ken,866049.0
2000,kir,2118.0
2000,prk,363720.0
2000,kor,628829.0
2000,kwt,36050.0
2000,kgz,120974.0
2000,lao,139791.0
2000,lva,39905.0
2000,lbn,72307.0
2000,lso,51026.0
2000,lbr,80330.0
2000,lby,114924.0
2000,ltu,56184.0
2000,lux,5089.0
2000,mac,8382.0
2000,mkd,31933.0
2000,mdg,400593.0
2000,mwi,278525.0
2000,mys,495813.0
2000,mdv,7858.0
2000,mli,263762.0
2000,mlt,5658.0
2000,mhl,1187.0
2000,mrt,62236.0
2000,mus,18628.0
2000,mex,2146180.0
2000,fsm,2848.0
2000,mda,72484.0
2000,mng,66677.0
2000,mar,675207.0
2000,moz,445093.0
2000,mmr,967650.0
2000,nam,49991.0
2000,npl,588193.0
2000,nld,194836.0
2000,nzl,58637.0
2000,nic,131163.0
2000,ner,278794.0
2000,nga,3186255.0
2000,nor,57843.0
2000,omn,55604.0
2000,pak,4013605.0
2000,plw,297.0
2000,pan,60460.0
2000,png,126565.0
2000,pry,129715.0
2000,per,564024.0
2000,phl,1800317.0
2000,pol,582375.0
2000,prt,112085.0
2000,qat,10073.0
2000,rou,364321.0
2000,rus,2489330.0
2000,rwa,268645.0
2000,wsm,4298.0
2000,stp,3492.0
2000,sau,494582.0
2000,sen,267438.0
2000,syc,1375.0
2000,sle,109507.0
2000,sgp,53440.0
2000,svk,81166.0
2000,svn,25055.0
2000,slb,10151.0
2000,som,173435.0
2000,zaf,962508.0
2000,esp,422933.0
2000,lka,335473.0
2000,kna,810.0
2000,lca,3326.0
2000,vct,2852.0
2000,sdn,810219.0
2000,sur,9425.0
2000,swz,30167.0
2000,swe,115291.0
2000,che,84350.0
2000,syr,454018.0
2000,tjk,174824.0
2000,tza,877414.0
2000,tha,994826.0
2000,tls,21382.0
2000,tgo,138179.0
2000,ton,2350.0
2000,tto,28561.0
2000,tun,218633.0
2000,tur,1334757.0
2000,tkm,114788.0
2000,uga,660383.0
2000,ukr,738073.0
2000,are,53668.0
2000,gbr,771680.0
2000,usa,4139826.0
2000,ury,53199.0
2000,uzb,636402.0
2000,vut,4873.0
2000,ven,546829.0
2000,vnm,1876047.0
2000,pse,82691.0
2000,yem,509215.0
2000,zmb,268631.0
2000,zwe,346462.0
2001,afg,546360.0
2001,alb,69608.0
2001,dza,752220.0
2001,and,664.0
2001,ago,371022.0
2001,atg,1428.0
2001,arg,683833.0
2001,arm,65502.0
2001,abw,1383.0
2001,aus,269003.0
2001,aut,92747.0
2001,aze,192067.0
2001,bhs,5551.0
2001,bhr,11500.0
2001,bgd,3329314.0
2001,brb,4299.0
2001,blr,158040.0
2001,bel,121408.0
2001,blz,5986.0
2001,ben,190385.0
2001,bmu,779.0
2001,btn,15472.0
2001,bol,200655.0
2001,bih,52692.0
2001,bwa,44188.0
2001,bra,3440414.0
2001,brn,6273.0
2001,bgr,100832.0
2001,bfa,316381.0
2001,bdi,195664.0
2001,cpv,12876.0
2001,khm,345401.0
2001,cmr,416052.0
2001,can,413967.0
2001,cym,453.0
2001,caf,97965.0
2001,tcd,220878.0
2001,chl,297932.0
2001,chn,23958314.0
2001,col,880977.0
2001,com,17594.0
2001,cod,1329312.0
2001,cog,80164.0
2001,cri,87839.0
2001,civ,454825.0
2001,hrv,53999.0
2001,cub,173693.0
2001,cyp,10645.0
2001,cze,129363.0
2001,dnk,62937.0
2001,dji,19195.0
2001,dma,1378.0
2001,dom,190234.0
2001,ecu,276776.0
2001,egy,1628986.0
2001,slv,137337.0
2001,gnq,10462.0
2001,eri,102437.0
2001,est,21629.0
2001,eth,1810800.0
2001,fji,16785.0
2001,fin,63145.0
2001,fra,760010.0
2001,gab,30005.0
2001,gmb,32873.0
2001,geo,80408.0
2001,deu,941740.0
2001,gha,520507.0
2001,grc,115777.0
2001,grd,2804.0
2001,gtm,290113.0
2001,gin,207758.0
2001,gnb,34721.0
2001,guy,13702.0
2001,hti,217657.0
2001,hnd,163024.0
2001,hkg,78732.0
2001,hun,126180.0
2001,isl,4312.0
2001,ind,23350123.0
2001,idn,4280112.0
2001,irn,1790869.0
2001,irq,649860.0
2001,irl,56812.0
2001,isr,109163.0
2001,ita,560054.0
2001,jam,55571.0
2001,jpn,1272200.0
2001,jor,118094.0
2001,kaz,325030.0
2001,ken,867556.0
2001,kir,2058.0
2001,prk,369641.0
2001,kor,629157.0
2001,kwt,37201.0
2001,kgz,121908.0
2001,lao,144701.0
2001,lva,38367.0
2001,lbn,72875.0
2001,lso,51143.0
2001,lbr,82466.0
2001,lby,110828.0
2001,ltu,55316.0
2001,lux,5218.0
2001,mac,8304.0
2001,mkd,31804.0
2001,mdg,413585.0
2001,mwi,289783.0
2001,mys,502913.0
2001,mdv,7961.0
2001,mli,271601.0
2001,mlt,5591.0
2001,mhl,1208.0
2001,mrt,63758.0
2001,mus,19148.0
2001,mex,2160173.0
2001,fsm,2806.0
2001,mda,72626.0
2001,mng,66155.0
2001,mar,669650.0
2001,moz,456617.0
2001,mmr,961668.0
2001,nam,51773.0
2001,npl,605968.0
2001,nld,197444.0
2001,nzl,59869.0
2001,nic,133224.0
2001,ner,288561.0
2001,nga,3272636.0
2001,nor,59332.0
2001,omn,55748.0
2001,pak,4071035.0
2001,plw,303.0
2001,pan,60798.0
2001,png,129655.0
2001,pry,131091.0
2001,per,572508.0
2001,phl,1832524.0
2001,pol,562572.0
2001,prt,110110.0
2001,qat,10283.0
2001,rou,347383.0
2001,rus,2357830.0
2001,rwa,271706.0
2001,wsm,4346.0
2001,stp,3508.0
2001,sau,503789.0
2001,sen,273323.0
2001,syc,1394.0
2001,sle,113339.0
2001,sgp,56936.0
2001,svk,79646.0
2001,svn,24190.0
2001,slb,10393.0
2001,som,176063.0
2001,zaf,968340.0
2001,esp,416828.0
2001,lka,330909.0
2001,kna,783.0
2001,lca,3319.0
2001,vct,2793.0
2001,sdn,827085.0
2001,sur,9133.0
2001,swz,30530.0
2001,swe,119344.0
2001,che,86013.0
2001,syr,451370.0
2001,tjk,176944.0
2001,tza,892649.0
2001,tha,985859.0
2001,tls,22118.0
2001,tgo,142115.0
2001,ton,2361.0
2001,tto,27206.0
2001,tun,216860.0
2001,tur,1338379.0
2001,tkm,117103.0
2001,uga,686324.0
2001,ukr,710857.0
2001,are,53817.0
2001,gbr,775343.0
2001,usa,4199201.0
2001,ury,53745.0
2001,uzb,649224.0
2001,vut,4961.0
2001,ven,550073.0
2001,vnm,1905082.0
2001,pse,85304.0
2001,yem,526350.0
2001,zmb,274736.0
2001,zwe,348623.0
2002,afg,569501.0
2002,alb,68279.0
2002,dza,752960.0
2002,and,696.0
2002,ago,385390.0
2002,atg,1455.0
2002,arg,688306.0
2002,arm,63526.0
2002,abw,1416.0
2002,aus,272725.0
2002,aut,94200.0
2002,aze,191891.0
2002,bhs,5712.0
2002,bhr,11984.0
2002,bgd,3389137.0
2002,brb,4241.0
2002,blr,149434.0
2002,bel,122817.0
2002,blz,6123.0
2002,ben,196247.0
2002,bmu,782.0
2002,btn,15701.0
2002,bol,206749.0
2002,bih,50936.0
2002,bwa,44171.0
2002,bra,3383912.0
2002,brn,6458.0
2002,bgr,96252.0
2002,bfa,327316.0
2002,bdi,199125.0
2002,cpv,12948.0
2002,khm,355880.0
2002,cmr,425856.0
2002,can,421374.0
2002,cym,465.0
2002,caf,100226.0
2002,tcd,229284.0
2002,chl,301332.0
2002,chn,23170806.0
2002,col,893025.0
2002,com,17844.0
2002,cod,1364534.0
2002,cog,82283.0
2002,cri,87762.0
2002,civ,461659.0
2002,hrv,53287.0
2002,cub,170091.0
2002,cyp,10913.0
2002,cze,129058.0
2002,dnk,65508.0
2002,dji,19651.0
2002,dma,1378.0
2002,dom,192886.0
2002,ecu,276568.0
2002,egy,1603112.0
2002,slv,139442.0
2002,gnq,10739.0
2002,eri,104403.0
2002,est,20062.0
2002,eth,1873163.0
2002,fji,16983.0
2002,fin,64412.0
2002,fra,749740.0
2002,gab,30417.0
2002,gmb,34104.0
2002,geo,78474.0
2002,deu,917810.0
2002,gha,529251.0
2002,grc,113473.0
2002,grd,2824.0
2002,gtm,298763.0
2002,gin,211204.0
2002,gnb,35991.0
2002,guy,13654.0
2002,hti,218114.0
2002,hnd,166728.0
2002,hkg,79928.0
2002,hun,126668.0
2002,isl,4426.0
2002,ind,23749925.0
2002,idn,4268188.0
2002,irn,1781566.0
2002,irq,662242.0
2002,irl,55801.0
2002,isr,109498.0
2002,ita,562227.0
2002,jam,56661.0
2002,jpn,1241620.0
2002,jor,119399.0
2002,kaz,317656.0
2002,ken,861700.0
2002,kir,2096.0
2002,prk,381775.0
2002,kor,643975.0
2002,kwt,37909.0
2002,kgz,121829.0
2002,lao,149135.0
2002,lva,35801.0
2002,lbn,73852.0
2002,lso,51091.0
2002,lbr,83144.0
2002,lby,108371.0
2002,lie,425.0
2002,ltu,53907.0
2002,lux,5354.0
2002,mac,8074.0
2002,mkd,31801.0
2002,mdg,426813.0
2002,mwi,303151.0
2002,mys,511522.0
2002,mdv,8021.0
2002,mli,279855.0
2002,mlt,5511.0
2002,mhl,1228.0
2002,mrt,65332.0
2002,mus,20020.0
2002,mex,2175116.0
2002,fsm,2774.0
2002,mda,67136.0
2002,mng,64535.0
2002,mar,664153.0
2002,moz,468206.0
2002,mmr,950827.0
2002,nam,53330.0
2002,npl,625469.0
2002,nld,199740.0
2002,nzl,61025.0
2002,nic,136006.0
2002,ner,298783.0
2002,nga,3362707.0
2002,nor,60817.0
2002,omn,55867.0
2002,pak,4076251.0
2002,plw,309.0
2002,pan,60868.0
2002,png,132853.0
2002,pry,132451.0
2002,per,581712.0
2002,phl,1864701.0
2002,pol,545384.0
2002,prt,109163.0
2002,qat,10413.0
2002,rou,318055.0
2002,rus,2171499.0
2002,rwa,266110.0
2002,wsm,4359.0
2002,stp,3578.0
2002,sau,511881.0
2002,sen,278606.0
2002,syc,1398.0
2002,sle,117269.0
2002,sgp,61167.0
2002,svk,78147.0
2002,svn,23147.0
2002,slb,10681.0
2002,som,176805.0
2002,zaf,978421.0
2002,esp,414768.0
2002,lka,328058.0
2002,kna,794.0
2002,lca,3325.0
2002,vct,2711.0
2002,sdn,844595.0
2002,sur,8818.0
2002,swz,30775.0
2002,swe,123441.0
2002,che,88359.0
2002,syr,446336.0
2002,tjk,177099.0
2002,tza,904798.0
2002,tha,972080.0
2002,tls,23053.0
2002,tgo,145841.0
2002,ton,2404.0
2002,tto,25658.0
2002,tun,213639.0
2002,tur,1349943.0
2002,tkm,118808.0
2002,uga,713119.0
2002,ukr,676176.0
2002,are,52787.0
2002,gbr,777401.0
2002,usa,4257238.0
2002,ury,54182.0
2002,uzb,659810.0
2002,vut,5051.0
2002,ven,550363.0
2002,vnm,1927265.0
2002,pse,87131.0
2002,yem,543401.0
2002,zmb,280407.0
2002,zwe,350370.0
2003,afg,595573.0
2003,alb,66279.0
2003,dza,752398.0
2003,and,714.0
2003,ago,400018.0
2003,atg,1482.0
2003,arg,691652.0
2003,arm,60908.0
2003,abw,1471.0
2003,aus,276611.0
2003,aut,95991.0
2003,aze,189868.0
2003,bhs,5921.0
2003,bhr,12499.0
2003,bgd,3448946.0
2003,brb,4174.0
2003,blr,139430.0
2003,bel,124294.0
2003,blz,6272.0
2003,ben,202542.0
2003,bmu,783.0
2003,btn,15819.0
2003,bol,212806.0
2003,bih,48952.0
2003,bwa,44099.0
2003,bra,3335176.0
2003,brn,6639.0
2003,bgr,90919.0
2003,bfa,338667.0
2003,bdi,202042.0
2003,cpv,12979.0
2003,khm,367947.0
2003,cmr,435347.0
2003,can,428623.0
2003,cym,477.0
2003,caf,102371.0
2003,tcd,238020.0
2003,chl,303489.0
2003,chn,22092651.0
2003,col,904903.0
2003,com,18180.0
2003,cod,1402323.0
2003,cog,84478.0
2003,cri,87131.0
2003,civ,468030.0
2003,hrv,52881.0
2003,cub,164955.0
2003,cyp,10825.0
2003,cze,128012.0
2003,dnk,67923.0
2003,dji,20018.0
2003,dma,1380.0
2003,dom,195708.0
2003,ecu,276305.0
2003,egy,1569777.0
2003,slv,141614.0
2003,gnq,11018.0
2003,eri,106117.0
2003,est,18185.0
2003,eth,1936292.0
2003,fji,17300.0
2003,fin,65886.0
2003,fra,739117.0
2003,gab,30665.0
2003,gmb,35375.0
2003,geo,75930.0
2003,deu,888768.0
2003,gha,537174.0
2003,grc,111724.0
2003,grd,2844.0
2003,gtm,308277.0
2003,gin,214547.0
2003,gnb,37331.0
2003,guy,13808.0
2003,hti,218786.0
2003,hnd,170434.0
2003,hkg,81603.0
2003,hun,126515.0
2003,isl,4547.0
2003,ind,24136677.0
2003,idn,4260856.0
2003,irn,1765787.0
2003,irq,672861.0
2003,irl,55106.0
2003,isr,109877.0
2003,ita,565444.0
2003,jam,57810.0
2003,jpn,1215509.0
2003,jor,120994.0
2003,kaz,307129.0
2003,ken,852873.0
2003,kir,2134.0
2003,prk,397068.0
2003,kor,666420.0
2003,kwt,38336.0
2003,kgz,120908.0
2003,lao,152865.0
2003,lva,32601.0
2003,lbn,75093.0
2003,lso,50972.0
2003,lbr,83155.0
2003,lby,107319.0
2003,lie,446.0
2003,ltu,52064.0
2003,lux,5488.0
2003,mac,7730.0
2003,mkd,31790.0
2003,mdg,440334.0
2003,mwi,317979.0
2003,mys,520403.0
2003,mdv,8027.0
2003,mli,288580.0
2003,mlt,5422.0
2003,mhl,1249.0
2003,mrt,66944.0
2003,mus,21020.0
2003,mex,2188184.0
2003,fsm,2752.0
2003,mda,62808.0
2003,mng,62092.0
2003,mar,658554.0
2003,moz,479868.0
2003,mmr,936948.0
2003,nam,54582.0
2003,npl,645343.0
2003,nld,201546.0
2003,nzl,61964.0
2003,nic,138964.0
2003,ner,309620.0
2003,nga,3453725.0
2003,nor,62178.0
2003,omn,56026.0
2003,pak,4047572.0
2003,plw,315.0
2003,pan,60827.0
2003,png,136274.0
2003,pry,133778.0
2003,per,590142.0
2003,phl,1894716.0
2003,pol,529632.0
2003,prt,108971.0
2003,qat,10492.0
2003,rou,282589.0
2003,rus,1956600.0
2003,rwa,255168.0
2003,wsm,4361.0
2003,stp,3683.0
2003,sau,518731.0
2003,sen,283462.0
2003,syc,1565.0
2003,sle,121244.0
2003,sgp,65442.0
2003,svk,76520.0
2003,svn,22032.0
2003,slb,10995.0
2003,som,177075.0
2003,zaf,990614.0
2003,esp,415107.0
2003,lka,326152.0
2003,kna,805.0
2003,lca,3330.0
2003,vct,2614.0
2003,sdn,862925.0
2003,sur,8530.0
2003,swz,30892.0
2003,swe,126669.0
2003,che,90880.0
2003,syr,440369.0
2003,tjk,175885.0
2003,tza,915606.0
2003,tha,955590.0
2003,tls,24159.0
2003,tgo,149434.0
2003,ton,2468.0
2003,tto,24049.0
2003,tun,209121.0
2003,tur,1366501.0
2003,tkm,119559.0
2003,uga,740217.0
2003,ukr,636632.0
2003,are,51114.0
2003,gbr,777371.0
2003,usa,4306550.0
2003,ury,54475.0
2003,uzb,666087.0
2003,vut,5143.0
2003,ven,548763.0
2003,vnm,1936781.0
2003,pse,88684.0
2003,yem,559850.0
2003,zmb,286049.0
2003,zwe,351568.0
2004,afg,623433.0
2004,alb,64029.0
2004,dza,745742.0
2004,and,750.0
2004,ago,413306.0
2004,atg,1510.0
2004,arg,693988.0
2004,arm,57875.0
2004,abw,1486.0
2004,aus,279528.0
2004,aut,97312.0
2004,aze,186000.0
2004,bhs,6115.0
2004,bhr,12910.0
2004,bgd,3495658.0
2004,brb,4098.0
2004,blr,129349.0
2004,bel,125322.0
2004,blz,6418.0
2004,ben,208879.0
2004,bmu,785.0
2004,btn,15820.0
2004,bol,218039.0
2004,bih,47396.0
2004,bwa,43995.0
2004,bra,3301718.0
2004,brn,6789.0
2004,bgr,85446.0
2004,bfa,349966.0
2004,bdi,204565.0
2004,cpv,12967.0
2004,khm,377135.0
2004,cmr,443309.0
2004,can,432971.0
2004,cym,478.0
2004,caf,104473.0
2004,tcd,246826.0
2004,chl,303624.0
2004,chn,21041548.0
2004,col,914652.0
2004,com,18590.0
2004,cod,1442055.0
2004,cog,86600.0
2004,cri,86261.0
2004,civ,473870.0
2004,hrv,52561.0
2004,cub,159527.0
2004,cyp,11581.0
2004,cze,125568.0
2004,dnk,69873.0
2004,dji,20276.0
2004,dma,1380.0
2004,dom,198460.0
2004,ecu,276482.0
2004,egy,1540645.0
2004,slv,143731.0
2004,gnq,11306.0
2004,eri,107771.0
2004,est,16366.0
2004,eth,1997579.0
2004,fji,17628.0
2004,fin,66956.0
2004,fra,730669.0
2004,gab,30783.0
2004,gmb,36650.0
2004,geo,72869.0
2004,deu,861454.0
2004,gha,543973.0
2004,grc,110309.0
2004,grd,2865.0
2004,gtm,317642.0
2004,gin,217959.0
2004,gnb,38710.0
2004,guy,14097.0
2004,hti,219739.0
2004,hnd,173739.0
2004,hkg,82963.0
2004,hun,125369.0
2004,isl,4640.0
2004,ind,24462042.0
2004,idn,4253927.0
2004,irn,1728423.0
2004,irq,683782.0
2004,irl,54680.0
2004,isr,110689.0
2004,ita,567302.0
2004,jam,58673.0
2004,jpn,1196780.0
2004,jor,123198.0
2004,kaz,294303.0
2004,ken,847185.0
2004,kir,2173.0
2004,prk,410920.0
2004,kor,686419.0
2004,kwt,38748.0
2004,kgz,119429.0
2004,lao,155657.0
2004,lva,29332.0
2004,lbn,76382.0
2004,lso,50936.0
2004,lbr,83665.0
2004,lby,107185.0
2004,ltu,49949.0
2004,lux,5613.0
2004,mac,7330.0
2004,mkd,31588.0
2004,mdg,454243.0
2004,mwi,333351.0
2004,mys,527742.0
2004,mdv,7959.0
2004,mli,297841.0
2004,mlt,5335.0
2004,mhl,1271.0
2004,mrt,68570.0
2004,mus,21839.0
2004,mex,2195705.0
2004,fsm,2740.0
2004,mda,59423.0
2004,mng,59260.0
2004,mar,652425.0
2004,moz,491662.0
2004,mmr,922668.0
2004,nam,55449.0
2004,npl,663726.0
2004,nld,202658.0
2004,nzl,62518.0
2004,nic,141320.0
2004,ner,321288.0
2004,nga,3541708.0
2004,nor,63265.0
2004,omn,56296.0
2004,pak,4012322.0
2004,plw,334.0
2004,pan,60913.0
2004,png,140074.0
2004,pry,135019.0
2004,per,595820.0
2004,phl,1919782.0
2004,pol,513322.0
2004,prt,109131.0
2004,qat,10570.0
2004,rou,250110.0
2004,rus,1750027.0
2004,rwa,243871.0
2004,wsm,4392.0
2004,stp,3793.0
2004,sau,524235.0
2004,sen,288157.0
2004,syc,1383.0
2004,sle,125219.0
2004,sgp,68815.0
2004,svk,74576.0
2004,svn,20995.0
2004,slb,11307.0
2004,som,178952.0
2004,zaf,1001685.0
2004,esp,415554.0
2004,lka,324021.0
2004,kna,817.0
2004,lca,3314.0
2004,vct,2513.0
2004,sdn,882267.0
2004,sur,8330.0
2004,swz,30882.0
2004,swe,127851.0
2004,che,92857.0
2004,syr,435403.0
2004,tjk,174206.0
2004,tza,927537.0
2004,tha,939560.0
2004,tls,25385.0
2004,tgo,153017.0
2004,ton,2530.0
2004,tto,22539.0
2004,tun,203568.0
2004,tur,1383564.0
2004,tkm,118940.0
2004,uga,766895.0
2004,ukr,595859.0
2004,are,49575.0
2004,gbr,774631.0
2004,usa,4337266.0
2004,ury,54599.0
2004,uzb,665408.0
2004,vut,5235.0
2004,ven,546837.0
2004,vnm,1926357.0
2004,pse,90711.0
2004,yem,575000.0
2004,zmb,292242.0
2004,zwe,352003.0
2005,afg,652136.0
2005,alb,61844.0
2005,dza,730000.0
2005,and,779.0
2005,ago,424198.0
2005,atg,1538.0
2005,arg,695404.0
2005,arm,54622.0
2005,abw,1501.0
2005,aus,280705.0
2005,aut,97592.0
2005,aze,180370.0
2005,bhs,6249.0
2005,bhr,13126.0
2005,bgd,3520722.0
2005,brb,4014.0
2005,blr,120201.0
2005,bel,125552.0
2005,blz,6552.0
2005,ben,214979.0
2005,bmu,787.0
2005,btn,15710.0
2005,bol,221907.0
2005,bih,46711.0
2005,bwa,43885.0
2005,bra,3288474.0
2005,brn,6891.0
2005,bgr,80314.0
2005,bfa,360879.0
2005,bdi,206857.0
2005,cpv,12922.0
2005,khm,380353.0
2005,cmr,449000.0
2005,can,432586.0
2005,cym,567.0
2005,caf,106574.0
2005,tcd,255525.0
2005,chl,301268.0
2005,chn,20245495.0
2005,col,920903.0
2005,com,19062.0
2005,cod,1483371.0
2005,cog,88553.0
2005,cri,85398.0
2005,civ,479162.0
2005,hrv,52162.0
2005,cub,154729.0
2005,cyp,11010.0
2005,cze,121358.0
2005,dnk,71147.0
2005,dji,20421.0
2005,dma,1387.0
2005,dom,200966.0
2005,ecu,277421.0
2005,egy,1524103.0
2005,slv,145690.0
2005,gnq,11615.0
2005,eri,109529.0
2005,est,14874.0
2005,eth,2055109.0
2005,fji,17895.0
2005,fin,67194.0
2005,fra,726177.0
2005,gab,30803.0
2005,gmb,37900.0
2005,geo,69393.0
2005,deu,840726.0
2005,gha,549511.0
2005,grc,109067.0
2005,grd,2885.0
2005,gtm,326134.0
2005,gin,221584.0
2005,gnb,40100.0
2005,guy,14457.0
2005,hti,221005.0
2005,hnd,176354.0
2005,hkg,83443.0
2005,hun,123037.0
2005,isl,4680.0
2005,ind,24692925.0
2005,idn,4244603.0
2005,irn,1660221.0
2005,irq,696455.0
2005,irl,54487.0
2005,isr,112197.0
2005,ita,566177.0
2005,jam,59016.0
2005,jpn,1187131.0
2005,jor,126180.0
2005,kaz,280002.0
2005,ken,849066.0
2005,kir,2082.0
2005,prk,419961.0
2005,kor,696646.0
2005,kwt,39339.0
2005,kgz,117619.0
2005,lao,157350.0
2005,lva,26425.0
2005,lbn,77543.0
2005,lso,51078.0
2005,lbr,85500.0
2005,lby,107591.0
2005,ltu,47694.0
2005,lux,5724.0
2005,mac,6917.0
2005,mkd,31072.0
2005,mdg,468568.0
2005,mwi,348548.0
2005,mys,532315.0
2005,mdv,7812.0
2005,mli,307648.0
2005,mlt,5249.0
2005,mhl,1250.0
2005,mrt,70198.0
2005,mus,22261.0
2005,mex,2195237.0
2005,fsm,2731.0
2005,mda,58711.0
2005,mng,56390.0
2005,mar,645502.0
2005,moz,503680.0
2005,mmr,909898.0
2005,nam,55884.0
2005,npl,679245.0
2005,nld,202969.0
2005,nzl,62579.0
2005,nic,142525.0
2005,ner,333919.0
2005,nga,3623968.0
2005,nor,63977.0
2005,omn,56714.0
2005,pak,3990036.0
2005,plw,404.0
2005,pan,61279.0
2005,png,144327.0
2005,pry,136141.0
2005,per,597422.0
2005,phl,1938262.0
2005,pol,495125.0
2005,prt,109342.0
2005,qat,10683.0
2005,rou,227128.0
2005,rus,1579059.0
2005,rwa,235904.0
2005,wsm,4477.0
2005,stp,3885.0
2005,sau,528387.0
2005,sen,292909.0
2005,syc,1465.0
2005,sle,129162.0
2005,sgp,70623.0
2005,svk,72196.0
2005,svn,20145.0
2005,slb,11597.0
2005,som,183863.0
2005,zaf,1009357.0
2005,esp,414534.0
2005,lka,320858.0
2005,kna,828.0
2005,lca,3267.0
2005,vct,2415.0
2005,sdn,902640.0
2005,sur,8259.0
2005,swz,30748.0
2005,swe,126253.0
2005,che,93781.0
2005,syr,432840.0
2005,tjk,172737.0
2005,tza,942487.0
2005,tha,926296.0
2005,tls,26685.0
2005,tgo,156680.0
2005,ton,2572.0
2005,tto,21249.0
2005,tun,197248.0
2005,tur,1397694.0
2005,tkm,116726.0
2005,uga,792672.0
2005,ukr,556737.0
2005,are,48736.0
2005,gbr,768879.0
2005,usa,4343328.0
2005,ury,54540.0
2005,uzb,656285.0
2005,vut,5327.0
2005,ven,545752.0
2005,vnm,1892025.0
2005,pse,93723.0
2005,yem,588398.0
2005,zmb,299367.0
2005,zwe,351547.0
2006,afg,681819.0
2006,alb,59788.0
2006,dza,703516.0
2006,and,750.0
2006,ago,432114.0
2006,atg,1567.0
2006,arg,695942.0
2006,arm,51183.0
2006,abw,1511.0
2006,aus,279861.0
2006,aut,96643.0
2006,aze,173010.0
2006,bhs,6315.0
2006,bhr,13106.0
2006,bgd,3518984.0
2006,brb,3924.0
2006,blr,112259.0
2006,bel,124820.0
2006,blz,6669.0
2006,ben,220784.0
2006,btn,15477.0
2006,bol,224127.0
2006,bih,47092.0
2006,bwa,43786.0
2006,bra,3298795.0
2006,brn,6932.0
2006,bgr,75554.0
2006,bfa,371278.0
2006,bdi,208996.0
2006,cpv,12832.0
2006,khm,376735.0
2006,cmr,451766.0
2006,can,426630.0
2006,cym,562.0
2006,caf,108695.0
2006,tcd,264013.0
2006,chl,296166.0
2006,chn,19786420.0
2006,col,922995.0
2006,com,19599.0
2006,cod,1526203.0
2006,cog,90267.0
2006,cri,84608.0
2006,civ,483936.0
2006,hrv,51680.0
2006,cub,150788.0
2006,cyp,10767.0
2006,cze,114956.0
2006,dnk,71608.0
2006,dji,20436.0
2006,dom,203157.0
2006,ecu,279316.0
2006,egy,1523028.0
2006,slv,147444.0
2006,gnq,11947.0
2006,eri,111338.0
2006,est,13784.0
2006,eth,2108389.0
2006,fji,18082.0
2006,fin,66439.0
2006,fra,726240.0
2006,gab,30720.0
2006,gmb,39115.0
2006,geo,65455.0
2006,deu,828562.0
2006,gha,553545.0
2006,grc,107981.0
2006,grd,2642.0
2006,gtm,333477.0
2006,gin,225453.0
2006,gnb,41498.0
2006,guy,14887.0
2006,hti,222717.0
2006,hnd,178195.0
2006,hkg,82886.0
2006,hun,119246.0
2006,isl,4656.0
2006,ind,24815364.0
2006,idn,4231359.0
2006,irn,1556113.0
2006,irq,711253.0
2006,irl,54523.0
2006,isr,114513.0
2006,ita,561184.0
2006,jam,58722.0
2006,jpn,1187913.0
2006,jor,130181.0
2006,kaz,264147.0
2006,ken,860072.0
2006,kir,2125.0
2006,prk,423559.0
2006,kor,695342.0
2006,kwt,40142.0
2006,kgz,115569.0
2006,lao,157898.0
2006,lva,23977.0
2006,lbn,78593.0
2006,lso,51457.0
2006,lbr,88937.0
2006,lby,108549.0
2006,ltu,45332.0
2006,lux,5819.0
2006,mac,6505.0
2006,mkd,30180.0
2006,mdg,483372.0
2006,mwi,363387.0
2006,mys,533562.0
2006,mdv,7578.0
2006,mli,318176.0
2006,mlt,5176.0
2006,mhl,1279.0
2006,mrt,71808.0
2006,mus,22196.0
2006,mex,2185314.0
2006,fsm,2730.0
2006,mda,57852.0
2006,mng,53509.0
2006,mar,638011.0
2006,moz,515561.0
2006,mmr,899462.0
2006,nam,55857.0
2006,npl,691629.0
2006,nld,202274.0
2006,nzl,62067.0
2006,nic,142416.0
2006,ner,347578.0
2006,nga,3699107.0
2006,nor,64265.0
2006,omn,57365.0
2006,pak,3989720.0
2006,plw,396.0
2006,pan,61989.0
2006,png,149092.0
2006,pry,137151.0
2006,per,594375.0
2006,phl,1948370.0
2006,pol,474840.0
2006,prt,109508.0
2006,qat,10841.0
2006,rou,215766.0
2006,rus,1451906.0
2006,rwa,232238.0
2006,wsm,4624.0
2006,stp,3955.0
2006,sau,531087.0
2006,sen,297697.0
2006,sle,133031.0
2006,sgp,70617.0
2006,svk,69318.0
2006,svn,19520.0
2006,slb,11862.0
2006,som,192306.0
2006,zaf,1012849.0
2006,esp,411189.0
2006,lka,316336.0
2006,lca,3181.0
2006,vct,2321.0
2006,sdn,924339.0
2006,sur,8348.0
2006,swz,30490.0
2006,swe,121337.0
2006,che,93485.0
2006,syr,433267.0
2006,tjk,171662.0
2006,tza,960455.0
2006,tha,916445.0
2006,tls,28097.0
2006,tgo,160417.0
2006,ton,2591.0
2006,tto,20237.0
2006,tun,190122.0
2006,tur,1408745.0
2006,tkm,112668.0
2006,uga,817399.0
2006,ukr,520019.0
2006,are,48787.0
2006,gbr,759976.0
2006,usa,4320743.0
2006,ury,54266.0
2006,uzb,637369.0
2006,vut,5419.0
2006,ven,545807.0
2006,vnm,1829445.0
2006,pse,97922.0
2006,yem,599977.0
2006,zmb,307595.0
2006,zwe,350232.0
2007,afg,712549.0
2007,alb,57802.0
2007,dza,668679.0
2007,ago,437648.0
2007,arg,695520.0
2007,arm,47587.0
2007,abw,1506.0
2007,aus,277372.0
2007,aut,94715.0
2007,aze,164135.0
2007,bhs,6326.0
2007,bhr,12891.0
2007,bgd,3495598.0
2007,brb,3829.0
2007,blr,105397.0
2007,bel,123285.0
2007,blz,6773.0
2007,ben,226420.0
2007,btn,15128.0
2007,bol,224937.0
2007,bih,48296.0
2007,bwa,43706.0
2007,bra,3330616.0
2007,brn,6921.0
2007,bgr,71116.0
2007,bfa,381275.0
2007,bdi,211105.0
2007,cpv,12711.0
2007,khm,367809.0
2007,cmr,452184.0
2007,can,416079.0
2007,caf,110806.0
2007,tcd,272354.0
2007,chl,288731.0
2007,chn,19590434.0
2007,col,921426.0
2007,com,20204.0
2007,cod,1571058.0
2007,cog,91796.0
2007,cri,83850.0
2007,civ,488334.0
2007,hrv,51161.0
2007,cub,147483.0
2007,cyp,12173.0
2007,cze,106702.0
2007,dnk,71326.0
2007,dji,20333.0
2007,dom,205075.0
2007,ecu,281980.0
2007,egy,1534865.0
2007,slv,148967.0
2007,gnq,12297.0
2007,eri,113200.0
2007,est,13032.0
2007,eth,2157863.0
2007,fji,18208.0
2007,fin,64876.0
2007,fra,730228.0
2007,gab,30544.0
2007,gmb,40296.0
2007,geo,61125.0
2007,deu,823358.0
2007,gha,556323.0
2007,grc,107097.0
2007,grd,2559.0
2007,gtm,339920.0
2007,gin,229592.0
2007,gnb,42914.0
2007,guy,15377.0
2007,hti,224874.0
2007,hnd,179371.0
2007,hkg,81500.0
2007,hun,114147.0
2007,isl,4579.0
2007,ind,24843918.0
2007,idn,4215968.0
2007,irn,1424252.0
2007,irq,727521.0
2007,irl,54810.0
2007,isr,117507.0
2007,ita,553071.0
2007,jam,57896.0
2007,jpn,1197495.0
2007,jor,135025.0
2007,kaz,247085.0
2007,ken,879046.0
2007,prk,422754.0
2007,kor,684745.0
2007,kwt,41066.0
2007,kgz,113278.0
2007,lao,157374.0
2007,lva,21917.0
2007,lbn,79547.0
2007,lso,52021.0
2007,lbr,93659.0
2007,lby,110192.0
2007,ltu,42871.0
2007,lux,5898.0
2007,mac,6095.0
2007,mkd,28982.0
2007,mdg,498493.0
2007,mwi,377868.0
2007,mys,532140.0
2007,mdv,7275.0
2007,mli,329340.0
2007,mlt,5110.0
2007,mrt,73406.0
2007,mus,21728.0
2007,mex,2167093.0
2007,fsm,2735.0
2007,mda,54378.0
2007,mng,50604.0
2007,mar,630324.0
2007,moz,527326.0
2007,mmr,890856.0
2007,nam,55403.0
2007,npl,701207.0
2007,nld,200678.0
2007,nzl,61056.0
2007,nic,141222.0
2007,ner,362172.0
2007,nga,3768468.0
2007,nor,64164.0
2007,omn,58211.0
2007,pak,4004995.0
2007,pan,62968.0
2007,png,154239.0
2007,pry,138083.0
2007,per,587341.0
2007,phl,1951500.0
2007,pol,453378.0
2007,prt,109678.0
2007,qat,11035.0
2007,rou,213738.0
2007,rus,1362823.0
2007,rwa,231892.0
2007,wsm,4821.0
2007,stp,4010.0
2007,sau,532525.0
2007,sen,302528.0
2007,sle,136823.0
2007,sgp,69043.0
2007,svk,66048.0
2007,svn,19089.0
2007,slb,12101.0
2007,som,203560.0
2007,zaf,1013087.0
2007,esp,406166.0
2007,lka,310833.0
2007,lca,3066.0
2007,vct,2235.0
2007,sdn,947030.0
2007,sur,8574.0
2007,swz,30122.0
2007,swe,113637.0
2007,che,92170.0
2007,syr,436367.0
2007,tjk,170825.0
2007,tza,981162.0
2007,tha,909289.0
2007,tls,29606.0
2007,tgo,164198.0
2007,ton,2596.0
2007,tto,19488.0
2007,tun,182364.0
2007,tur,1417358.0
2007,tkm,107056.0
2007,uga,841335.0
2007,ukr,485740.0
2007,are,49572.0
2007,gbr,748459.0
2007,usa,4274345.0
2007,ury,53786.0
2007,uzb,610259.0
2007,vut,5513.0
2007,ven,546738.0
2007,vnm,1743192.0
2007,pse,103052.0
2007,yem,610043.0
2007,zmb,316679.0
2007,zwe,348207.0
2008,afg,743195.0
2008,alb,55946.0
2008,dza,631430.0
2008,ago,442354.0
2008,arg,694002.0
2008,arm,44021.0
2008,abw,1494.0
2008,aus,273912.0
2008,aut,92199.0
2008,aze,154289.0
2008,bhs,6288.0
2008,bhr,12579.0
2008,bgd,3464687.0
2008,brb,3733.0
2008,blr,99741.0
2008,bel,121308.0
2008,blz,6860.0
2008,ben,232006.0
2008,btn,14705.0
2008,bol,224962.0
2008,bih,49795.0
2008,bwa,43614.0
2008,bra,3376493.0
2008,brn,6888.0
2008,bgr,67301.0
2008,bfa,391093.0
2008,bdi,213440.0
2008,cpv,12604.0
2008,khm,355773.0
2008,cmr,452212.0
2008,can,403117.0
2008,caf,112844.0
2008,tcd,280729.0
2008,chl,279982.0
2008,chn,19542675.0
2008,col,917405.0
2008,com,20844.0
2008,cod,1618794.0
2008,cog,93315.0
2008,cri,83130.0
2008,civ,492574.0
2008,hrv,50529.0
2008,cub,144736.0
2008,cyp,11651.0
2008,cze,97947.0
2008,dnk,70537.0
2008,dji,20169.0
2008,dom,206796.0
2008,ecu,284876.0
2008,egy,1555889.0
2008,slv,150210.0
2008,gnq,12652.0
2008,eri,115413.0
2008,est,12572.0
2008,eth,2203749.0
2008,fji,18269.0
2008,fin,62858.0
2008,fra,737144.0
2008,gab,30326.0
2008,gmb,41452.0
2008,geo,56800.0
2008,deu,822017.0
2008,gha,558782.0
2008,grc,106376.0
2008,grd,2475.0
2008,gtm,345908.0
2008,gin,234132.0
2008,gnb,44354.0
2008,guy,15859.0
2008,hti,227203.0
2008,hnd,180030.0
2008,hkg,79523.0
2008,hun,108501.0
2008,isl,4472.0
2008,ind,24809243.0
2008,idn,4202723.0
2008,irn,1284617.0
2008,irq,744412.0
2008,irl,55354.0
2008,isr,120900.0
2008,ita,543833.0
2008,jam,56782.0
2008,jpn,1210919.0
2008,jor,139958.0
2008,kaz,230626.0
2008,ken,904366.0
2008,prk,417877.0
2008,kor,666403.0
2008,kwt,42046.0
2008,kgz,110798.0
2008,lao,155928.0
2008,lva,20291.0
2008,lbn,80225.0
2008,lso,52651.0
2008,lbr,99187.0
2008,lby,112384.0
2008,ltu,40427.0
2008,lux,5957.0
2008,mac,5689.0
2008,mkd,27643.0
2008,mdg,513470.0
2008,mwi,391680.0
2008,mys,529487.0
2008,mdv,6936.0
2008,mli,340579.0
2008,mlt,5040.0
2008,mrt,75018.0
2008,mus,21009.0
2008,mex,2143985.0
2008,fsm,2746.0
2008,mda,51630.0
2008,mng,47925.0
2008,mar,622484.0
2008,moz,539880.0
2008,mmr,883093.0
2008,nam,54619.0
2008,npl,707978.0
2008,nld,198748.0
2008,nzl,59796.0
2008,nic,139276.0
2008,ner,377478.0
2008,nga,3835374.0
2008,nor,63759.0
2008,omn,59010.0
2008,pak,4021903.0
2008,pan,64101.0
2008,png,159425.0
2008,pry,138946.0
2008,per,577799.0
2008,phl,1953025.0
2008,pol,431851.0
2008,prt,109856.0
2008,qat,11249.0
2008,rou,217833.0
2008,rus,1307907.0
2008,rwa,234260.0
2008,wsm,5030.0
2008,stp,4056.0
2008,sau,533350.0
2008,sen,307659.0
2008,sle,140568.0
2008,sgp,66336.0
2008,svk,62649.0
2008,svn,18803.0
2008,slb,12324.0
2008,som,216361.0
2008,zaf,1011526.0
2008,esp,401203.0
2008,lka,305076.0
2008,lca,2942.0
2008,vct,2158.0
2008,sdn,969336.0
2008,sur,8860.0
2008,swz,29689.0
2008,swe,104823.0
2008,che,90154.0
2008,syr,441522.0
2008,tjk,170172.0
2008,tza,1005809.0
2008,tha,904145.0
2008,tls,31073.0
2008,tgo,168079.0
2008,ton,2583.0
2008,tto,18965.0
2008,tun,174713.0
2008,tur,1421876.0
2008,tkm,100885.0
2008,uga,864926.0
2008,ukr,455171.0
2008,are,50887.0
2008,gbr,735541.0
2008,usa,4217758.0
2008,ury,53177.0
2008,uzb,580042.0
2008,vut,5604.0
2008,ven,548457.0
2008,vnm,1649160.0
2008,pse,108616.0
2008,yem,618977.0
2008,zmb,326073.0
2008,zwe,345598.0
2009,afg,772317.0
2009,alb,54269.0
2009,dza,600009.0
2009,ago,448435.0
2009,arg,691225.0
2009,arm,40701.0
2009,abw,1480.0
2009,aus,270470.0
2009,aut,89678.0
2009,aze,144179.0
2009,bhs,6218.0
2009,bhr,12308.0
2009,bgd,3446149.0
2009,brb,3648.0
2009,blr,95314.0
2009,bel,119414.0
2009,blz,6936.0
2009,ben,237731.0
2009,btn,14266.0
2009,bol,225117.0
2009,bih,50836.0
2009,bwa,43472.0
2009,bra,3425560.0
2009,brn,6867.0
2009,bgr,64455.0
2009,bfa,401064.0
2009,bdi,216304.0
2009,cpv,12570.0
2009,khm,343853.0
2009,cmr,454564.0
2009,can,390884.0
2009,caf,114725.0
2009,tcd,289411.0
2009,chl,271330.0
2009,chn,19462083.0
2009,col,912736.0
2009,com,21483.0
2009,cod,1670536.0
2009,cog,95077.0
2009,cri,82427.0
2009,civ,496923.0
2009,hrv,49690.0
2009,cub,142345.0
2009,cyp,11141.0
2009,cze,90572.0
2009,dnk,69603.0
2009,dji,20024.0
2009,dom,208442.0
2009,ecu,287241.0
2009,egy,1580055.0
2009,slv,151133.0
2009,gnq,12997.0
2009,eri,118365.0
2009,est,12309.0
2009,eth,2246602.0
2009,fji,18263.0
2009,fin,60907.0
2009,fra,745433.0
2009,gab,30131.0
2009,gmb,42593.0
2009,geo,52993.0
2009,deu,819777.0
2009,gha,562195.0
2009,grc,105785.0
2009,grd,2397.0
2009,gtm,352118.0
2009,gin,239217.0
2009,gnb,45832.0
2009,guy,16246.0
2009,hti,229313.0
2009,hnd,180403.0
2009,hkg,77335.0
2009,hun,103375.0
2009,isl,4362.0
2009,ind,24756561.0
2009,idn,4197599.0
2009,irn,1164746.0
2009,irq,760660.0
2009,irl,56168.0
2009,isr,124284.0
2009,ita,536354.0
2009,jam,55733.0
2009,jpn,1221346.0
2009,jor,143940.0
2009,kaz,217089.0
2009,ken,933273.0
2009,prk,409720.0
2009,kor,643207.0
2009,kwt,42981.0
2009,kgz,108170.0
2009,lao,153780.0
2009,lva,19115.0
2009,lbn,80402.0
2009,lso,53175.0
2009,lbr,104784.0
2009,lby,114948.0
2009,ltu,38120.0
2009,lux,5995.0
2009,mac,5289.0
2009,mkd,26398.0
2009,mdg,527690.0
2009,mwi,404511.0
2009,mys,527654.0
2009,mdv,6604.0
2009,mli,351142.0
2009,mlt,4946.0
2009,mrt,76681.0
2009,mus,20278.0
2009,mex,2120920.0
2009,fsm,2760.0
2009,mda,49336.0
2009,mng,45764.0
2009,mar,614511.0
2009,moz,554460.0
2009,mmr,874609.0
2009,nam,53636.0
2009,npl,712116.0
2009,nld,197269.0
2009,nzl,58635.0
2009,nic,137073.0
2009,ner,393186.0
2009,nga,3904588.0
2009,nor,63184.0
2009,omn,59433.0
2009,pak,4019345.0
2009,pan,65207.0
2009,png,164188.0
2009,pry,139765.0
2009,per,567884.0
2009,phl,1960374.0
2009,pol,411807.0
2009,prt,110089.0
2009,qat,11468.0
2009,rou,222992.0
2009,rus,1278319.0
2009,rwa,238121.0
2009,wsm,5200.0
2009,stp,4102.0
2009,sau,534437.0
2009,sen,313410.0
2009,sle,144325.0
2009,sgp,63158.0
2009,svk,59483.0
2009,svn,18589.0
2009,slb,12534.0
2009,som,228865.0
2009,zaf,1010357.0
2009,esp,398836.0
2009,lka,300118.0
2009,lca,2837.0
2009,vct,2102.0
2009,sdn,989424.0
2009,sur,9096.0
2009,swz,29247.0
2009,swe,97226.0
2009,che,87920.0
2009,syr,447691.0
2009,tjk,169553.0
2009,tza,1035788.0
2009,tha,899837.0
2009,tls,32306.0
2009,tgo,172125.0
2009,ton,2555.0
2009,tto,18588.0
2009,tun,168127.0
2009,tur,1420430.0
2009,tkm,95511.0
2009,uga,888824.0
2009,ukr,429580.0
2009,are,52384.0
2009,gbr,722856.0
2009,usa,4169927.0
2009,ury,52550.0
2009,uzb,553701.0
2009,vut,5685.0
2009,ven,550711.0
2009,vnm,1569168.0
2009,pse,113890.0
2009,yem,627333.0
2009,zmb,334997.0
2009,zwe,342570.0
2010,afg,798948.0
2010,alb,52806.0
2010,dza,580238.0
2010,ago,457440.0
2010,arg,687186.0
2010,arm,37801.0
2010,abw,1471.0
2010,aus,267779.0
2010,aut,87584.0
2010,aze,134414.0
2010,bhs,6125.0
2010,bhr,12177.0
2010,bgd,3453520.0
2010,brb,3575.0
2010,blr,92100.0
2010,bel,117980.0
2010,blz,6999.0
2010,ben,243729.0
2010,btn,13857.0
2010,bol,226039.0
2010,bih,50895.0
2010,bwa,43257.0
2010,bra,3469603.0
2010,brn,6891.0
2010,bgr,62795.0
2010,bfa,411439.0
2010,bdi,219972.0
2010,cpv,12649.0
2010,khm,334444.0
2010,cmr,461046.0
2010,can,381658.0
2010,caf,116390.0
2010,tcd,298578.0
2010,chl,263842.0
2010,chn,19222580.0
2010,col,908709.0
2010,com,22090.0
2010,cod,1727046.0
2010,cog,97246.0
2010,cri,81732.0
2010,civ,501577.0
2010,hrv,48599.0
2010,cub,140135.0
2010,cyp,10719.0
2010,cze,85886.0
2010,dnk,68787.0
2010,dji,19950.0
2010,dom,210102.0
2010,ecu,288536.0
2010,egy,1602865.0
2010,slv,151714.0
2010,gnq,13320.0
2010,eri,122308.0
2010,est,12168.0
2010,eth,2286991.0
2010,fji,18198.0
2010,fin,59405.0
2010,fra,753844.0
2010,gab,30008.0
2010,gmb,43731.0
2010,geo,50066.0
2010,deu,813260.0
2010,gha,567419.0
2010,grc,105289.0
2010,grd,2325.0
2010,gtm,359015.0
2010,gin,244932.0
2010,gnb,47364.0
2010,guy,16473.0
2010,hti,230940.0
2010,hnd,180677.0
2010,hkg,75229.0
2010,hun,99531.0
2010,isl,4274.0
2010,ind,24719408.0
2010,idn,4204297.0
2010,irn,1084212.0
2010,irq,775317.0
2010,irl,57247.0
2010,isr,127355.0
2010,ita,532640.0
2010,jam,54996.0
2010,jpn,1223905.0
2010,jor,146272.0
2010,kaz,208135.0
2010,ken,963674.0
2010,prk,399028.0
2010,kor,617560.0
2010,kwt,43804.0
2010,kgz,105459.0
2010,lao,151154.0
2010,lva,18381.0
2010,lbn,79947.0
2010,lso,53467.0
2010,lbr,109924.0
2010,lby,117740.0
2010,ltu,36049.0
2010,lux,6006.0
2010,mac,4901.0
2010,mkd,25410.0
2010,mdg,540736.0
2010,mwi,416154.0
2010,mys,528073.0
2010,mdv,6317.0
2010,mli,360559.0
2010,mlt,4823.0
2010,mrt,78418.0
2010,mus,19709.0
2010,mex,2101425.0
2010,fsm,2776.0
2010,mda,47291.0
2010,mng,44312.0
2010,mar,606521.0
2010,moz,571775.0
2010,mmr,864377.0
2010,nam,52569.0
2010,npl,713899.0
2010,nld,196762.0
2010,nzl,57827.0
2010,nic,135006.0
2010,ner,409058.0
2010,nga,3979343.0
2010,nor,62546.0
2010,omn,59262.0
2010,pak,3983958.0
2010,pan,66157.0
2010,png,168188.0
2010,pry,140548.0
2010,per,559230.0
2010,phl,1978541.0
2010,pol,394405.0
2010,prt,110405.0
2010,qat,11675.0
2010,rou,225527.0
2010,rus,1266767.0
2010,rwa,242590.0
2010,wsm,5299.0
2010,stp,4156.0
2010,sau,536447.0
2010,sen,319975.0
2010,sle,148135.0
2010,sgp,60021.0
2010,svk,56819.0
2010,svn,18387.0
2010,slb,12741.0
2010,som,239737.0
2010,zaf,1011097.0
2010,esp,400790.0
2010,lka,296669.0
2010,lca,2771.0
2010,vct,2071.0
2010,sdn,1006038.0
2010,sur,9206.0
2010,swz,28840.0
2010,swe,92496.0
2010,che,85833.0
2010,syr,454094.0
2010,tjk,168863.0
2010,tza,1071737.0
2010,tha,895525.0
2010,tls,33181.0
2010,tgo,176366.0
2010,ton,2514.0
2010,tto,18301.0
2010,tun,163278.0
2010,tur,1412057.0
2010,tkm,91900.0
2010,uga,913576.0
2010,ukr,409805.0
2010,are,53808.0
2010,gbr,711689.0
2010,usa,4144385.0
2010,ury,51989.0
2010,uzb,536191.0
2010,vut,5756.0
2010,ven,553297.0
2010,vnm,1518497.0
2010,pse,118361.0
2010,yem,635622.0
2010,zmb,342897.0
2010,zwe,339293.0
2011,afg,822550.0
2011,alb,51591.0
2011,dza,574297.0
2011,ago,469957.0
2011,arg,681614.0
2011,arm,35368.0
2011,abw,1467.0
2011,aus,266040.0
2011,aut,86030.0
2011,aze,125034.0
2011,bhs,6010.0
2011,bhr,12222.0
2011,bgd,3493510.0
2011,brb,3519.0
2011,blr,90248.0
2011,bel,117134.0
2011,blz,7049.0
2011,ben,250000.0
2011,btn,13502.0
2011,bol,227968.0
2011,bih,49789.0
2011,bwa,42954.0
2011,bra,3506241.0
2011,brn,6967.0
2011,bgr,62487.0
2011,bfa,422222.0
2011,bdi,224429.0
2011,cpv,12861.0
2011,khm,328180.0
2011,cmr,472583.0
2011,can,376172.0
2011,caf,117821.0
2011,tcd,308318.0
2011,chl,257836.0
2011,chn,18790222.0
2011,col,905913.0
2011,com,22656.0
2011,cod,1788501.0
2011,cog,99890.0
2011,cri,81053.0
2011,civ,506642.0
2011,hrv,47194.0
2011,cub,138229.0
2011,cyp,10400.0
2011,cze,84413.0
2011,dnk,68168.0
2011,dji,19974.0
2011,dom,211800.0
2011,ecu,288590.0
2011,egy,1623466.0
2011,slv,151917.0
2011,gnq,13616.0
2011,eri,127342.0
2011,est,12154.0
2011,eth,2324664.0
2011,fji,18064.0
2011,fin,58451.0
2011,fra,762223.0
2011,gab,29980.0
2011,gmb,44864.0
2011,geo,48193.0
2011,deu,801644.0
2011,gha,574891.0
2011,grc,104846.0
2011,grd,2267.0
2011,gtm,366738.0
2011,gin,251342.0
2011,gnb,48937.0
2011,guy,16521.0
2011,hti,231963.0
2011,hnd,180867.0
2011,hkg,73235.0
2011,hun,97248.0
2011,isl,4212.0
2011,ind,24706626.0
2011,idn,4224938.0
2011,irn,1050068.0
2011,irq,788348.0
2011,irl,58586.0
2011,isr,130026.0
2011,ita,533293.0
2011,jam,54672.0
2011,jpn,1216553.0
2011,jor,146579.0
2011,kaz,204260.0
2011,ken,994942.0
2011,prk,385702.0
2011,kor,589203.0
2011,kwt,44472.0
2011,kgz,102611.0
2011,lao,148014.0
2011,lva,18152.0
2011,lbn,78742.0
2011,lso,53486.0
2011,lbr,114455.0
2011,lby,120677.0
2011,ltu,34258.0
2011,lux,5991.0
2011,mac,4521.0
2011,mkd,24744.0
2011,mdg,552384.0
2011,mwi,426445.0
2011,mys,531340.0
2011,mdv,6083.0
2011,mli,368436.0
2011,mlt,4658.0
2011,mrt,80233.0
2011,mus,19342.0
2011,mex,2086819.0
2011,fsm,2794.0
2011,mda,45506.0
2011,mng,43719.0
2011,mar,598322.0
2011,moz,592399.0
2011,mmr,851924.0
2011,nam,51433.0
2011,npl,713077.0
2011,nld,197545.0
2011,nzl,57457.0
2011,nic,133125.0
2011,ner,425033.0
2011,nga,4060888.0
2011,nor,61859.0
2011,omn,58381.0
2011,pak,3908996.0
2011,pan,66919.0
2011,png,171336.0
2011,pry,141307.0
2011,per,552167.0
2011,phl,2009807.0
2011,pol,379867.0
2011,prt,110769.0
2011,qat,11865.0
2011,rou,224596.0
2011,rus,1274055.0
2011,rwa,247569.0
2011,wsm,5313.0
2011,stp,4219.0
2011,sau,539522.0
2011,sen,327475.0
2011,sle,152004.0
2011,sgp,57046.0
2011,svk,54721.0
2011,svn,18182.0
2011,slb,12939.0
2011,som,248547.0
2011,zaf,1014243.0
2011,esp,407546.0
2011,lka,295079.0
2011,lca,2751.0
2011,vct,2070.0
2011,sdn,1018518.0
2011,sur,9161.0
2011,swz,28481.0
2011,swe,91268.0
2011,che,83986.0
2011,syr,460525.0
2011,tjk,168150.0
2011,tza,1114617.0
2011,tha,890912.0
2011,tls,33605.0
2011,tgo,180835.0
2011,ton,2455.0
2011,tto,18100.0
2011,tun,160462.0
2011,tur,1395263.0
2011,tkm,90454.0
2011,uga,939153.0
2011,ukr,396429.0
2011,are,55086.0
2011,gbr,702252.0
2011,usa,4146090.0
2011,ury,51522.0
2011,uzb,529506.0
2011,vut,5812.0
2011,ven,556254.0
2011,vnm,1503684.0
2011,pse,121855.0
2011,yem,643764.0
2011,zmb,349597.0
2011,zwe,335772.0
2012,afg,843540.0
2012,alb,50644.0
2012,dza,580175.0
2012,ago,485397.0
2012,arg,674849.0
2012,arm,33413.0
2012,abw,1467.0
2012,aus,265083.0
2012,aut,84897.0
2012,aze,116201.0
2012,bhs,5869.0
2012,bhr,12405.0
2012,bgd,3559810.0
2012,brb,3476.0
2012,blr,89729.0
2012,bel,116751.0
2012,blz,7085.0
2012,ben,256497.0
2012,btn,13196.0
2012,bol,230656.0
2012,bih,47734.0
2012,bwa,42587.0
2012,bra,3536788.0
2012,brn,7084.0
2012,bgr,63396.0
2012,bfa,433330.0
2012,bdi,229771.0
2012,cpv,13187.0
2012,khm,324496.0
2012,cmr,488211.0
2012,can,373776.0
2012,caf,119047.0
2012,tcd,318517.0
2012,chl,253150.0
2012,chn,18227144.0
2012,col,903903.0
2012,com,23179.0
2012,cod,1854513.0
2012,cog,102901.0
2012,cri,80424.0
2012,civ,512074.0
2012,hrv,45529.0
2012,cub,136676.0
2012,cyp,10172.0
2012,cze,85655.0
2012,dnk,67676.0
2012,dji,20079.0
2012,dom,213488.0
2012,ecu,287594.0
2012,egy,1643133.0
2012,slv,151765.0
2012,gnq,13892.0
2012,eri,133315.0
2012,est,12283.0
2012,eth,2359866.0
2012,fji,17861.0
2012,fin,57937.0
2012,fra,770624.0
2012,gab,30039.0
2012,gmb,45980.0
2012,geo,47255.0
2012,deu,786374.0
2012,gha,584216.0
2012,grc,104444.0
2012,grd,2221.0
2012,gtm,375046.0
2012,gin,258377.0
2012,gnb,50555.0
2012,guy,16397.0
2012,hti,232496.0
2012,hnd,180961.0
2012,hkg,71302.0
2012,hun,96281.0
2012,isl,4170.0
2012,ind,24710341.0
2012,idn,4256550.0
2012,irn,1055961.0
2012,irq,800001.0
2012,irl,60140.0
2012,isr,132349.0
2012,ita,537417.0
2012,jam,54665.0
2012,jpn,1200780.0
2012,jor,145197.0
2012,kaz,205033.0
2012,ken,1027558.0
2012,prk,369910.0
2012,kor,558013.0
2012,kwt,45026.0
2012,kgz,99742.0
2012,lao,144475.0
2012,lva,18415.0
2012,lbn,76895.0
2012,lso,53283.0
2012,lbr,118561.0
2012,lby,123705.0
2012,ltu,32752.0
2012,lux,5951.0
2012,mac,4163.0
2012,mkd,24342.0
2012,mdg,562797.0
2012,mwi,435435.0
2012,mys,536852.0
2012,mdv,5900.0
2012,mli,375097.0
2012,mlt,4465.0
2012,mrt,82105.0
2012,mus,19129.0
2012,mex,2075961.0
2012,fsm,2811.0
2012,mda,44072.0
2012,mng,43914.0
2012,mar,590208.0
2012,moz,615587.0
2012,mmr,837973.0
2012,nam,50252.0
2012,npl,709961.0
2012,nld,199346.0
2012,nzl,57448.0
2012,nic,131380.0
2012,ner,441143.0
2012,nga,4147568.0
2012,nor,61121.0
2012,omn,56932.0
2012,pak,3804898.0
2012,pan,67524.0
2012,png,173695.0
2012,pry,142040.0
2012,per,546446.0
2012,phl,2051626.0
2012,pol,367963.0
2012,prt,111123.0
2012,qat,12043.0
2012,rou,221445.0
2012,rus,1301199.0
2012,rwa,253514.0
2012,wsm,5254.0
2012,stp,4286.0
2012,sau,543570.0
2012,sen,335754.0
2012,sle,155911.0
2012,sgp,54151.0
2012,svk,53134.0
2012,svn,17995.0
2012,slb,13130.0
2012,som,255687.0
2012,zaf,1019081.0
2012,esp,418186.0
2012,lka,294985.0
2012,lca,2773.0
2012,vct,2095.0
2012,sdn,1027392.0
2012,sur,8989.0
2012,swz,28170.0
2012,swe,92975.0
2012,che,82303.0
2012,syr,467183.0
2012,tjk,167518.0
2012,tza,1163267.0
2012,tha,886348.0
2012,tls,33658.0
2012,tgo,185482.0
2012,ton,2380.0
2012,tto,17998.0
2012,tun,159492.0
2012,tur,1371192.0
2012,tkm,90862.0
2012,uga,965590.0
2012,ukr,389222.0
2012,are,56315.0
2012,gbr,694520.0
2012,usa,4170850.0
2012,ury,51130.0
2012,uzb,532066.0
2012,vut,5857.0
2012,ven,559658.0
2012,vnm,1519259.0
2012,pse,124548.0
2012,yem,651937.0
2012,zmb,355270.0
2012,zwe,332126.0
2013,afg,863123.0
2013,alb,49953.0
2013,dza,594349.0
2013,ago,502707.0
2013,arg,668222.0
2013,arm,31997.0
2013,abw,1470.0
2013,aus,264812.0
2013,aut,84098.0
2013,aze,108776.0
2013,bhs,5725.0
2013,bhr,12662.0
2013,bgd,3637143.0
2013,brb,3445.0
2013,blr,90095.0
2013,bel,116657.0
2013,blz,7109.0
2013,ben,263241.0
2013,btn,12919.0
2013,bol,233673.0
2013,bih,45091.0
2013,bwa,42236.0
2013,bra,3561169.0
2013,brn,7221.0
2013,bgr,65021.0
2013,bfa,444829.0
2013,bdi,236462.0
2013,cpv,13578.0
2013,khm,323141.0
2013,cmr,505549.0
2013,can,373693.0
2013,caf,120157.0
2013,tcd,328889.0
2013,chl,249749.0
2013,chn,17617133.0
2013,col,901713.0
2013,com,23659.0
2013,cod,1924534.0
2013,cog,106071.0
2013,cri,79901.0
2013,civ,517746.0
2013,hrv,43801.0
2013,cub,135130.0
2013,cyp,10034.0
2013,cze,88633.0
2013,dnk,67259.0
2013,dji,20238.0
2013,dom,215077.0
2013,ecu,285810.0
2013,egy,1661951.0
2013,slv,151372.0
2013,gnq,14156.0
2013,eri,139902.0
2013,est,12513.0
2013,eth,2394291.0
2013,fji,17614.0
2013,fin,57784.0
2013,fra,778239.0
2013,gab,30166.0
2013,gmb,47065.0
2013,geo,46958.0
2013,deu,769028.0
2013,gha,594405.0
2013,grc,104129.0
2013,grd,2181.0
2013,gtm,383555.0
2013,gin,265815.0
2013,gnb,52241.0
2013,guy,16093.0
2013,hti,232793.0
2013,hnd,181090.0
2013,hkg,69562.0
2013,hun,96208.0
2013,isl,4150.0
2013,ind,24727253.0
2013,idn,4291529.0
2013,irn,1091456.0
2013,irq,809958.0
2013,irl,61820.0
2013,isr,134308.0
2013,ita,543669.0
2013,jam,54810.0
2013,jpn,1179573.0
2013,jor,142996.0
2013,kaz,209960.0
2013,ken,1061780.0
2013,prk,353053.0
2013,kor,526823.0
2013,kwt,45564.0
2013,kgz,97292.0
2013,lao,141073.0
2013,lva,18992.0
2013,lbn,74776.0
2013,lso,52937.0
2013,lbr,122450.0
2013,lby,126750.0
2013,ltu,31545.0
2013,lux,5900.0
2013,mac,3850.0
2013,mkd,24114.0
2013,mdg,572397.0
2013,mwi,443443.0
2013,mys,543370.0
2013,mdv,5781.0
2013,mli,381672.0
2013,mlt,4268.0
2013,mrt,83966.0
2013,mus,19026.0
2013,mex,2066957.0
2013,fsm,2824.0
2013,mda,42947.0
2013,mng,44596.0
2013,mar,583325.0
2013,moz,639145.0
2013,mmr,824108.0
2013,nam,49161.0
2013,npl,706115.0
2013,nld,201371.0
2013,nzl,57705.0
2013,nic,129931.0
2013,ner,457374.0
2013,nga,4236172.0
2013,nor,60407.0
2013,omn,55261.0
2013,pak,3696044.0
2013,pan,67987.0
2013,png,175281.0
2013,pry,142742.0
2013,per,542407.0
2013,phl,2098256.0
2013,pol,358822.0
2013,prt,111464.0
2013,qat,12221.0
2013,rou,216920.0
2013,rus,1340706.0
2013,rwa,260678.0
2013,wsm,5142.0
2013,stp,4352.0
2013,sau,548684.0
2013,sen,344383.0
2013,sle,159863.0
2013,sgp,51404.0
2013,svk,52049.0
2013,svn,17837.0
2013,slb,13308.0
2013,som,261641.0
2013,zaf,1024473.0
2013,esp,431314.0
2013,lka,295548.0
2013,lca,2821.0
2013,vct,2137.0
2013,sdn,1034067.0
2013,sur,8738.0
2013,swz,27932.0
2013,swe,96585.0
2013,che,80807.0
2013,syr,474143.0
2013,tjk,166979.0
2013,tza,1213571.0
2013,tha,882378.0
2013,tls,33622.0
2013,tgo,190150.0
2013,ton,2305.0
2013,tto,17982.0
2013,tun,159937.0
2013,tur,1344767.0
2013,tkm,92499.0
2013,uga,993542.0
2013,ukr,387085.0
2013,are,57623.0
2013,gbr,689228.0
2013,usa,4211789.0
2013,ury,50793.0
2013,uzb,540843.0
2013,vut,5896.0
2013,ven,563354.0
2013,vnm,1553737.0
2013,pse,126684.0
2013,yem,661194.0
2013,zmb,360143.0
2013,zwe,328780.0
2015,afg,904643.0
2015,alb,49227.0
2015,dza,627098.0
2015,ago,536987.0
2015,arg,661919.0
2015,arm,30956.0
2015,abw,1470.0
2015,aus,265518.0
2015,aut,82882.0
2015,aze,101959.0
2015,bhs,5515.0
2015,bhr,13032.0
2015,bgd,3743159.0
2015,brb,3380.0
2015,blr,91133.0
2015,bel,116301.0
2015,blz,7131.0
2015,ben,277503.0
2015,btn,12346.0
2015,bol,238287.0
2015,bih,40057.0
2015,bwa,41978.0
2015,bra,3594997.0
2015,brn,7450.0
2015,bgr,67819.0
2015,bfa,469179.0
2015,bdi,255951.0
2015,cpv,14275.0
2015,khm,325030.0
2015,cmr,532703.0
2015,can,375506.0
2015,caf,122450.0
2015,tcd,348671.0
2015,chl,246048.0
2015,chn,16712718.0
2015,col,891524.0
2015,com,24501.0
2015,cod,2073409.0
2015,cog,111751.0
2015,cri,79403.0
2015,civ,529039.0
2015,hrv,41184.0
2015,cub,130337.0
2015,cyp,9994.0
2015,cze,94321.0
2015,dnk,66260.0
2015,dji,20534.0
2015,dom,217518.0
2015,ecu,281436.0
2015,egy,1698961.0
2015,slv,150482.0
2015,gnq,14712.0
2015,eri,153162.0
2015,est,13094.0
2015,eth,2469054.0
2015,fji,17105.0
2015,fin,58004.0
2015,fra,787662.0
2015,gab,30486.0
2015,gmb,49041.0
2015,geo,46577.0
2015,deu,737245.0
2015,gha,612010.0
2015,grc,104014.0
2015,grd,2068.0
2015,gtm,399128.0
2015,gin,280729.0
2015,gnb,55939.0
2015,guy,14966.0
2015,hti,234047.0
2015,hnd,182030.0
2015,hkg,67210.0
2015,hun,96290.0
2015,isl,4151.0
2015,ind,24768800.0
2015,idn,4332344.0
2015,irn,1189063.0
2015,irq,823697.0
2015,irl,65119.0
2015,isr,137185.0
2015,ita,554994.0
2015,jam,54630.0
2015,jpn,1138218.0
2015,jor,140804.0
2015,kaz,228687.0
2015,ken,1136848.0
2015,prk,322960.0
2015,kor,477755.0
2015,kwt,47104.0
2015,kgz,95691.0
2015,lao,137221.0
2015,lva,20136.0
2015,lbn,71642.0
2015,lso,52271.0
2015,lbr,130809.0
2015,lby,132626.0
2015,ltu,29997.0
2015,lux,5825.0
2015,mac,3467.0
2015,mkd,23640.0
2015,mdg,591510.0
2015,mwi,458280.0
2015,mys,552628.0
2015,mdv,5788.0
2015,mli,400339.0
2015,mlt,3983.0
2015,mrt,87356.0
2015,mus,18887.0
2015,mex,2043508.0
2015,fsm,2818.0
2015,mda,41430.0
2015,mng,45785.0
2015,mar,578763.0
2015,moz,676212.0
2015,mmr,804715.0
2015,nam,47831.0
2015,npl,703880.0
2015,nld,201950.0
2015,nzl,58401.0
2015,nic,128513.0
2015,ner,490258.0
2015,nga,4401819.0
2015,nor,59366.0
2015,omn,53084.0
2015,pak,3588724.0
2015,pan,68609.0
2015,png,176404.0
2015,pry,144024.0
2015,per,540212.0
2015,phl,2175068.0
2015,pol,348831.0
2015,prt,112087.0
2015,qat,12643.0
2015,rou,209302.0
2015,rus,1420469.0
2015,rwa,279958.0
2015,wsm,4868.0
2015,stp,4463.0
2015,sau,562163.0
2015,sen,360412.0
2015,sle,167904.0
2015,sgp,46462.0
2015,svk,51188.0
2015,svn,17695.0
2015,slb,13619.0
2015,som,273003.0
2015,zaf,1030713.0
2015,esp,457393.0
2015,lka,294195.0
2015,lca,2933.0
2015,vct,2206.0
2015,sdn,1048457.0
2015,sur,8290.0
2015,swz,27744.0
2015,swe,103585.0
2015,che,78314.0
2015,syr,489548.0
2015,tjk,166215.0
2015,tza,1298358.0
2015,tha,879095.0
2015,tls,34730.0
2015,tgo,198749.0
2015,ton,2222.0
2015,tto,18154.0
2015,tun,162540.0
2015,tur,1309905.0
2015,tkm,95869.0
2015,uga,1056943.0
2015,ukr,391622.0
2015,are,61165.0
2015,gbr,688755.0
2015,usa,4301098.0
2015,ury,50145.0
2015,uzb,559458.0
2015,vut,5993.0
2015,ven,570847.0
2015,vnm,1614512.0
2015,pse,130723.0
2015,yem,687849.0
2015,zmb,368878.0
2015,zwe,324946.0
