year,country,prj_att_2039_4_mf
2010,wld,0.15
2010,abw,0.24
2010,alb,0.08
2010,are,0.15
2010,arg,0.14
2010,arm,0.22
2010,aus,0.38
2010,aut,0.32
2010,aze,0.17
2010,bdi,0.02
2010,bel,0.46
2010,ben,0.02
2010,bfa,0.01
2010,bgd,0.1
2010,bgr,0.22
2010,bhr,0.19
2010,bhs,0.12
2010,bih,0.1
2010,blr,0.19
2010,blz,0.13
2010,bol,0.18
2010,bra,0.11
2010,btn,0.08
2010,caf,0.01
2010,can,0.59
2010,che,0.24
2010,chl,0.19
2010,chn,0.13
2010,civ,0.06
2010,cmr,0.04
2010,cog,0.04
2010,col,0.22
2010,com,0.05
2010,cpv,0.03
2010,cri,0.19
2010,cub,0.11
2010,cyp,0.43
2010,cze,0.17
2010,deu,0.32
2010,dnk,0.24
2010,dom,0.19
2010,dza,0.16
2010,ecu,0.23
2010,egy,0.17
2010,esp,0.28
2010,est,0.32
2010,eth,0.04
2010,fin,0.37
2010,fra,0.36
2010,gab,0.05
2010,gbr,0.34
2010,geo,0.58
2010,gha,0.05
2010,gin,0.03
2010,gmb,0.05
2010,gnb,0.01
2010,gnq,0.05
2010,grc,0.26
2010,gtm,0.06
2010,guy,0.12
2010,hkg,0.37
2010,hnd,0.07
2010,hrv,0.15
2010,hti,0.04
2010,hun,0.15
2010,idn,0.09
2010,ind,0.11
2010,irl,0.58
2010,irn,0.15
2010,irq,0.2
2010,isl,0.42
2010,isr,0.28
2010,ita,0.15
2010,jam,0.2
2010,jor,0.28
2010,jpn,0.51
2010,kaz,0.31
2010,ken,0.04
2010,kgz,0.11
2010,khm,0.03
2010,kor,0.52
2010,kwt,0.17
2010,lao,0.06
2010,lbn,0.27
2010,lbr,0.01
2010,lca,0.19
2010,lso,0.06
2010,ltu,0.41
2010,lux,0.28
2010,lva,0.32
2010,mac,0.3
2010,mar,0.08
2010,mda,0.14
2010,mdg,0.02
2010,mdv,0.07
2010,mex,0.16
2010,mkd,0.12
2010,mli,0.01
2010,mlt,0.31
2010,mmr,0.15
2010,mne,0.14
2010,mng,0.1
2010,moz,0.01
2010,mus,0.04
2010,mwi,0.01
2010,mys,0.25
2010,nam,0.07
2010,ncl,0.31
2010,ner,0.01
2010,nga,0.12
2010,nic,0.11
2010,nld,0.3
2010,nor,0.37
2010,npl,0.05
2010,nzl,0.37
2010,pak,0.06
2010,pan,0.21
2010,per,0.24
2010,phl,0.35
2010,pol,0.24
2010,pri,0.36
2010,prt,0.17
2010,pry,0.16
2010,pyf,0.23
2010,qat,0.15
2010,rom,0.15
2010,rus,0.21
2010,rwa,0.01
2010,sau,0.3
2010,sdn,0.07
2010,sen,0.04
2010,sgp,0.78
2010,sle,0.03
2010,slv,0.12
2010,som,0.03
2010,srb,0.13
2010,stp,0.01
2010,sur,0.07
2010,svk,0.14
2010,svn,0.18
2010,swe,0.41
2010,swz,0.09
2010,syr,0.1
2010,tcd,0.02
2010,tha,0.17
2010,tjk,0.11
2010,tkm,0.11
2010,tmp,0.05
2010,ton,0.15
2010,tto,0.07
2010,tun,0.16
2010,tur,0.12
2010,tza,0.01
2010,uga,0.03
2010,ukr,0.18
2010,ury,0.14
2010,usa,0.35
2010,vct,0.14
2010,ven,0.26
2010,vnm,0.09
2010,vut,0.04
2010,wbg,0.17
2010,wsm,0.15
2010,zaf,0.04
2010,zar,0.04
2010,zmb,0.05
2010,zwe,0.05
2015,wld,0.17
2015,abw,0.25
2015,alb,0.09
2015,are,0.18
2015,arg,0.15
2015,arm,0.23
2015,aus,0.4
2015,aut,0.35
2015,aze,0.19
2015,bdi,0.02
2015,bel,0.5
2015,ben,0.02
2015,bfa,0.01
2015,bgd,0.12
2015,bgr,0.24
2015,bhr,0.22
2015,bhs,0.12
2015,bih,0.13
2015,blr,0.21
2015,blz,0.14
2015,bol,0.18
2015,bra,0.12
2015,btn,0.09
2015,caf,0.01
2015,can,0.61
2015,che,0.25
2015,chl,0.21
2015,chn,0.16
2015,civ,0.07
2015,cmr,0.05
2015,cog,0.05
2015,col,0.25
2015,com,0.06
2015,cpv,0.04
2015,cri,0.21
2015,cub,0.12
2015,cyp,0.47
2015,cze,0.18
2015,deu,0.35
2015,dnk,0.24
2015,dom,0.21
2015,dza,0.19
2015,ecu,0.27
2015,egy,0.2
2015,esp,0.32
2015,est,0.35
2015,eth,0.05
2015,fin,0.37
2015,fra,0.4
2015,gab,0.05
2015,gbr,0.36
2015,geo,0.6
2015,gha,0.06
2015,gin,0.03
2015,gmb,0.06
2015,gnb,0.01
2015,gnq,0.06
2015,grc,0.3
2015,gtm,0.07
2015,guy,0.13
2015,hkg,0.41
2015,hnd,0.08
2015,hrv,0.16
2015,hti,0.05
2015,hun,0.16
2015,idn,0.1
2015,ind,0.13
2015,irl,0.61
2015,irn,0.18
2015,irq,0.23
2015,isl,0.44
2015,isr,0.28
2015,ita,0.16
2015,jam,0.22
2015,jor,0.32
2015,jpn,0.57
2015,kaz,0.34
2015,ken,0.04
2015,kgz,0.12
2015,khm,0.04
2015,kor,0.57
2015,kwt,0.19
2015,lao,0.06
2015,lbn,0.31
2015,lbr,0.01
2015,lca,0.21
2015,lso,0.06
2015,ltu,0.45
2015,lux,0.3
2015,lva,0.35
2015,mac,0.35
2015,mar,0.1
2015,mda,0.16
2015,mdg,0.02
2015,mdv,0.08
2015,mex,0.18
2015,mkd,0.14
2015,mli,0.01
2015,mlt,0.35
2015,mmr,0.18
2015,mne,0.15
2015,mng,0.1
2015,moz,0.01
2015,mus,0.04
2015,mwi,0.02
2015,mys,0.3
2015,nam,0.07
2015,ncl,0.34
2015,ner,0.01
2015,nga,0.14
2015,nic,0.12
2015,nld,0.32
2015,nor,0.38
2015,npl,0.06
2015,nzl,0.39
2015,pak,0.07
2015,pan,0.23
2015,per,0.26
2015,phl,0.39
2015,pol,0.26
2015,pri,0.39
2015,prt,0.19
2015,pry,0.17
2015,pyf,0.26
2015,qat,0.16
2015,rom,0.16
2015,rus,0.22
2015,rwa,0.01
2015,sau,0.34
2015,sdn,0.08
2015,sen,0.04
2015,sgp,0.81
2015,sle,0.03
2015,slv,0.14
2015,som,0.03
2015,srb,0.14
2015,stp,0.01
2015,sur,0.08
2015,svk,0.15
2015,svn,0.2
2015,swe,0.43
2015,swz,0.1
2015,syr,0.12
2015,tcd,0.02
2015,tha,0.2
2015,tjk,0.12
2015,tkm,0.12
2015,tmp,0.07
2015,ton,0.16
2015,tto,0.07
2015,tun,0.21
2015,tur,0.14
2015,tza,0.02
2015,uga,0.04
2015,ukr,0.2
2015,ury,0.15
2015,usa,0.36
2015,vct,0.15
2015,ven,0.29
2015,vnm,0.11
2015,vut,0.04
2015,wbg,0.2
2015,wsm,0.16
2015,zaf,0.04
2015,zar,0.04
2015,zmb,0.05
2015,zwe,0.06
2020,wld,0.19
2020,abw,0.29
2020,alb,0.1
2020,are,0.2
2020,arg,0.17
2020,arm,0.25
2020,aus,0.43
2020,aut,0.39
2020,aze,0.2
2020,bdi,0.02
2020,bel,0.53
2020,ben,0.02
2020,bfa,0.01
2020,bgd,0.13
2020,bgr,0.26
2020,bhr,0.24
2020,bhs,0.13
2020,bih,0.14
2020,blr,0.23
2020,blz,0.15
2020,bol,0.19
2020,bra,0.13
2020,btn,0.1
2020,caf,0.02
2020,can,0.64
2020,che,0.27
2020,chl,0.24
2020,chn,0.18
2020,civ,0.08
2020,cmr,0.05
2020,cog,0.05
2020,col,0.28
2020,com,0.07
2020,cpv,0.04
2020,cri,0.23
2020,cub,0.13
2020,cyp,0.51
2020,cze,0.19
2020,deu,0.38
2020,dnk,0.26
2020,dom,0.24
2020,dza,0.21
2020,ecu,0.3
2020,egy,0.22
2020,esp,0.35
2020,est,0.38
2020,eth,0.06
2020,fin,0.38
2020,fra,0.43
2020,gab,0.06
2020,gbr,0.38
2020,geo,0.63
2020,gha,0.06
2020,gin,0.03
2020,gmb,0.07
2020,gnb,0.01
2020,gnq,0.07
2020,grc,0.33
2020,gtm,0.08
2020,guy,0.13
2020,hkg,0.45
2020,hnd,0.09
2020,hrv,0.18
2020,hti,0.06
2020,hun,0.17
2020,idn,0.12
2020,ind,0.14
2020,irl,0.64
2020,irn,0.21
2020,irq,0.25
2020,isl,0.48
2020,isr,0.28
2020,ita,0.18
2020,jam,0.24
2020,jor,0.35
2020,jpn,0.61
2020,kaz,0.37
2020,ken,0.05
2020,kgz,0.13
2020,khm,0.05
2020,kor,0.61
2020,kwt,0.2
2020,lao,0.06
2020,lbn,0.35
2020,lbr,0.01
2020,lca,0.23
2020,lso,0.07
2020,ltu,0.49
2020,lux,0.33
2020,lva,0.38
2020,mac,0.4
2020,mar,0.11
2020,mda,0.17
2020,mdg,0.03
2020,mdv,0.09
2020,mex,0.21
2020,mkd,0.16
2020,mli,0.01
2020,mlt,0.39
2020,mmr,0.21
2020,mne,0.16
2020,mng,0.11
2020,moz,0.01
2020,mus,0.04
2020,mwi,0.02
2020,mys,0.34
2020,nam,0.08
2020,ncl,0.37
2020,ner,0.01
2020,nga,0.16
2020,nic,0.14
2020,nld,0.34
2020,nor,0.41
2020,npl,0.07
2020,nzl,0.41
2020,pak,0.08
2020,pan,0.26
2020,per,0.28
2020,phl,0.42
2020,pol,0.28
2020,pri,0.42
2020,prt,0.21
2020,pry,0.19
2020,pyf,0.28
2020,qat,0.19
2020,rom,0.16
2020,rus,0.24
2020,rwa,0.01
2020,sau,0.38
2020,sdn,0.09
2020,sen,0.05
2020,sgp,0.83
2020,sle,0.04
2020,slv,0.16
2020,som,0.04
2020,srb,0.16
2020,stp,0.01
2020,sur,0.09
2020,svk,0.17
2020,svn,0.22
2020,swe,0.47
2020,swz,0.12
2020,syr,0.14
2020,tcd,0.02
2020,tha,0.23
2020,tjk,0.13
2020,tkm,0.12
2020,tmp,0.08
2020,ton,0.18
2020,tto,0.08
2020,tun,0.26
2020,tur,0.15
2020,tza,0.02
2020,uga,0.04
2020,ukr,0.21
2020,ury,0.17
2020,usa,0.38
2020,vct,0.16
2020,ven,0.32
2020,vnm,0.12
2020,vut,0.04
2020,wbg,0.23
2020,wsm,0.17
2020,zaf,0.05
2020,zar,0.05
2020,zmb,0.06
2020,zwe,0.07
2025,wld,0.2
2025,abw,0.33
2025,alb,0.1
2025,are,0.22
2025,arg,0.19
2025,arm,0.25
2025,aus,0.45
2025,aut,0.42
2025,aze,0.2
2025,bdi,0.03
2025,bel,0.56
2025,ben,0.02
2025,bfa,0.02
2025,bgd,0.15
2025,bgr,0.27
2025,bhr,0.27
2025,bhs,0.14
2025,bih,0.15
2025,blr,0.25
2025,blz,0.17
2025,bol,0.21
2025,bra,0.14
2025,btn,0.11
2025,caf,0.02
2025,can,0.66
2025,che,0.29
2025,chl,0.26
2025,chn,0.21
2025,civ,0.08
2025,cmr,0.06
2025,cog,0.06
2025,col,0.3
2025,com,0.07
2025,cpv,0.04
2025,cri,0.25
2025,cub,0.15
2025,cyp,0.55
2025,cze,0.2
2025,deu,0.4
2025,dnk,0.29
2025,dom,0.26
2025,dza,0.24
2025,ecu,0.33
2025,egy,0.24
2025,esp,0.38
2025,est,0.39
2025,eth,0.07
2025,fin,0.4
2025,fra,0.46
2025,gab,0.07
2025,gbr,0.41
2025,geo,0.64
2025,gha,0.06
2025,gin,0.04
2025,gmb,0.08
2025,gnb,0.01
2025,gnq,0.08
2025,grc,0.35
2025,gtm,0.09
2025,guy,0.14
2025,hkg,0.5
2025,hnd,0.1
2025,hrv,0.19
2025,hti,0.07
2025,hun,0.18
2025,idn,0.14
2025,ind,0.16
2025,irl,0.67
2025,irn,0.24
2025,irq,0.28
2025,isl,0.5
2025,isr,0.29
2025,ita,0.2
2025,jam,0.25
2025,jor,0.39
2025,jpn,0.65
2025,kaz,0.39
2025,ken,0.05
2025,kgz,0.14
2025,khm,0.05
2025,kor,0.66
2025,kwt,0.22
2025,lao,0.07
2025,lbn,0.4
2025,lbr,0.01
2025,lca,0.24
2025,lso,0.08
2025,ltu,0.52
2025,lux,0.35
2025,lva,0.4
2025,mac,0.45
2025,mar,0.13
2025,mda,0.18
2025,mdg,0.03
2025,mdv,0.11
2025,mex,0.23
2025,mkd,0.17
2025,mli,0.01
2025,mlt,0.42
2025,mmr,0.23
2025,mne,0.17
2025,mng,0.12
2025,moz,0.01
2025,mus,0.05
2025,mwi,0.02
2025,mys,0.38
2025,nam,0.09
2025,ncl,0.4
2025,ner,0.01
2025,nga,0.18
2025,nic,0.16
2025,nld,0.37
2025,nor,0.45
2025,npl,0.08
2025,nzl,0.43
2025,pak,0.09
2025,pan,0.28
2025,per,0.31
2025,phl,0.45
2025,pol,0.3
2025,pri,0.45
2025,prt,0.23
2025,pry,0.21
2025,pyf,0.3
2025,qat,0.2
2025,rom,0.17
2025,rus,0.24
2025,rwa,0.01
2025,sau,0.42
2025,sdn,0.11
2025,sen,0.05
2025,sgp,0.85
2025,sle,0.04
2025,slv,0.18
2025,som,0.05
2025,srb,0.17
2025,stp,0.01
2025,sur,0.09
2025,svk,0.18
2025,svn,0.23
2025,swe,0.49
2025,swz,0.14
2025,syr,0.16
2025,tcd,0.02
2025,tha,0.26
2025,tjk,0.14
2025,tkm,0.13
2025,tmp,0.09
2025,ton,0.2
2025,tto,0.09
2025,tun,0.29
2025,tur,0.17
2025,tza,0.02
2025,uga,0.05
2025,ukr,0.22
2025,ury,0.18
2025,usa,0.4
2025,vct,0.17
2025,ven,0.34
2025,vnm,0.13
2025,vut,0.05
2025,wbg,0.27
2025,wsm,0.19
2025,zaf,0.05
2025,zar,0.05
2025,zmb,0.06
2025,zwe,0.08
2030,wld,0.22
2030,abw,0.36
2030,alb,0.11
2030,are,0.24
2030,arg,0.2
2030,arm,0.26
2030,aus,0.47
2030,aut,0.45
2030,aze,0.2
2030,bdi,0.03
2030,bel,0.58
2030,ben,0.02
2030,bfa,0.02
2030,bgd,0.17
2030,bgr,0.28
2030,bhr,0.29
2030,bhs,0.15
2030,bih,0.16
2030,blr,0.25
2030,blz,0.18
2030,bol,0.23
2030,bra,0.16
2030,btn,0.13
2030,caf,0.02
2030,can,0.68
2030,che,0.31
2030,chl,0.28
2030,chn,0.24
2030,civ,0.09
2030,cmr,0.07
2030,cog,0.06
2030,col,0.33
2030,com,0.08
2030,cpv,0.05
2030,cri,0.27
2030,cub,0.17
2030,cyp,0.57
2030,cze,0.21
2030,deu,0.42
2030,dnk,0.3
2030,dom,0.29
2030,dza,0.27
2030,ecu,0.37
2030,egy,0.26
2030,esp,0.41
2030,est,0.39
2030,eth,0.07
2030,fin,0.4
2030,fra,0.49
2030,gab,0.07
2030,gbr,0.43
2030,geo,0.66
2030,gha,0.07
2030,gin,0.04
2030,gmb,0.09
2030,gnb,0.02
2030,gnq,0.09
2030,grc,0.38
2030,gtm,0.1
2030,guy,0.15
2030,hkg,0.53
2030,hnd,0.11
2030,hrv,0.2
2030,hti,0.08
2030,hun,0.19
2030,idn,0.16
2030,ind,0.17
2030,irl,0.68
2030,irn,0.27
2030,irq,0.31
2030,isl,0.53
2030,isr,0.3
2030,ita,0.22
2030,jam,0.27
2030,jor,0.42
2030,jpn,0.67
2030,kaz,0.41
2030,ken,0.06
2030,kgz,0.14
2030,khm,0.06
2030,kor,0.68
2030,kwt,0.24
2030,lao,0.07
2030,lbn,0.44
2030,lbr,0.02
2030,lca,0.27
2030,lso,0.09
2030,ltu,0.52
2030,lux,0.38
2030,lva,0.4
2030,mac,0.47
2030,mar,0.15
2030,mda,0.18
2030,mdg,0.03
2030,mdv,0.12
2030,mex,0.26
2030,mkd,0.17
2030,mli,0.01
2030,mlt,0.46
2030,mmr,0.26
2030,mne,0.19
2030,mng,0.13
2030,moz,0.01
2030,mus,0.05
2030,mwi,0.02
2030,mys,0.42
2030,nam,0.1
2030,ncl,0.43
2030,ner,0.01
2030,nga,0.21
2030,nic,0.18
2030,nld,0.39
2030,nor,0.47
2030,npl,0.09
2030,nzl,0.45
2030,pak,0.1
2030,pan,0.31
2030,per,0.33
2030,phl,0.48
2030,pol,0.31
2030,pri,0.48
2030,prt,0.25
2030,pry,0.23
2030,pyf,0.32
2030,qat,0.23
2030,rom,0.17
2030,rus,0.25
2030,rwa,0.02
2030,sau,0.45
2030,sdn,0.12
2030,sen,0.06
2030,sgp,0.86
2030,sle,0.05
2030,slv,0.2
2030,som,0.06
2030,srb,0.18
2030,stp,0.01
2030,sur,0.1
2030,svk,0.19
2030,svn,0.23
2030,swe,0.5
2030,swz,0.16
2030,syr,0.18
2030,tcd,0.02
2030,tha,0.29
2030,tjk,0.15
2030,tkm,0.14
2030,tmp,0.1
2030,ton,0.21
2030,tto,0.1
2030,tun,0.33
2030,tur,0.19
2030,tza,0.02
2030,uga,0.05
2030,ukr,0.23
2030,ury,0.2
2030,usa,0.41
2030,vct,0.19
2030,ven,0.37
2030,vnm,0.14
2030,vut,0.05
2030,wbg,0.3
2030,wsm,0.21
2030,zaf,0.06
2030,zar,0.06
2030,zmb,0.07
2030,zwe,0.09
2035,wld,0.23
2035,abw,0.39
2035,alb,0.12
2035,are,0.26
2035,arg,0.22
2035,arm,0.27
2035,aus,0.49
2035,aut,0.47
2035,aze,0.21
2035,bdi,0.03
2035,bel,0.61
2035,ben,0.03
2035,bfa,0.02
2035,bgd,0.19
2035,bgr,0.3
2035,bhr,0.31
2035,bhs,0.16
2035,bih,0.17
2035,blr,0.27
2035,blz,0.2
2035,bol,0.25
2035,bra,0.17
2035,btn,0.14
2035,caf,0.03
2035,can,0.69
2035,che,0.32
2035,chl,0.3
2035,chn,0.26
2035,civ,0.11
2035,cmr,0.07
2035,cog,0.07
2035,col,0.36
2035,com,0.09
2035,cpv,0.05
2035,cri,0.29
2035,cub,0.18
2035,cyp,0.6
2035,cze,0.23
2035,deu,0.44
2035,dnk,0.33
2035,dom,0.32
2035,dza,0.3
2035,ecu,0.4
2035,egy,0.29
2035,esp,0.45
2035,est,0.41
2035,eth,0.08
2035,fin,0.41
2035,fra,0.52
2035,gab,0.08
2035,gbr,0.45
2035,geo,0.67
2035,gha,0.07
2035,gin,0.05
2035,gmb,0.1
2035,gnb,0.02
2035,gnq,0.11
2035,grc,0.41
2035,gtm,0.11
2035,guy,0.16
2035,hkg,0.55
2035,hnd,0.13
2035,hrv,0.21
2035,hti,0.09
2035,hun,0.21
2035,idn,0.18
2035,ind,0.19
2035,irl,0.71
2035,irn,0.3
2035,irq,0.34
2035,isl,0.55
2035,isr,0.3
2035,ita,0.24
2035,jam,0.29
2035,jor,0.45
2035,jpn,0.7
2035,kaz,0.44
2035,ken,0.07
2035,kgz,0.15
2035,khm,0.06
2035,kor,0.68
2035,kwt,0.26
2035,lao,0.08
2035,lbn,0.48
2035,lbr,0.02
2035,lca,0.29
2035,lso,0.1
2035,ltu,0.51
2035,lux,0.4
2035,lva,0.42
2035,mac,0.5
2035,mar,0.17
2035,mda,0.19
2035,mdg,0.04
2035,mdv,0.14
2035,mex,0.28
2035,mkd,0.18
2035,mli,0.01
2035,mlt,0.49
2035,mmr,0.29
2035,mne,0.2
2035,mng,0.14
2035,moz,0.02
2035,mus,0.06
2035,mwi,0.03
2035,mys,0.46
2035,nam,0.11
2035,ncl,0.46
2035,ner,0.01
2035,nga,0.24
2035,nic,0.2
2035,nld,0.42
2035,nor,0.49
2035,npl,0.11
2035,nzl,0.47
2035,pak,0.11
2035,pan,0.34
2035,per,0.35
2035,phl,0.51
2035,pol,0.32
2035,pri,0.5
2035,prt,0.27
2035,pry,0.26
2035,pyf,0.35
2035,qat,0.25
2035,rom,0.18
2035,rus,0.26
2035,rwa,0.02
2035,sau,0.49
2035,sdn,0.14
2035,sen,0.07
2035,sgp,0.86
2035,sle,0.05
2035,slv,0.22
2035,som,0.06
2035,srb,0.19
2035,stp,0.01
2035,sur,0.11
2035,svk,0.2
2035,svn,0.25
2035,swe,0.52
2035,swz,0.17
2035,syr,0.2
2035,tcd,0.02
2035,tha,0.32
2035,tjk,0.16
2035,tkm,0.14
2035,tmp,0.12
2035,ton,0.24
2035,tto,0.1
2035,tun,0.37
2035,tur,0.21
2035,tza,0.03
2035,uga,0.06
2035,ukr,0.24
2035,ury,0.22
2035,usa,0.43
2035,vct,0.2
2035,ven,0.4
2035,vnm,0.15
2035,vut,0.05
2035,wbg,0.34
2035,wsm,0.22
2035,zaf,0.06
2035,zar,0.06
2035,zmb,0.07
2035,zwe,0.1
2040,wld,0.25
2040,abw,0.4
2040,alb,0.13
2040,are,0.28
2040,arg,0.24
2040,arm,0.29
2040,aus,0.51
2040,aut,0.5
2040,aze,0.21
2040,bdi,0.04
2040,bel,0.63
2040,ben,0.03
2040,bfa,0.02
2040,bgd,0.21
2040,bgr,0.32
2040,bhr,0.33
2040,bhs,0.17
2040,bih,0.18
2040,blr,0.29
2040,blz,0.22
2040,bol,0.27
2040,bra,0.19
2040,btn,0.16
2040,caf,0.03
2040,can,0.7
2040,che,0.34
2040,chl,0.33
2040,chn,0.3
2040,civ,0.12
2040,cmr,0.08
2040,cog,0.08
2040,col,0.39
2040,com,0.11
2040,cpv,0.05
2040,cri,0.31
2040,cub,0.2
2040,cyp,0.61
2040,cze,0.25
2040,deu,0.45
2040,dnk,0.34
2040,dom,0.34
2040,dza,0.33
2040,ecu,0.43
2040,egy,0.32
2040,esp,0.48
2040,est,0.43
2040,eth,0.09
2040,fin,0.41
2040,fra,0.55
2040,gab,0.09
2040,gbr,0.47
2040,geo,0.69
2040,gha,0.08
2040,gin,0.06
2040,gmb,0.11
2040,gnb,0.02
2040,gnq,0.12
2040,grc,0.44
2040,gtm,0.12
2040,guy,0.17
2040,hkg,0.58
2040,hnd,0.14
2040,hrv,0.23
2040,hti,0.1
2040,hun,0.22
2040,idn,0.2
2040,ind,0.21
2040,irl,0.73
2040,irn,0.34
2040,irq,0.37
2040,isl,0.57
2040,isr,0.31
2040,ita,0.26
2040,jam,0.32
2040,jor,0.48
2040,jpn,0.72
2040,kaz,0.46
2040,ken,0.08
2040,kgz,0.16
2040,khm,0.07
2040,kor,0.69
2040,kwt,0.28
2040,lao,0.08
2040,lbn,0.52
2040,lbr,0.02
2040,lca,0.31
2040,lso,0.11
2040,ltu,0.52
2040,lux,0.42
2040,lva,0.44
2040,mac,0.54
2040,mar,0.19
2040,mda,0.2
2040,mdg,0.04
2040,mdv,0.15
2040,mex,0.31
2040,mkd,0.19
2040,mli,0.02
2040,mlt,0.52
2040,mmr,0.31
2040,mne,0.21
2040,mng,0.15
2040,moz,0.02
2040,mus,0.07
2040,mwi,0.03
2040,mys,0.49
2040,nam,0.12
2040,ncl,0.49
2040,ner,0.02
2040,nga,0.26
2040,nic,0.22
2040,nld,0.44
2040,nor,0.5
2040,npl,0.12
2040,nzl,0.49
2040,pak,0.12
2040,pan,0.36
2040,per,0.37
2040,phl,0.54
2040,pol,0.34
2040,pri,0.53
2040,prt,0.29
2040,pry,0.28
2040,pyf,0.37
2040,qat,0.27
2040,rom,0.19
2040,rus,0.28
2040,rwa,0.02
2040,sau,0.52
2040,sdn,0.15
2040,sen,0.08
2040,sgp,0.86
2040,sle,0.06
2040,slv,0.24
2040,som,0.07
2040,srb,0.21
2040,stp,0.02
2040,sur,0.12
2040,svk,0.21
2040,svn,0.27
2040,swe,0.54
2040,swz,0.19
2040,syr,0.22
2040,tcd,0.03
2040,tha,0.35
2040,tjk,0.17
2040,tkm,0.15
2040,tmp,0.13
2040,ton,0.26
2040,tto,0.11
2040,tun,0.41
2040,tur,0.23
2040,tza,0.03
2040,uga,0.07
2040,ukr,0.26
2040,ury,0.23
2040,usa,0.45
2040,vct,0.22
2040,ven,0.42
2040,vnm,0.16
2040,vut,0.06
2040,wbg,0.37
2040,wsm,0.24
2040,zaf,0.07
2040,zar,0.07
2040,zmb,0.08
2040,zwe,0.11
2045,wld,0.27
2045,abw,0.42
2045,alb,0.14
2045,are,0.3
2045,arg,0.26
2045,arm,0.3
2045,aus,0.53
2045,aut,0.52
2045,aze,0.22
2045,bdi,0.05
2045,bel,0.65
2045,ben,0.04
2045,bfa,0.03
2045,bgd,0.23
2045,bgr,0.34
2045,bhr,0.36
2045,bhs,0.19
2045,bih,0.19
2045,blr,0.31
2045,blz,0.23
2045,bol,0.3
2045,bra,0.2
2045,btn,0.17
2045,caf,0.03
2045,can,0.71
2045,che,0.36
2045,chl,0.35
2045,chn,0.33
2045,civ,0.13
2045,cmr,0.09
2045,cog,0.09
2045,col,0.42
2045,com,0.12
2045,cpv,0.06
2045,cri,0.33
2045,cub,0.21
2045,cyp,0.63
2045,cze,0.26
2045,deu,0.47
2045,dnk,0.35
2045,dom,0.37
2045,dza,0.36
2045,ecu,0.46
2045,egy,0.34
2045,esp,0.5
2045,est,0.45
2045,eth,0.1
2045,fin,0.42
2045,fra,0.57
2045,gab,0.1
2045,gbr,0.49
2045,geo,0.7
2045,gha,0.09
2045,gin,0.06
2045,gmb,0.12
2045,gnb,0.03
2045,gnq,0.13
2045,grc,0.46
2045,gtm,0.13
2045,guy,0.18
2045,hkg,0.61
2045,hnd,0.16
2045,hrv,0.24
2045,hti,0.12
2045,hun,0.24
2045,idn,0.23
2045,ind,0.23
2045,irl,0.75
2045,irn,0.37
2045,irq,0.4
2045,isl,0.59
2045,isr,0.32
2045,ita,0.28
2045,jam,0.34
2045,jor,0.5
2045,jpn,0.74
2045,kaz,0.48
2045,ken,0.08
2045,kgz,0.17
2045,khm,0.08
2045,kor,0.69
2045,kwt,0.3
2045,lao,0.09
2045,lbn,0.55
2045,lbr,0.02
2045,lca,0.33
2045,lso,0.12
2045,ltu,0.55
2045,lux,0.44
2045,lva,0.47
2045,mac,0.57
2045,mar,0.22
2045,mda,0.21
2045,mdg,0.04
2045,mdv,0.17
2045,mex,0.34
2045,mkd,0.2
2045,mli,0.02
2045,mlt,0.55
2045,mmr,0.34
2045,mne,0.23
2045,mng,0.17
2045,moz,0.02
2045,mus,0.07
2045,mwi,0.03
2045,mys,0.53
2045,nam,0.13
2045,ncl,0.52
2045,ner,0.02
2045,nga,0.29
2045,nic,0.24
2045,nld,0.46
2045,nor,0.52
2045,npl,0.13
2045,nzl,0.52
2045,pak,0.14
2045,pan,0.39
2045,per,0.4
2045,phl,0.56
2045,pol,0.36
2045,pri,0.55
2045,prt,0.32
2045,pry,0.3
2045,pyf,0.39
2045,qat,0.3
2045,rom,0.2
2045,rus,0.3
2045,rwa,0.03
2045,sau,0.55
2045,sdn,0.17
2045,sen,0.09
2045,sgp,0.86
2045,sle,0.07
2045,slv,0.27
2045,som,0.08
2045,srb,0.22
2045,stp,0.02
2045,sur,0.13
2045,svk,0.23
2045,svn,0.29
2045,swe,0.56
2045,swz,0.21
2045,syr,0.24
2045,tcd,0.03
2045,tha,0.38
2045,tjk,0.18
2045,tkm,0.17
2045,tmp,0.15
2045,ton,0.28
2045,tto,0.12
2045,tun,0.44
2045,tur,0.25
2045,tza,0.04
2045,uga,0.08
2045,ukr,0.27
2045,ury,0.25
2045,usa,0.46
2045,vct,0.24
2045,ven,0.45
2045,vnm,0.17
2045,vut,0.07
2045,wbg,0.4
2045,wsm,0.26
2045,zaf,0.08
2045,zar,0.08
2045,zmb,0.09
2045,zwe,0.12
2050,wld,0.28
2050,abw,0.45
2050,alb,0.16
2050,are,0.32
2050,arg,0.28
2050,arm,0.31
2050,aus,0.55
2050,aut,0.55
2050,aze,0.23
2050,bdi,0.05
2050,bel,0.67
2050,ben,0.04
2050,bfa,0.03
2050,bgd,0.25
2050,bgr,0.36
2050,bhr,0.38
2050,bhs,0.2
2050,bih,0.2
2050,blr,0.33
2050,blz,0.25
2050,bol,0.32
2050,bra,0.22
2050,btn,0.19
2050,caf,0.04
2050,can,0.72
2050,che,0.38
2050,chl,0.38
2050,chn,0.36
2050,civ,0.14
2050,cmr,0.1
2050,cog,0.1
2050,col,0.45
2050,com,0.13
2050,cpv,0.06
2050,cri,0.35
2050,cub,0.23
2050,cyp,0.65
2050,cze,0.28
2050,deu,0.49
2050,dnk,0.36
2050,dom,0.39
2050,dza,0.38
2050,ecu,0.48
2050,egy,0.37
2050,esp,0.53
2050,est,0.47
2050,eth,0.11
2050,fin,0.43
2050,fra,0.59
2050,gab,0.11
2050,gbr,0.51
2050,geo,0.72
2050,gha,0.09
2050,gin,0.07
2050,gmb,0.14
2050,gnb,0.03
2050,gnq,0.15
2050,grc,0.48
2050,gtm,0.15
2050,guy,0.19
2050,hkg,0.64
2050,hnd,0.17
2050,hrv,0.26
2050,hti,0.13
2050,hun,0.25
2050,idn,0.25
2050,ind,0.25
2050,irl,0.76
2050,irn,0.41
2050,irq,0.42
2050,isl,0.61
2050,isr,0.34
2050,ita,0.3
2050,jam,0.36
2050,jor,0.52
2050,jpn,0.75
2050,kaz,0.5
2050,ken,0.09
2050,kgz,0.18
2050,khm,0.09
2050,kor,0.7
2050,kwt,0.32
2050,lao,0.09
2050,lbn,0.59
2050,lbr,0.03
2050,lca,0.35
2050,lso,0.13
2050,ltu,0.57
2050,lux,0.46
2050,lva,0.49
2050,mac,0.6
2050,mar,0.24
2050,mda,0.23
2050,mdg,0.05
2050,mdv,0.19
2050,mex,0.36
2050,mkd,0.22
2050,mli,0.02
2050,mlt,0.58
2050,mmr,0.37
2050,mne,0.25
2050,mng,0.18
2050,moz,0.03
2050,mus,0.08
2050,mwi,0.04
2050,mys,0.56
2050,nam,0.14
2050,ncl,0.54
2050,ner,0.02
2050,nga,0.32
2050,nic,0.26
2050,nld,0.47
2050,nor,0.53
2050,npl,0.15
2050,nzl,0.54
2050,pak,0.15
2050,pan,0.41
2050,per,0.42
2050,phl,0.59
2050,pol,0.38
2050,pri,0.57
2050,prt,0.33
2050,pry,0.33
2050,pyf,0.41
2050,qat,0.32
2050,rom,0.22
2050,rus,0.31
2050,rwa,0.03
2050,sau,0.56
2050,sdn,0.19
2050,sen,0.1
2050,sgp,0.87
2050,sle,0.08
2050,slv,0.29
2050,som,0.1
2050,srb,0.23
2050,stp,0.02
2050,sur,0.14
2050,svk,0.25
2050,svn,0.31
2050,swe,0.58
2050,swz,0.23
2050,syr,0.27
2050,tcd,0.03
2050,tha,0.41
2050,tjk,0.19
2050,tkm,0.18
2050,tmp,0.17
2050,ton,0.3
2050,tto,0.14
2050,tun,0.48
2050,tur,0.28
2050,tza,0.05
2050,uga,0.09
2050,ukr,0.29
2050,ury,0.27
2050,usa,0.48
2050,vct,0.25
2050,ven,0.47
2050,vnm,0.18
2050,vut,0.07
2050,wbg,0.43
2050,wsm,0.27
2050,zaf,0.08
2050,zar,0.08
2050,zmb,0.1
2050,zwe,0.14
2055,wld,0.3
2055,abw,0.47
2055,alb,0.17
2055,are,0.34
2055,arg,0.29
2055,arm,0.33
2055,aus,0.57
2055,aut,0.57
2055,aze,0.24
2055,bdi,0.06
2055,bel,0.68
2055,ben,0.05
2055,bfa,0.04
2055,bgd,0.27
2055,bgr,0.38
2055,bhr,0.4
2055,bhs,0.22
2055,bih,0.22
2055,blr,0.35
2055,blz,0.27
2055,bol,0.34
2055,bra,0.24
2055,btn,0.21
2055,caf,0.05
2055,can,0.73
2055,che,0.4
2055,chl,0.4
2055,chn,0.39
2055,civ,0.15
2055,cmr,0.11
2055,cog,0.11
2055,col,0.48
2055,com,0.14
2055,cpv,0.07
2055,cri,0.38
2055,cub,0.25
2055,cyp,0.67
2055,cze,0.3
2055,deu,0.51
2055,dnk,0.38
2055,dom,0.42
2055,dza,0.41
2055,ecu,0.51
2055,egy,0.39
2055,esp,0.54
2055,est,0.48
2055,eth,0.12
2055,fin,0.44
2055,fra,0.61
2055,gab,0.12
2055,gbr,0.54
2055,geo,0.73
2055,gha,0.1
2055,gin,0.08
2055,gmb,0.15
2055,gnb,0.04
2055,gnq,0.17
2055,grc,0.5
2055,gtm,0.16
2055,guy,0.2
2055,hkg,0.66
2055,hnd,0.19
2055,hrv,0.28
2055,hti,0.14
2055,hun,0.27
2055,idn,0.28
2055,ind,0.27
2055,irl,0.77
2055,irn,0.43
2055,irq,0.45
2055,isl,0.63
2055,isr,0.35
2055,ita,0.32
2055,jam,0.38
2055,jor,0.55
2055,jpn,0.76
2055,kaz,0.52
2055,ken,0.1
2055,kgz,0.2
2055,khm,0.1
2055,kor,0.71
2055,kwt,0.34
2055,lao,0.1
2055,lbn,0.62
2055,lbr,0.03
2055,lca,0.38
2055,lso,0.14
2055,ltu,0.59
2055,lux,0.48
2055,lva,0.51
2055,mac,0.63
2055,mar,0.27
2055,mda,0.24
2055,mdg,0.05
2055,mdv,0.21
2055,mex,0.39
2055,mkd,0.23
2055,mli,0.03
2055,mlt,0.61
2055,mmr,0.4
2055,mne,0.26
2055,mng,0.19
2055,moz,0.03
2055,mus,0.09
2055,mwi,0.05
2055,mys,0.6
2055,nam,0.16
2055,ncl,0.57
2055,ner,0.03
2055,nga,0.34
2055,nic,0.29
2055,nld,0.5
2055,nor,0.55
2055,npl,0.17
2055,nzl,0.56
2055,pak,0.16
2055,pan,0.43
2055,per,0.44
2055,phl,0.61
2055,pol,0.4
2055,pri,0.59
2055,prt,0.35
2055,pry,0.35
2055,pyf,0.44
2055,qat,0.34
2055,rom,0.23
2055,rus,0.33
2055,rwa,0.04
2055,sau,0.58
2055,sdn,0.21
2055,sen,0.11
2055,sgp,0.87
2055,sle,0.09
2055,slv,0.32
2055,som,0.11
2055,srb,0.25
2055,stp,0.03
2055,sur,0.16
2055,svk,0.27
2055,svn,0.32
2055,swe,0.6
2055,swz,0.26
2055,syr,0.29
2055,tcd,0.04
2055,tha,0.44
2055,tjk,0.21
2055,tkm,0.19
2055,tmp,0.19
2055,ton,0.32
2055,tto,0.15
2055,tun,0.51
2055,tur,0.3
2055,tza,0.05
2055,uga,0.1
2055,ukr,0.3
2055,ury,0.29
2055,usa,0.49
2055,vct,0.27
2055,ven,0.49
2055,vnm,0.19
2055,vut,0.08
2055,wbg,0.46
2055,wsm,0.29
2055,zaf,0.09
2055,zar,0.09
2055,zmb,0.1
2055,zwe,0.15
2060,wld,0.32
2060,abw,0.49
2060,alb,0.19
2060,are,0.35
2060,arg,0.31
2060,arm,0.35
2060,aus,0.58
2060,aut,0.59
2060,aze,0.25
2060,bdi,0.07
2060,bel,0.7
2060,ben,0.05
2060,bfa,0.04
2060,bgd,0.3
2060,bgr,0.39
2060,bhr,0.42
2060,bhs,0.23
2060,bih,0.23
2060,blr,0.36
2060,blz,0.29
2060,bol,0.36
2060,bra,0.26
2060,btn,0.22
2060,caf,0.05
2060,can,0.74
2060,che,0.42
2060,chl,0.43
2060,chn,0.42
2060,civ,0.17
2060,cmr,0.12
2060,cog,0.12
2060,col,0.5
2060,com,0.16
2060,cpv,0.08
2060,cri,0.4
2060,cub,0.27
2060,cyp,0.68
2060,cze,0.32
2060,deu,0.52
2060,dnk,0.4
2060,dom,0.44
2060,dza,0.44
2060,ecu,0.53
2060,egy,0.42
2060,esp,0.56
2060,est,0.48
2060,eth,0.14
2060,fin,0.45
2060,fra,0.63
2060,gab,0.13
2060,gbr,0.56
2060,geo,0.74
2060,gha,0.11
2060,gin,0.09
2060,gmb,0.16
2060,gnb,0.04
2060,gnq,0.18
2060,grc,0.52
2060,gtm,0.18
2060,guy,0.22
2060,hkg,0.68
2060,hnd,0.21
2060,hrv,0.29
2060,hti,0.16
2060,hun,0.29
2060,idn,0.3
2060,ind,0.29
2060,irl,0.78
2060,irn,0.46
2060,irq,0.47
2060,isl,0.64
2060,isr,0.36
2060,ita,0.34
2060,jam,0.4
2060,jor,0.56
2060,jpn,0.77
2060,kaz,0.54
2060,ken,0.11
2060,kgz,0.21
2060,khm,0.11
2060,kor,0.72
2060,kwt,0.36
2060,lao,0.11
2060,lbn,0.64
2060,lbr,0.04
2060,lca,0.4
2060,lso,0.15
2060,ltu,0.6
2060,lux,0.5
2060,lva,0.52
2060,mac,0.64
2060,mar,0.29
2060,mda,0.25
2060,mdg,0.06
2060,mdv,0.23
2060,mex,0.42
2060,mkd,0.24
2060,mli,0.03
2060,mlt,0.63
2060,mmr,0.42
2060,mne,0.27
2060,mng,0.21
2060,moz,0.04
2060,mus,0.1
2060,mwi,0.05
2060,mys,0.62
2060,nam,0.17
2060,ncl,0.59
2060,ner,0.03
2060,nga,0.37
2060,nic,0.31
2060,nld,0.52
2060,nor,0.57
2060,npl,0.18
2060,nzl,0.58
2060,pak,0.18
2060,pan,0.46
2060,per,0.46
2060,phl,0.64
2060,pol,0.41
2060,pri,0.6
2060,prt,0.38
2060,pry,0.37
2060,pyf,0.46
2060,qat,0.35
2060,rom,0.24
2060,rus,0.34
2060,rwa,0.04
2060,sau,0.6
2060,sdn,0.23
2060,sen,0.12
2060,sgp,0.87
2060,sle,0.1
2060,slv,0.34
2060,som,0.12
2060,srb,0.26
2060,stp,0.03
2060,sur,0.17
2060,svk,0.29
2060,svn,0.33
2060,swe,0.61
2060,swz,0.28
2060,syr,0.32
2060,tcd,0.05
2060,tha,0.47
2060,tjk,0.22
2060,tkm,0.2
2060,tmp,0.21
2060,ton,0.34
2060,tto,0.16
2060,tun,0.53
2060,tur,0.32
2060,tza,0.06
2060,uga,0.11
2060,ukr,0.32
2060,ury,0.31
2060,usa,0.51
2060,vct,0.29
2060,ven,0.51
2060,vnm,0.21
2060,vut,0.09
2060,wbg,0.48
2060,wsm,0.31
2060,zaf,0.1
2060,zar,0.1
2060,zmb,0.11
2060,zwe,0.16
2065,wld,0.34
2065,abw,0.51
2065,alb,0.2
2065,are,0.37
2065,arg,0.33
2065,arm,0.36
2065,aus,0.6
2065,aut,0.61
2065,aze,0.27
2065,bdi,0.08
2065,bel,0.71
2065,ben,0.06
2065,bfa,0.05
2065,bgd,0.32
2065,bgr,0.41
2065,bhr,0.43
2065,bhs,0.25
2065,bih,0.25
2065,blr,0.38
2065,blz,0.31
2065,bol,0.39
2065,bra,0.27
2065,btn,0.24
2065,caf,0.06
2065,can,0.75
2065,che,0.44
2065,chl,0.45
2065,chn,0.46
2065,civ,0.18
2065,cmr,0.14
2065,cog,0.13
2065,col,0.53
2065,com,0.17
2065,cpv,0.09
2065,cri,0.42
2065,cub,0.29
2065,cyp,0.69
2065,cze,0.34
2065,deu,0.54
2065,dnk,0.42
2065,dom,0.46
2065,dza,0.47
2065,ecu,0.55
2065,egy,0.45
2065,esp,0.58
2065,est,0.49
2065,eth,0.15
2065,fin,0.46
2065,fra,0.64
2065,gab,0.14
2065,gbr,0.57
2065,geo,0.75
2065,gha,0.12
2065,gin,0.1
2065,gmb,0.18
2065,gnb,0.05
2065,gnq,0.2
2065,grc,0.53
2065,gtm,0.19
2065,guy,0.23
2065,hkg,0.69
2065,hnd,0.23
2065,hrv,0.31
2065,hti,0.17
2065,hun,0.31
2065,idn,0.33
2065,ind,0.31
2065,irl,0.78
2065,irn,0.48
2065,irq,0.5
2065,isl,0.65
2065,isr,0.38
2065,ita,0.36
2065,jam,0.43
2065,jor,0.58
2065,jpn,0.77
2065,kaz,0.56
2065,ken,0.13
2065,kgz,0.22
2065,khm,0.13
2065,kor,0.72
2065,kwt,0.37
2065,lao,0.12
2065,lbn,0.67
2065,lbr,0.04
2065,lca,0.42
2065,lso,0.17
2065,ltu,0.59
2065,lux,0.52
2065,lva,0.53
2065,mac,0.66
2065,mar,0.32
2065,mda,0.27
2065,mdg,0.07
2065,mdv,0.25
2065,mex,0.44
2065,mkd,0.26
2065,mli,0.04
2065,mlt,0.65
2065,mmr,0.45
2065,mne,0.29
2065,mng,0.22
2065,moz,0.04
2065,mus,0.11
2065,mwi,0.06
2065,mys,0.65
2065,nam,0.19
2065,ncl,0.61
2065,ner,0.04
2065,nga,0.4
2065,nic,0.33
2065,nld,0.54
2065,nor,0.58
2065,npl,0.2
2065,nzl,0.59
2065,pak,0.2
2065,pan,0.48
2065,per,0.48
2065,phl,0.66
2065,pol,0.42
2065,pri,0.62
2065,prt,0.4
2065,pry,0.4
2065,pyf,0.48
2065,qat,0.37
2065,rom,0.26
2065,rus,0.35
2065,rwa,0.05
2065,sau,0.61
2065,sdn,0.25
2065,sen,0.14
2065,sgp,0.87
2065,sle,0.11
2065,slv,0.36
2065,som,0.14
2065,srb,0.28
2065,stp,0.04
2065,sur,0.18
2065,svk,0.3
2065,svn,0.34
2065,swe,0.62
2065,swz,0.3
2065,syr,0.34
2065,tcd,0.05
2065,tha,0.49
2065,tjk,0.23
2065,tkm,0.22
2065,tmp,0.23
2065,ton,0.36
2065,tto,0.18
2065,tun,0.56
2065,tur,0.35
2065,tza,0.07
2065,uga,0.12
2065,ukr,0.33
2065,ury,0.33
2065,usa,0.52
2065,vct,0.31
2065,ven,0.53
2065,vnm,0.22
2065,vut,0.1
2065,wbg,0.5
2065,wsm,0.33
2065,zaf,0.11
2065,zar,0.11
2065,zmb,0.13
2065,zwe,0.18
2070,wld,0.35
2070,abw,0.52
2070,alb,0.22
2070,are,0.38
2070,arg,0.35
2070,arm,0.38
2070,aus,0.61
2070,aut,0.62
2070,aze,0.28
2070,bdi,0.09
2070,bel,0.72
2070,ben,0.07
2070,bfa,0.06
2070,bgd,0.35
2070,bgr,0.43
2070,bhr,0.44
2070,bhs,0.26
2070,bih,0.26
2070,blr,0.39
2070,blz,0.33
2070,bol,0.41
2070,bra,0.29
2070,btn,0.26
2070,caf,0.07
2070,can,0.75
2070,che,0.45
2070,chl,0.48
2070,chn,0.49
2070,civ,0.2
2070,cmr,0.15
2070,cog,0.14
2070,col,0.55
2070,com,0.19
2070,cpv,0.1
2070,cri,0.45
2070,cub,0.31
2070,cyp,0.7
2070,cze,0.35
2070,deu,0.55
2070,dnk,0.43
2070,dom,0.49
2070,dza,0.5
2070,ecu,0.57
2070,egy,0.47
2070,esp,0.6
2070,est,0.5
2070,eth,0.17
2070,fin,0.46
2070,fra,0.65
2070,gab,0.15
2070,gbr,0.59
2070,geo,0.76
2070,gha,0.14
2070,gin,0.11
2070,gmb,0.19
2070,gnb,0.05
2070,gnq,0.22
2070,grc,0.55
2070,gtm,0.21
2070,guy,0.25
2070,hkg,0.69
2070,hnd,0.25
2070,hrv,0.32
2070,hti,0.19
2070,hun,0.32
2070,idn,0.36
2070,ind,0.33
2070,irl,0.79
2070,irn,0.51
2070,irq,0.52
2070,isl,0.67
2070,isr,0.39
2070,ita,0.38
2070,jam,0.45
2070,jor,0.59
2070,jpn,0.78
2070,kaz,0.58
2070,ken,0.14
2070,kgz,0.24
2070,khm,0.14
2070,kor,0.72
2070,kwt,0.39
2070,lao,0.13
2070,lbn,0.69
2070,lbr,0.05
2070,lca,0.44
2070,lso,0.18
2070,ltu,0.59
2070,lux,0.54
2070,lva,0.54
2070,mac,0.67
2070,mar,0.34
2070,mda,0.28
2070,mdg,0.07
2070,mdv,0.27
2070,mex,0.47
2070,mkd,0.27
2070,mli,0.05
2070,mlt,0.67
2070,mmr,0.47
2070,mne,0.3
2070,mng,0.24
2070,moz,0.05
2070,mus,0.13
2070,mwi,0.07
2070,mys,0.67
2070,nam,0.2
2070,ncl,0.63
2070,ner,0.04
2070,nga,0.42
2070,nic,0.36
2070,nld,0.55
2070,nor,0.59
2070,npl,0.22
2070,nzl,0.61
2070,pak,0.22
2070,pan,0.5
2070,per,0.5
2070,phl,0.68
2070,pol,0.44
2070,pri,0.63
2070,prt,0.41
2070,pry,0.42
2070,pyf,0.5
2070,qat,0.38
2070,rom,0.27
2070,rus,0.37
2070,rwa,0.06
2070,sau,0.63
2070,sdn,0.28
2070,sen,0.15
2070,sgp,0.87
2070,sle,0.13
2070,slv,0.39
2070,som,0.16
2070,srb,0.29
2070,stp,0.04
2070,sur,0.2
2070,svk,0.31
2070,svn,0.35
2070,swe,0.63
2070,swz,0.32
2070,syr,0.36
2070,tcd,0.06
2070,tha,0.51
2070,tjk,0.25
2070,tkm,0.23
2070,tmp,0.24
2070,ton,0.39
2070,tto,0.19
2070,tun,0.58
2070,tur,0.37
2070,tza,0.08
2070,uga,0.14
2070,ukr,0.35
2070,ury,0.34
2070,usa,0.54
2070,vct,0.33
2070,ven,0.55
2070,vnm,0.24
2070,vut,0.11
2070,wbg,0.52
2070,wsm,0.35
2070,zaf,0.12
2070,zar,0.12
2070,zmb,0.14
2070,zwe,0.2
2075,wld,0.37
2075,abw,0.53
2075,alb,0.23
2075,are,0.39
2075,arg,0.36
2075,arm,0.4
2075,aus,0.62
2075,aut,0.64
2075,aze,0.3
2075,bdi,0.1
2075,bel,0.73
2075,ben,0.08
2075,bfa,0.06
2075,bgd,0.37
2075,bgr,0.44
2075,bhr,0.46
2075,bhs,0.28
2075,bih,0.28
2075,blr,0.41
2075,blz,0.36
2075,bol,0.43
2075,bra,0.31
2075,btn,0.28
2075,caf,0.08
2075,can,0.75
2075,che,0.47
2075,chl,0.5
2075,chn,0.51
2075,civ,0.22
2075,cmr,0.17
2075,cog,0.15
2075,col,0.57
2075,com,0.21
2075,cpv,0.11
2075,cri,0.47
2075,cub,0.32
2075,cyp,0.71
2075,cze,0.37
2075,deu,0.55
2075,dnk,0.44
2075,dom,0.51
2075,dza,0.52
2075,ecu,0.59
2075,egy,0.49
2075,esp,0.61
2075,est,0.52
2075,eth,0.18
2075,fin,0.47
2075,fra,0.67
2075,gab,0.17
2075,gbr,0.61
2075,geo,0.76
2075,gha,0.15
2075,gin,0.12
2075,gmb,0.21
2075,gnb,0.06
2075,gnq,0.24
2075,grc,0.57
2075,gtm,0.23
2075,guy,0.26
2075,hkg,0.71
2075,hnd,0.27
2075,hrv,0.34
2075,hti,0.21
2075,hun,0.34
2075,idn,0.38
2075,ind,0.36
2075,irl,0.8
2075,irn,0.54
2075,irq,0.54
2075,isl,0.68
2075,isr,0.41
2075,ita,0.4
2075,jam,0.47
2075,jor,0.6
2075,jpn,0.79
2075,kaz,0.59
2075,ken,0.15
2075,kgz,0.25
2075,khm,0.16
2075,kor,0.72
2075,kwt,0.4
2075,lao,0.14
2075,lbn,0.71
2075,lbr,0.06
2075,lca,0.47
2075,lso,0.2
2075,ltu,0.6
2075,lux,0.55
2075,lva,0.56
2075,mac,0.68
2075,mar,0.37
2075,mda,0.3
2075,mdg,0.08
2075,mdv,0.3
2075,mex,0.49
2075,mkd,0.29
2075,mli,0.05
2075,mlt,0.69
2075,mmr,0.5
2075,mne,0.32
2075,mng,0.25
2075,moz,0.06
2075,mus,0.14
2075,mwi,0.08
2075,mys,0.69
2075,nam,0.22
2075,ncl,0.65
2075,ner,0.05
2075,nga,0.45
2075,nic,0.38
2075,nld,0.57
2075,nor,0.59
2075,npl,0.24
2075,nzl,0.63
2075,pak,0.24
2075,pan,0.51
2075,per,0.52
2075,phl,0.7
2075,pol,0.45
2075,pri,0.64
2075,prt,0.43
2075,pry,0.44
2075,pyf,0.51
2075,qat,0.39
2075,rom,0.29
2075,rus,0.39
2075,rwa,0.06
2075,sau,0.63
2075,sdn,0.3
2075,sen,0.17
2075,sgp,0.87
2075,sle,0.14
2075,slv,0.41
2075,som,0.17
2075,srb,0.3
2075,stp,0.05
2075,sur,0.22
2075,svk,0.33
2075,svn,0.37
2075,swe,0.64
2075,swz,0.34
2075,syr,0.38
2075,tcd,0.07
2075,tha,0.53
2075,tjk,0.27
2075,tkm,0.25
2075,tmp,0.26
2075,ton,0.41
2075,tto,0.21
2075,tun,0.6
2075,tur,0.4
2075,tza,0.09
2075,uga,0.16
2075,ukr,0.37
2075,ury,0.36
2075,usa,0.55
2075,vct,0.35
2075,ven,0.57
2075,vnm,0.26
2075,vut,0.12
2075,wbg,0.54
2075,wsm,0.38
2075,zaf,0.14
2075,zar,0.13
2075,zmb,0.15
2075,zwe,0.21
2080,wld,0.39
2080,abw,0.54
2080,alb,0.25
2080,are,0.4
2080,arg,0.38
2080,arm,0.42
2080,aus,0.64
2080,aut,0.65
2080,aze,0.32
2080,bdi,0.11
2080,bel,0.74
2080,ben,0.09
2080,bfa,0.07
2080,bgd,0.4
2080,bgr,0.46
2080,bhr,0.47
2080,bhs,0.29
2080,bih,0.29
2080,blr,0.43
2080,blz,0.38
2080,bol,0.45
2080,bra,0.33
2080,btn,0.31
2080,caf,0.09
2080,can,0.76
2080,che,0.48
2080,chl,0.52
2080,chn,0.54
2080,civ,0.23
2080,cmr,0.18
2080,cog,0.17
2080,col,0.59
2080,com,0.22
2080,cpv,0.12
2080,cri,0.49
2080,cub,0.34
2080,cyp,0.71
2080,cze,0.39
2080,deu,0.56
2080,dnk,0.45
2080,dom,0.52
2080,dza,0.54
2080,ecu,0.6
2080,egy,0.52
2080,esp,0.62
2080,est,0.53
2080,eth,0.2
2080,fin,0.47
2080,fra,0.68
2080,gab,0.18
2080,gbr,0.63
2080,geo,0.77
2080,gha,0.16
2080,gin,0.14
2080,gmb,0.23
2080,gnb,0.07
2080,gnq,0.26
2080,grc,0.58
2080,gtm,0.25
2080,guy,0.28
2080,hkg,0.72
2080,hnd,0.29
2080,hrv,0.35
2080,hti,0.23
2080,hun,0.35
2080,idn,0.4
2080,ind,0.38
2080,irl,0.8
2080,irn,0.56
2080,irq,0.55
2080,isl,0.69
2080,isr,0.42
2080,ita,0.41
2080,jam,0.49
2080,jor,0.61
2080,jpn,0.79
2080,kaz,0.61
2080,ken,0.17
2080,kgz,0.27
2080,khm,0.18
2080,kor,0.72
2080,kwt,0.41
2080,lao,0.15
2080,lbn,0.72
2080,lbr,0.07
2080,lca,0.49
2080,lso,0.22
2080,ltu,0.62
2080,lux,0.56
2080,lva,0.58
2080,mac,0.7
2080,mar,0.39
2080,mda,0.32
2080,mdg,0.09
2080,mdv,0.32
2080,mex,0.51
2080,mkd,0.3
2080,mli,0.06
2080,mlt,0.71
2080,mmr,0.52
2080,mne,0.33
2080,mng,0.27
2080,moz,0.07
2080,mus,0.15
2080,mwi,0.09
2080,mys,0.71
2080,nam,0.23
2080,ncl,0.66
2080,ner,0.06
2080,nga,0.47
2080,nic,0.4
2080,nld,0.58
2080,nor,0.6
2080,npl,0.26
2080,nzl,0.64
2080,pak,0.26
2080,pan,0.53
2080,per,0.53
2080,phl,0.71
2080,pol,0.47
2080,pri,0.65
2080,prt,0.44
2080,pry,0.46
2080,pyf,0.53
2080,qat,0.4
2080,rom,0.3
2080,rus,0.41
2080,rwa,0.07
2080,sau,0.64
2080,sdn,0.32
2080,sen,0.19
2080,sgp,0.87
2080,sle,0.15
2080,slv,0.43
2080,som,0.19
2080,srb,0.32
2080,stp,0.06
2080,sur,0.23
2080,svk,0.35
2080,svn,0.39
2080,swe,0.65
2080,swz,0.36
2080,syr,0.4
2080,tcd,0.08
2080,tha,0.55
2080,tjk,0.29
2080,tkm,0.27
2080,tmp,0.29
2080,ton,0.43
2080,tto,0.23
2080,tun,0.62
2080,tur,0.42
2080,tza,0.11
2080,uga,0.17
2080,ukr,0.39
2080,ury,0.38
2080,usa,0.56
2080,vct,0.37
2080,ven,0.58
2080,vnm,0.27
2080,vut,0.13
2080,wbg,0.56
2080,wsm,0.4
2080,zaf,0.15
2080,zar,0.15
2080,zmb,0.17
2080,zwe,0.23
2085,wld,0.41
2085,abw,0.55
2085,alb,0.27
2085,are,0.4
2085,arg,0.39
2085,arm,0.43
2085,aus,0.65
2085,aut,0.66
2085,aze,0.33
2085,bdi,0.12
2085,bel,0.74
2085,ben,0.1
2085,bfa,0.08
2085,bgd,0.42
2085,bgr,0.47
2085,bhr,0.47
2085,bhs,0.31
2085,bih,0.31
2085,blr,0.45
2085,blz,0.4
2085,bol,0.47
2085,bra,0.35
2085,btn,0.33
2085,caf,0.1
2085,can,0.76
2085,che,0.5
2085,chl,0.54
2085,chn,0.57
2085,civ,0.25
2085,cmr,0.2
2085,cog,0.18
2085,col,0.61
2085,com,0.23
2085,cpv,0.13
2085,cri,0.51
2085,cub,0.36
2085,cyp,0.72
2085,cze,0.41
2085,deu,0.57
2085,dnk,0.46
2085,dom,0.54
2085,dza,0.57
2085,ecu,0.61
2085,egy,0.54
2085,esp,0.63
2085,est,0.54
2085,eth,0.22
2085,fin,0.48
2085,fra,0.68
2085,gab,0.2
2085,gbr,0.64
2085,geo,0.78
2085,gha,0.18
2085,gin,0.15
2085,gmb,0.24
2085,gnb,0.08
2085,gnq,0.28
2085,grc,0.58
2085,gtm,0.27
2085,guy,0.3
2085,hkg,0.73
2085,hnd,0.31
2085,hrv,0.37
2085,hti,0.25
2085,hun,0.37
2085,idn,0.42
2085,ind,0.4
2085,irl,0.81
2085,irn,0.58
2085,irq,0.57
2085,isl,0.69
2085,isr,0.44
2085,ita,0.43
2085,jam,0.51
2085,jor,0.63
2085,jpn,0.79
2085,kaz,0.62
2085,ken,0.18
2085,kgz,0.28
2085,khm,0.19
2085,kor,0.72
2085,kwt,0.42
2085,lao,0.17
2085,lbn,0.74
2085,lbr,0.08
2085,lca,0.51
2085,lso,0.23
2085,ltu,0.63
2085,lux,0.57
2085,lva,0.59
2085,mac,0.71
2085,mar,0.42
2085,mda,0.33
2085,mdg,0.1
2085,mdv,0.34
2085,mex,0.53
2085,mkd,0.32
2085,mli,0.07
2085,mlt,0.72
2085,mmr,0.54
2085,mne,0.34
2085,mng,0.29
2085,moz,0.08
2085,mus,0.17
2085,mwi,0.1
2085,mys,0.73
2085,nam,0.25
2085,ncl,0.67
2085,ner,0.07
2085,nga,0.5
2085,nic,0.43
2085,nld,0.59
2085,nor,0.61
2085,npl,0.28
2085,nzl,0.66
2085,pak,0.28
2085,pan,0.54
2085,per,0.55
2085,phl,0.73
2085,pol,0.48
2085,pri,0.66
2085,prt,0.46
2085,pry,0.49
2085,pyf,0.55
2085,qat,0.4
2085,rom,0.32
2085,rus,0.42
2085,rwa,0.08
2085,sau,0.65
2085,sdn,0.34
2085,sen,0.21
2085,sgp,0.87
2085,sle,0.17
2085,slv,0.45
2085,som,0.21
2085,srb,0.33
2085,stp,0.06
2085,sur,0.25
2085,svk,0.37
2085,svn,0.4
2085,swe,0.66
2085,swz,0.38
2085,syr,0.42
2085,tcd,0.09
2085,tha,0.57
2085,tjk,0.3
2085,tkm,0.29
2085,tmp,0.31
2085,ton,0.45
2085,tto,0.25
2085,tun,0.63
2085,tur,0.44
2085,tza,0.12
2085,uga,0.19
2085,ukr,0.4
2085,ury,0.4
2085,usa,0.57
2085,vct,0.39
2085,ven,0.6
2085,vnm,0.29
2085,vut,0.14
2085,wbg,0.57
2085,wsm,0.42
2085,zaf,0.16
2085,zar,0.16
2085,zmb,0.18
2085,zwe,0.25
2090,wld,0.42
2090,abw,0.57
2090,alb,0.29
2090,are,0.41
2090,arg,0.4
2090,arm,0.45
2090,aus,0.66
2090,aut,0.67
2090,aze,0.36
2090,bdi,0.14
2090,bel,0.75
2090,ben,0.12
2090,bfa,0.09
2090,bgd,0.45
2090,bgr,0.48
2090,bhr,0.48
2090,bhs,0.33
2090,bih,0.32
2090,blr,0.46
2090,blz,0.42
2090,bol,0.49
2090,bra,0.37
2090,btn,0.35
2090,caf,0.12
2090,can,0.77
2090,che,0.51
2090,chl,0.56
2090,chn,0.59
2090,civ,0.27
2090,cmr,0.22
2090,cog,0.2
2090,col,0.63
2090,com,0.25
2090,cpv,0.15
2090,cri,0.53
2090,cub,0.37
2090,cyp,0.73
2090,cze,0.43
2090,deu,0.58
2090,dnk,0.47
2090,dom,0.56
2090,dza,0.59
2090,ecu,0.62
2090,egy,0.56
2090,esp,0.64
2090,est,0.55
2090,eth,0.24
2090,fin,0.49
2090,fra,0.69
2090,gab,0.21
2090,gbr,0.65
2090,geo,0.78
2090,gha,0.2
2090,gin,0.16
2090,gmb,0.26
2090,gnb,0.09
2090,gnq,0.3
2090,grc,0.59
2090,gtm,0.29
2090,guy,0.32
2090,hkg,0.74
2090,hnd,0.33
2090,hrv,0.38
2090,hti,0.27
2090,hun,0.38
2090,idn,0.45
2090,ind,0.43
2090,irl,0.81
2090,irn,0.59
2090,irq,0.58
2090,isl,0.7
2090,isr,0.46
2090,ita,0.44
2090,jam,0.53
2090,jor,0.64
2090,jpn,0.79
2090,kaz,0.64
2090,ken,0.2
2090,kgz,0.3
2090,khm,0.21
2090,kor,0.73
2090,kwt,0.43
2090,lao,0.18
2090,lbn,0.75
2090,lbr,0.09
2090,lca,0.53
2090,lso,0.25
2090,ltu,0.64
2090,lux,0.59
2090,lva,0.6
2090,mac,0.72
2090,mar,0.44
2090,mda,0.35
2090,mdg,0.11
2090,mdv,0.37
2090,mex,0.55
2090,mkd,0.33
2090,mli,0.08
2090,mlt,0.73
2090,mmr,0.56
2090,mne,0.35
2090,mng,0.3
2090,moz,0.09
2090,mus,0.19
2090,mwi,0.12
2090,mys,0.75
2090,nam,0.27
2090,ncl,0.69
2090,ner,0.08
2090,nga,0.51
2090,nic,0.45
2090,nld,0.61
2090,nor,0.62
2090,npl,0.3
2090,nzl,0.67
2090,pak,0.3
2090,pan,0.56
2090,per,0.56
2090,phl,0.74
2090,pol,0.5
2090,pri,0.66
2090,prt,0.47
2090,pry,0.51
2090,pyf,0.56
2090,qat,0.4
2090,rom,0.33
2090,rus,0.44
2090,rwa,0.1
2090,sau,0.66
2090,sdn,0.37
2090,sen,0.22
2090,sgp,0.87
2090,sle,0.19
2090,slv,0.47
2090,som,0.23
2090,srb,0.34
2090,stp,0.07
2090,sur,0.27
2090,svk,0.39
2090,svn,0.4
2090,swe,0.67
2090,swz,0.4
2090,syr,0.44
2090,tcd,0.1
2090,tha,0.58
2090,tjk,0.32
2090,tkm,0.3
2090,tmp,0.33
2090,ton,0.47
2090,tto,0.27
2090,tun,0.64
2090,tur,0.46
2090,tza,0.13
2090,uga,0.21
2090,ukr,0.42
2090,ury,0.42
2090,usa,0.58
2090,vct,0.41
2090,ven,0.61
2090,vnm,0.31
2090,vut,0.16
2090,wbg,0.58
2090,wsm,0.44
2090,zaf,0.18
2090,zar,0.18
2090,zmb,0.2
2090,zwe,0.27
2095,wld,0.44
2095,abw,0.58
2095,alb,0.3
2095,are,0.41
2095,arg,0.42
2095,arm,0.47
2095,aus,0.67
2095,aut,0.68
2095,aze,0.38
2095,bdi,0.15
2095,bel,0.76
2095,ben,0.13
2095,bfa,0.1
2095,bgd,0.47
2095,bgr,0.49
2095,bhr,0.49
2095,bhs,0.35
2095,bih,0.34
2095,blr,0.47
2095,blz,0.45
2095,bol,0.51
2095,bra,0.38
2095,btn,0.37
2095,caf,0.13
2095,can,0.77
2095,che,0.52
2095,chl,0.57
2095,chn,0.61
2095,civ,0.29
2095,cmr,0.24
2095,cog,0.21
2095,col,0.64
2095,com,0.27
2095,cpv,0.16
2095,cri,0.55
2095,cub,0.39
2095,cyp,0.73
2095,cze,0.45
2095,deu,0.59
2095,dnk,0.49
2095,dom,0.57
2095,dza,0.61
2095,ecu,0.64
2095,egy,0.58
2095,esp,0.65
2095,est,0.55
2095,eth,0.26
2095,fin,0.5
2095,fra,0.7
2095,gab,0.23
2095,gbr,0.67
2095,geo,0.79
2095,gha,0.21
2095,gin,0.18
2095,gmb,0.28
2095,gnb,0.1
2095,gnq,0.32
2095,grc,0.6
2095,gtm,0.31
2095,guy,0.34
2095,hkg,0.74
2095,hnd,0.35
2095,hrv,0.4
2095,hti,0.29
2095,hun,0.4
2095,idn,0.47
2095,ind,0.45
2095,irl,0.81
2095,irn,0.61
2095,irq,0.6
2095,isl,0.71
2095,isr,0.48
2095,ita,0.46
2095,jam,0.54
2095,jor,0.64
2095,jpn,0.8
2095,kaz,0.65
2095,ken,0.21
2095,kgz,0.31
2095,khm,0.23
2095,kor,0.73
2095,kwt,0.45
2095,lao,0.2
2095,lbn,0.76
2095,lbr,0.1
2095,lca,0.55
2095,lso,0.27
2095,ltu,0.63
2095,lux,0.6
2095,lva,0.6
2095,mac,0.72
2095,mar,0.46
2095,mda,0.37
2095,mdg,0.13
2095,mdv,0.39
2095,mex,0.57
2095,mkd,0.35
2095,mli,0.09
2095,mlt,0.74
2095,mmr,0.57
2095,mne,0.37
2095,mng,0.32
2095,moz,0.1
2095,mus,0.2
2095,mwi,0.13
2095,mys,0.76
2095,nam,0.28
2095,ncl,0.7
2095,ner,0.09
2095,nga,0.53
2095,nic,0.47
2095,nld,0.62
2095,nor,0.62
2095,npl,0.33
2095,nzl,0.68
2095,pak,0.32
2095,pan,0.57
2095,per,0.57
2095,phl,0.75
2095,pol,0.51
2095,pri,0.67
2095,prt,0.49
2095,pry,0.53
2095,pyf,0.57
2095,qat,0.41
2095,rom,0.35
2095,rus,0.45
2095,rwa,0.11
2095,sau,0.66
2095,sdn,0.39
2095,sen,0.24
2095,sgp,0.87
2095,sle,0.2
2095,slv,0.49
2095,som,0.26
2095,srb,0.36
2095,stp,0.08
2095,sur,0.29
2095,svk,0.4
2095,svn,0.41
2095,swe,0.68
2095,swz,0.42
2095,syr,0.45
2095,tcd,0.11
2095,tha,0.6
2095,tjk,0.34
2095,tkm,0.32
2095,tmp,0.35
2095,ton,0.49
2095,tto,0.29
2095,tun,0.65
2095,tur,0.49
2095,tza,0.15
2095,uga,0.23
2095,ukr,0.43
2095,ury,0.44
2095,usa,0.59
2095,vct,0.43
2095,ven,0.62
2095,vnm,0.33
2095,vut,0.17
2095,wbg,0.59
2095,wsm,0.46
2095,zaf,0.19
2095,zar,0.19
2095,zmb,0.22
2095,zwe,0.29
2100,wld,0.46
2100,abw,0.58
2100,alb,0.32
2100,are,0.42
2100,arg,0.43
2100,arm,0.49
2100,aus,0.67
2100,aut,0.69
2100,aze,0.4
2100,bdi,0.16
2100,bel,0.76
2100,ben,0.14
2100,bfa,0.12
2100,bgd,0.49
2100,bgr,0.51
2100,bhr,0.5
2100,bhs,0.37
2100,bih,0.35
2100,blr,0.48
2100,blz,0.47
2100,bol,0.53
2100,bra,0.4
2100,btn,0.4
2100,caf,0.14
2100,can,0.77
2100,che,0.54
2100,chl,0.59
2100,chn,0.63
2100,civ,0.31
2100,cmr,0.26
2100,cog,0.23
2100,col,0.66
2100,com,0.29
2100,cpv,0.18
2100,cri,0.57
2100,cub,0.4
2100,cyp,0.73
2100,cze,0.46
2100,deu,0.6
2100,dnk,0.5
2100,dom,0.58
2100,dza,0.62
2100,ecu,0.65
2100,egy,0.6
2100,esp,0.66
2100,est,0.56
2100,eth,0.28
2100,fin,0.5
2100,fra,0.7
2100,gab,0.24
2100,gbr,0.68
2100,geo,0.8
2100,gha,0.23
2100,gin,0.2
2100,gmb,0.3
2100,gnb,0.11
2100,gnq,0.34
2100,grc,0.61
2100,gtm,0.33
2100,guy,0.35
2100,hkg,0.74
2100,hnd,0.37
2100,hrv,0.41
2100,hti,0.31
2100,hun,0.41
2100,idn,0.49
2100,ind,0.48
2100,irl,0.81
2100,irn,0.62
2100,irq,0.61
2100,isl,0.72
2100,isr,0.49
2100,ita,0.47
2100,jam,0.56
2100,jor,0.65
2100,jpn,0.8
2100,kaz,0.67
2100,ken,0.23
2100,kgz,0.33
2100,khm,0.26
2100,kor,0.73
2100,kwt,0.46
2100,lao,0.22
2100,lbn,0.77
2100,lbr,0.11
2100,lca,0.56
2100,lso,0.29
2100,ltu,0.63
2100,lux,0.61
2100,lva,0.61
2100,mac,0.73
2100,mar,0.48
2100,mda,0.39
2100,mdg,0.14
2100,mdv,0.41
2100,mex,0.59
2100,mkd,0.36
2100,mli,0.1
2100,mlt,0.75
2100,mmr,0.59
2100,mne,0.38
2100,mng,0.33
2100,moz,0.11
2100,mus,0.22
2100,mwi,0.15
2100,mys,0.77
2100,nam,0.3
2100,ncl,0.71
2100,ner,0.1
2100,nga,0.55
2100,nic,0.49
2100,nld,0.63
2100,nor,0.63
2100,npl,0.35
2100,nzl,0.7
2100,pak,0.34
2100,pan,0.58
2100,per,0.59
2100,phl,0.76
2100,pol,0.52
2100,pri,0.68
2100,prt,0.5
2100,pry,0.54
2100,pyf,0.59
2100,qat,0.41
2100,rom,0.37
2100,rus,0.47
2100,rwa,0.12
2100,sau,0.67
2100,sdn,0.41
2100,sen,0.26
2100,sgp,0.87
2100,sle,0.22
2100,slv,0.51
2100,som,0.28
2100,srb,0.37
2100,stp,0.09
2100,sur,0.31
2100,svk,0.42
2100,svn,0.42
2100,swe,0.68
2100,swz,0.43
2100,syr,0.47
2100,tcd,0.13
2100,tha,0.61
2100,tjk,0.36
2100,tkm,0.34
2100,tmp,0.37
2100,ton,0.51
2100,tto,0.31
2100,tun,0.66
2100,tur,0.51
2100,tza,0.16
2100,uga,0.25
2100,ukr,0.45
2100,ury,0.46
2100,usa,0.6
2100,vct,0.45
2100,ven,0.63
2100,vnm,0.35
2100,vut,0.19
2100,wbg,0.6
2100,wsm,0.48
2100,zaf,0.21
2100,zar,0.21
2100,zmb,0.23
2100,zwe,0.31
