year,country,sp_pop_1217_fe_un
1990,afg,829529.0
1990,alb,192674.0
1990,dza,1764613.0
1990,ago,720232.0
1990,arg,1840408.0
1990,arm,172369.0
1990,abw,2705.0
1990,aus,761661.0
1990,aut,272325.0
1990,aze,403338.0
1990,bhs,15682.0
1990,bhr,23192.0
1990,bgd,7369826.0
1990,brb,14137.0
1990,blr,436956.0
1990,bel,370518.0
1990,blz,13323.0
1990,ben,342016.0
1990,btn,35732.0
1990,bol,453773.0
1990,bih,210994.0
1990,bwa,98864.0
1990,bra,9445225.0
1990,brn,13607.0
1990,bgr,383051.0
1990,bfa,647438.0
1990,bdi,362875.0
1990,cpv,24943.0
1990,khm,519447.0
1990,cmr,830074.0
1990,can,1106644.0
1990,caf,202117.0
1990,tcd,413663.0
1990,chl,704934.0
1990,chn,63895016.0
1990,col,2250995.0
1990,com,37573.0
1990,cod,2613558.0
1990,cog,172991.0
1990,cri,175702.0
1990,civ,819976.0
1990,hrv,181236.0
1990,cub,523167.0
1990,cyp,30198.0
1990,cze,516212.0
1990,dnk,202298.0
1990,dji,38611.0
1990,dom,502633.0
1990,ecu,701459.0
1990,egy,3695030.0
1990,slv,395142.0
1990,gnq,21368.0
1990,eri,255294.0
1990,est,65378.0
1990,eth,3473776.0
1990,fji,46129.0
1990,fin,182006.0
1990,fra,2369451.0
1990,gab,58050.0
1990,gmb,59828.0
1990,geo,246116.0
1990,deu,2409682.0
1990,gha,1062592.0
1990,grc,440039.0
1990,grd,5885.0
1990,gtm,632228.0
1990,gin,391009.0
1990,gnb,69157.0
1990,guy,53219.0
1990,hti,455627.0
1990,hnd,346119.0
1990,hkg,245657.0
1990,hun,486947.0
1990,isl,12356.0
1990,ind,53106952.0
1990,idn,12223464.0
1990,irn,3582452.0
1990,irq,1317600.0
1990,irl,201454.0
1990,isr,259237.0
1990,ita,2261696.0
1990,jam,157279.0
1990,jpn,5530705.0
1990,jor,235393.0
1990,kaz,898542.0
1990,ken,1726065.0
1990,prk,1053587.0
1990,kor,2460536.0
1990,kwt,116908.0
1990,kgz,269283.0
1990,lao,283890.0
1990,lva,104401.0
1990,lbn,193054.0
1990,lso,119695.0
1990,lbr,147016.0
1990,lby,328933.0
1990,ltu,158415.0
1990,lux,12365.0
1990,mac,13542.0
1990,mkd,94854.0
1990,mdg,822133.0
1990,mwi,640167.0
1990,mys,1105410.0
1990,mdv,13798.0
1990,mli,554563.0
1990,mlt,16170.0
1990,mrt,133189.0
1990,mus,62688.0
1990,mex,6265749.0
1990,fsm,6791.0
1990,mda,214324.0
1990,mng,153442.0
1990,mar,1685090.0
1990,moz,1020416.0
1990,mmr,2699639.0
1990,nam,99401.0
1990,npl,1238260.0
1990,nld,573370.0
1990,nzl,165074.0
1990,nic,307197.0
1990,ner,541997.0
1990,nga,6298137.0
1990,nor,169780.0
1990,omn,111292.0
1990,pak,6873435.0
1990,pan,157060.0
1990,png,294394.0
1990,pry,270021.0
1990,per,1471941.0
1990,phl,4198589.0
1990,pol,1791076.0
1990,prt,496317.0
1990,qat,17501.0
1990,rou,1132244.0
1990,rus,6215208.0
1990,rwa,468155.0
1990,wsm,12211.0
1990,stp,8255.0
1990,sau,1006745.0
1990,sen,529814.0
1990,sle,256086.0
1990,sgp,131017.0
1990,svk,269415.0
1990,svn,85294.0
1990,slb,22747.0
1990,som,491635.0
1990,zaf,2516178.0
1990,esp,1917109.0
1990,lka,1074887.0
1990,kna,2433.0
1990,lca,9260.0
1990,vct,7881.0
1990,sdn,1760449.0
1990,sur,24462.0
1990,swz,63405.0
1990,swe,309885.0
1990,che,226706.0
1990,syr,930149.0
1990,tjk,339788.0
1990,tza,1788550.0
1990,tha,3374412.0
1990,tgo,277280.0
1990,ton,6200.0
1990,tto,70371.0
1990,tun,536540.0
1990,tur,3810863.0
1990,tkm,236853.0
1990,uga,1236648.0
1990,ukr,2150827.0
1990,are,74413.0
1990,gbr,2105452.0
1990,usa,10275725.0
1990,ury,160536.0
1990,uzb,1316793.0
1990,vut,9434.0
1990,ven,1247626.0
1990,vnm,4427861.0
1990,pse,150282.0
1990,yem,859108.0
1990,zmb,580283.0
1990,zwe,762288.0
1991,afg,886853.0
1991,alb,191157.0
1991,dza,1824360.0
1991,ago,744245.0
1991,arg,1885762.0
1991,arm,172771.0
1991,abw,2875.0
1991,aus,755585.0
1991,aut,267466.0
1991,aze,407208.0
1991,bhs,15721.0
1991,bhr,24406.0
1991,bgd,7528430.0
1991,brb,13765.0
1991,blr,440486.0
1991,bel,365714.0
1991,blz,13677.0
1991,ben,356865.0
1991,btn,35816.0
1991,bol,460390.0
1991,bih,202785.0
1991,bwa,102811.0
1991,bra,9660737.0
1991,brn,13947.0
1991,bgr,378551.0
1991,bfa,663856.0
1991,bdi,373443.0
1991,cpv,25907.0
1991,khm,546068.0
1991,cmr,860878.0
1991,can,1116012.0
1991,caf,208651.0
1991,tcd,428950.0
1991,chl,702942.0
1991,chn,61329554.0
1991,col,2277978.0
1991,com,39109.0
1991,cod,2719904.0
1991,cog,178241.0
1991,cri,180446.0
1991,civ,863836.0
1991,hrv,183498.0
1991,cub,494480.0
1991,cyp,30827.0
1991,cze,514309.0
1991,dnk,196067.0
1991,dji,39788.0
1991,dom,506221.0
1991,ecu,716052.0
1991,egy,3789106.0
1991,slv,399699.0
1991,gnq,21842.0
1991,eri,260891.0
1991,est,64738.0
1991,eth,3590175.0
1991,fji,47253.0
1991,fin,183957.0
1991,fra,2336112.0
1991,gab,60131.0
1991,gmb,62239.0
1991,geo,244419.0
1991,deu,2382100.0
1991,gha,1097328.0
1991,grc,441698.0
1991,grd,5884.0
1991,gtm,651240.0
1991,gin,407707.0
1991,gnb,71150.0
1991,guy,52975.0
1991,hti,472769.0
1991,hnd,356681.0
1991,hkg,247212.0
1991,hun,485274.0
1991,isl,12353.0
1991,ind,54225794.0
1991,idn,12364240.0
1991,irn,3781397.0
1991,irq,1345906.0
1991,irl,201747.0
1991,isr,266187.0
1991,ita,2180265.0
1991,jam,155571.0
1991,jpn,5392063.0
1991,jor,248214.0
1991,kaz,897292.0
1991,ken,1793976.0
1991,prk,1009655.0
1991,kor,2426770.0
1991,kwt,111536.0
1991,kgz,272989.0
1991,lao,289739.0
1991,lva,103721.0
1991,lbn,195582.0
1991,lso,122659.0
1991,lbr,145395.0
1991,lby,342342.0
1991,ltu,157239.0
1991,lux,12410.0
1991,mac,13708.0
1991,mkd,95569.0
1991,mdg,846350.0
1991,mwi,661570.0
1991,mys,1132525.0
1991,mdv,14470.0
1991,mli,570030.0
1991,mlt,16448.0
1991,mrt,136686.0
1991,mus,63267.0
1991,mex,6282587.0
1991,fsm,7035.0
1991,mda,217189.0
1991,mng,156067.0
1991,mar,1724064.0
1991,moz,1042182.0
1991,mmr,2709497.0
1991,nam,101957.0
1991,npl,1270370.0
1991,nld,557443.0
1991,nzl,162361.0
1991,nic,316124.0
1991,ner,558873.0
1991,nga,6519086.0
1991,nor,164906.0
1991,omn,116712.0
1991,pak,7096049.0
1991,pan,157384.0
1991,png,296741.0
1991,pry,279047.0
1991,per,1494163.0
1991,phl,4287996.0
1991,pol,1839822.0
1991,prt,488171.0
1991,qat,18097.0
1991,rou,1118587.0
1991,rus,6343427.0
1991,rwa,456826.0
1991,wsm,12089.0
1991,stp,8680.0
1991,sau,1051039.0
1991,sen,548356.0
1991,sle,258075.0
1991,sgp,129448.0
1991,svk,273249.0
1991,svn,85645.0
1991,slb,23329.0
1991,som,486743.0
1991,zaf,2569713.0
1991,esp,1888074.0
1991,lka,1085450.0
1991,kna,2558.0
1991,lca,9319.0
1991,vct,7900.0
1991,sdn,1808683.0
1991,sur,24375.0
1991,swz,65296.0
1991,swe,304188.0
1991,che,226318.0
1991,syr,971476.0
1991,tjk,346078.0
1991,tza,1852364.0
1991,tha,3312130.0
1991,tgo,286407.0
1991,ton,6229.0
1991,tto,72059.0
1991,tun,546121.0
1991,tur,3874017.0
1991,tkm,242544.0
1991,uga,1281756.0
1991,ukr,2166716.0
1991,are,78979.0
1991,gbr,2067533.0
1991,usa,10336419.0
1991,ury,161287.0
1991,uzb,1346207.0
1991,vut,9687.0
1991,ven,1278570.0
1991,vnm,4488738.0
1991,pse,154323.0
1991,yem,898977.0
1991,zmb,596823.0
1991,zwe,792412.0
1992,afg,964414.0
1992,alb,187673.0
1992,dza,1888779.0
1992,ago,771007.0
1992,arg,1922334.0
1992,arm,173235.0
1992,abw,2950.0
1992,aus,749476.0
1992,aut,265790.0
1992,aze,412524.0
1992,bhs,15827.0
1992,bhr,25705.0
1992,bgd,7707282.0
1992,brb,13384.0
1992,blr,444052.0
1992,bel,362018.0
1992,blz,14079.0
1992,ben,373529.0
1992,btn,35405.0
1992,bol,466587.0
1992,bih,191038.0
1992,bwa,106828.0
1992,bra,9888833.0
1992,brn,14428.0
1992,bgr,370784.0
1992,bfa,680052.0
1992,bdi,385506.0
1992,cpv,27126.0
1992,khm,586652.0
1992,cmr,892753.0
1992,can,1126645.0
1992,caf,215378.0
1992,tcd,444423.0
1992,chl,703389.0
1992,chn,58945266.0
1992,col,2310930.0
1992,com,40798.0
1992,cod,2834466.0
1992,cog,183492.0
1992,cri,186205.0
1992,civ,910429.0
1992,hrv,186267.0
1992,cub,467803.0
1992,cyp,27064.0
1992,cze,505594.0
1992,dnk,189255.0
1992,dji,40525.0
1992,dom,509723.0
1992,ecu,730231.0
1992,egy,3876050.0
1992,slv,402661.0
1992,gnq,22383.0
1992,eri,263689.0
1992,est,63556.0
1992,eth,3712168.0
1992,fji,48569.0
1992,fin,187029.0
1992,fra,2302180.0
1992,gab,62134.0
1992,gmb,64732.0
1992,geo,242001.0
1992,deu,2394304.0
1992,gha,1133328.0
1992,grc,443318.0
1992,grd,5993.0
1992,gtm,670834.0
1992,gin,426365.0
1992,gnb,73207.0
1992,guy,52946.0
1992,hti,492753.0
1992,hnd,367817.0
1992,hkg,249884.0
1992,hun,478644.0
1992,isl,12364.0
1992,ind,55344494.0
1992,idn,12497734.0
1992,irn,4012584.0
1992,irq,1374491.0
1992,irl,202059.0
1992,isr,273531.0
1992,ita,2107417.0
1992,jam,154713.0
1992,jpn,5217395.0
1992,jor,262646.0
1992,kaz,893397.0
1992,ken,1862966.0
1992,prk,979804.0
1992,kor,2389843.0
1992,kwt,102026.0
1992,kgz,276014.0
1992,lao,295107.0
1992,lva,102344.0
1992,lbn,199328.0
1992,lso,125715.0
1992,lbr,143638.0
1992,lby,356590.0
1992,ltu,155792.0
1992,lux,12582.0
1992,mac,14131.0
1992,mkd,96374.0
1992,mdg,871000.0
1992,mwi,679902.0
1992,mys,1164820.0
1992,mdv,15206.0
1992,mli,585729.0
1992,mlt,16690.0
1992,mrt,140204.0
1992,mus,64110.0
1992,mex,6274761.0
1992,fsm,7343.0
1992,mda,219846.0
1992,mng,157742.0
1992,mar,1764669.0
1992,moz,1063523.0
1992,mmr,2711553.0
1992,nam,104100.0
1992,npl,1303708.0
1992,nld,544331.0
1992,nzl,159565.0
1992,nic,325378.0
1992,ner,576223.0
1992,nga,6754296.0
1992,nor,160378.0
1992,omn,122627.0
1992,pak,7324624.0
1992,pan,157667.0
1992,png,298788.0
1992,pry,289554.0
1992,per,1513419.0
1992,phl,4376647.0
1992,pol,1884855.0
1992,prt,477084.0
1992,qat,18535.0
1992,rou,1104748.0
1992,rus,6454560.0
1992,rwa,434569.0
1992,wsm,11745.0
1992,stp,9206.0
1992,sau,1091549.0
1992,sen,567472.0
1992,sle,258925.0
1992,sgp,128115.0
1992,svk,275509.0
1992,svn,85720.0
1992,slb,23867.0
1992,som,476070.0
1992,zaf,2625130.0
1992,esp,1848822.0
1992,lka,1094781.0
1992,kna,2666.0
1992,lca,9431.0
1992,vct,7944.0
1992,sdn,1859119.0
1992,sur,24514.0
1992,swz,67056.0
1992,swe,298486.0
1992,che,228642.0
1992,syr,1015141.0
1992,tjk,352478.0
1992,tza,1918666.0
1992,tha,3244139.0
1992,tgo,295098.0
1992,ton,6358.0
1992,tto,74322.0
1992,tun,556108.0
1992,tur,3930480.0
1992,tkm,248680.0
1992,uga,1328167.0
1992,ukr,2178665.0
1992,are,83403.0
1992,gbr,2046050.0
1992,usa,10431605.0
1992,ury,160975.0
1992,uzb,1377251.0
1992,vut,9968.0
1992,ven,1310935.0
1992,vnm,4548207.0
1992,pse,157542.0
1992,yem,942567.0
1992,zmb,612835.0
1992,zwe,822732.0
1993,afg,1051948.0
1993,alb,183301.0
1993,dza,1954439.0
1993,ago,799419.0
1993,arg,1949859.0
1993,arm,173965.0
1993,abw,3071.0
1993,aus,744386.0
1993,aut,266482.0
1993,aze,419634.0
1993,bhs,15981.0
1993,bhr,26987.0
1993,bgd,7900893.0
1993,brb,13036.0
1993,blr,448009.0
1993,bel,359266.0
1993,blz,14510.0
1993,ben,391454.0
1993,btn,34802.0
1993,bol,472783.0
1993,bih,177782.0
1993,bwa,110794.0
1993,bra,10113423.0
1993,brn,14983.0
1993,bgr,361005.0
1993,bfa,696384.0
1993,bdi,399016.0
1993,cpv,28505.0
1993,khm,637738.0
1993,cmr,925286.0
1993,can,1137823.0
1993,caf,222195.0
1993,tcd,460165.0
1993,chl,706960.0
1993,chn,56988228.0
1993,col,2346716.0
1993,com,42549.0
1993,cod,2951706.0
1993,cog,188704.0
1993,cri,192805.0
1993,civ,958842.0
1993,hrv,188909.0
1993,cub,445635.0
1993,cyp,28522.0
1993,cze,491801.0
1993,dnk,182400.0
1993,dji,41052.0
1993,dom,513185.0
1993,ecu,743601.0
1993,egy,3959988.0
1993,slv,404070.0
1993,gnq,22986.0
1993,eri,264593.0
1993,est,62176.0
1993,eth,3838669.0
1993,fji,49902.0
1993,fin,190509.0
1993,fra,2271047.0
1993,gab,64137.0
1993,gmb,67298.0
1993,geo,239262.0
1993,deu,2435920.0
1993,gha,1170138.0
1993,grc,443996.0
1993,grd,6187.0
1993,gtm,690460.0
1993,gin,446028.0
1993,gnb,75324.0
1993,guy,52954.0
1993,hti,514414.0
1993,hnd,379202.0
1993,hkg,252992.0
1993,hun,468002.0
1993,isl,12384.0
1993,ind,56452869.0
1993,idn,12619182.0
1993,irn,4260026.0
1993,irq,1404522.0
1993,irl,202100.0
1993,isr,280901.0
1993,ita,2041936.0
1993,jam,154534.0
1993,jpn,5023469.0
1993,jor,277443.0
1993,kaz,888361.0
1993,ken,1933295.0
1993,prk,963745.0
1993,kor,2349455.0
1993,kwt,90768.0
1993,kgz,279110.0
1993,lao,300540.0
1993,lva,100817.0
1993,lbn,203672.0
1993,lso,128819.0
1993,lbr,143026.0
1993,lby,370448.0
1993,ltu,154404.0
1993,lux,12835.0
1993,mac,14801.0
1993,mkd,97152.0
1993,mdg,896211.0
1993,mwi,695578.0
1993,mys,1200764.0
1993,mdv,15997.0
1993,mli,601749.0
1993,mlt,16885.0
1993,mrt,143758.0
1993,mus,64930.0
1993,mex,6251962.0
1993,fsm,7674.0
1993,mda,222601.0
1993,mng,158981.0
1993,mar,1805768.0
1993,moz,1084539.0
1993,mmr,2710215.0
1993,nam,106137.0
1993,npl,1338065.0
1993,nld,534455.0
1993,nzl,157040.0
1993,nic,334568.0
1993,ner,594069.0
1993,nga,7000621.0
1993,nor,156514.0
1993,omn,128687.0
1993,pak,7575089.0
1993,pan,158069.0
1993,png,301028.0
1993,pry,301004.0
1993,per,1530012.0
1993,phl,4464241.0
1993,pol,1923268.0
1993,prt,463775.0
1993,qat,18940.0
1993,rou,1091166.0
1993,rus,6559781.0
1993,rwa,411835.0
1993,wsm,11285.0
1993,stp,9769.0
1993,sau,1128197.0
1993,sen,587203.0
1993,sle,259366.0
1993,sgp,127293.0
1993,svk,276230.0
1993,svn,85526.0
1993,slb,24374.0
1993,som,462619.0
1993,zaf,2679788.0
1993,esp,1800645.0
1993,lka,1101687.0
1993,kna,2656.0
1993,lca,9576.0
1993,vct,8006.0
1993,sdn,1910829.0
1993,sur,24851.0
1993,swz,68796.0
1993,swe,293486.0
1993,che,232631.0
1993,syr,1059854.0
1993,tjk,359752.0
1993,tza,1986327.0
1993,tha,3176627.0
1993,tgo,303798.0
1993,ton,6545.0
1993,tto,76954.0
1993,tun,566389.0
1993,tur,3978504.0
1993,tkm,255304.0
1993,uga,1376217.0
1993,ukr,2188270.0
1993,are,88128.0
1993,gbr,2039354.0
1993,usa,10558313.0
1993,ury,159876.0
1993,uzb,1411012.0
1993,vut,10278.0
1993,ven,1343919.0
1993,vnm,4609683.0
1993,pse,160567.0
1993,yem,989278.0
1993,zmb,628567.0
1993,zwe,852608.0
1994,afg,1135114.0
1994,alb,179584.0
1994,dza,2016642.0
1994,ago,827883.0
1994,arg,1968707.0
1994,arm,175273.0
1994,abw,3155.0
1994,aus,741629.0
1994,aut,268303.0
1994,aze,429030.0
1994,bhs,16153.0
1994,bhr,28133.0
1994,bgd,8100918.0
1994,brb,12765.0
1994,blr,452925.0
1994,bel,357199.0
1994,blz,14934.0
1994,ben,409832.0
1994,btn,34425.0
1994,bol,479526.0
1994,bih,165924.0
1994,bwa,114559.0
1994,bra,10313735.0
1994,brn,15509.0
1994,bgr,351058.0
1994,bfa,713329.0
1994,bdi,413849.0
1994,cpv,29906.0
1994,khm,694027.0
1994,cmr,957936.0
1994,can,1148903.0
1994,caf,228967.0
1994,tcd,476330.0
1994,chl,714439.0
1994,chn,55744087.0
1994,col,2380913.0
1994,com,44235.0
1994,cod,3064071.0
1994,cog,193825.0
1994,cri,200005.0
1994,civ,1007829.0
1994,hrv,190576.0
1994,cub,431006.0
1994,cyp,29751.0
1994,cze,475572.0
1994,dnk,176214.0
1994,dji,41696.0
1994,dom,516647.0
1994,ecu,755674.0
1994,egy,4046976.0
1994,slv,404076.0
1994,gnq,23625.0
1994,eri,264945.0
1994,est,61078.0
1994,eth,3968102.0
1994,fji,51017.0
1994,fin,193444.0
1994,fra,2246977.0
1994,gab,66251.0
1994,gmb,69930.0
1994,geo,236801.0
1994,deu,2491664.0
1994,gha,1207123.0
1994,grc,442560.0
1994,grd,6431.0
1994,gtm,709375.0
1994,gin,465362.0
1994,gnb,77488.0
1994,guy,52751.0
1994,hti,536128.0
1994,hnd,390381.0
1994,hkg,255647.0
1994,hun,454828.0
1994,isl,12403.0
1994,ind,57539180.0
1994,idn,12722010.0
1994,irn,4501412.0
1994,irq,1437496.0
1994,irl,201476.0
1994,isr,287790.0
1994,ita,1981006.0
1994,jam,154707.0
1994,jpn,4832667.0
1994,jor,290889.0
1994,kaz,884401.0
1994,ken,2005398.0
1994,prk,959501.0
1994,kor,2305206.0
1994,kwt,81135.0
1994,kgz,283350.0
1994,lao,306784.0
1994,lva,99908.0
1994,lbn,207719.0
1994,lso,131906.0
1994,lbr,145229.0
1994,lby,382218.0
1994,ltu,153528.0
1994,lux,13114.0
1994,mac,15685.0
1994,mkd,97763.0
1994,mdg,922176.0
1994,mwi,709398.0
1994,mys,1238121.0
1994,mdv,16831.0
1994,mli,618212.0
1994,mlt,17030.0
1994,mrt,147373.0
1994,mus,65350.0
1994,mex,6227370.0
1994,fsm,7964.0
1994,mda,225927.0
1994,mng,160517.0
1994,mar,1845803.0
1994,moz,1105400.0
1994,mmr,2711414.0
1994,nam,108498.0
1994,npl,1373155.0
1994,nld,528160.0
1994,nzl,155240.0
1994,nic,343156.0
1994,ner,612440.0
1994,nga,7253658.0
1994,nor,153666.0
1994,omn,134411.0
1994,pak,7868780.0
1994,pan,158791.0
1994,png,304092.0
1994,pry,312625.0
1994,per,1544496.0
1994,phl,4550536.0
1994,pol,1951791.0
1994,prt,449349.0
1994,qat,19491.0
1994,rou,1078049.0
1994,rus,6677022.0
1994,rwa,403141.0
1994,wsm,10857.0
1994,stp,10269.0
1994,sau,1161185.0
1994,sen,607614.0
1994,sle,260423.0
1994,sgp,127337.0
1994,svk,275583.0
1994,svn,85089.0
1994,slb,24865.0
1994,som,450682.0
1994,zaf,2729981.0
1994,esp,1745665.0
1994,lka,1104652.0
1994,kna,2656.0
1994,lca,9723.0
1994,vct,8076.0
1994,sdn,1962418.0
1994,sur,25333.0
1994,swz,70673.0
1994,swe,290083.0
1994,che,236762.0
1994,syr,1103896.0
1994,tjk,368923.0
1994,tza,2053843.0
1994,tha,3117489.0
1994,tgo,313133.0
1994,ton,6724.0
1994,tto,79673.0
1994,tun,576810.0
1994,tur,4016118.0
1994,tkm,262473.0
1994,uga,1426370.0
1994,ukr,2198218.0
1994,are,93765.0
1994,gbr,2044329.0
1994,usa,10712689.0
1994,ury,158428.0
1994,uzb,1448990.0
1994,vut,10617.0
1994,ven,1376536.0
1994,vnm,4677841.0
1994,pse,164277.0
1994,yem,1038223.0
1994,zmb,644388.0
1994,zwe,881272.0
1995,afg,1203811.0
1995,alb,177608.0
1995,dza,2071788.0
1995,ago,855307.0
1995,arg,1979558.0
1995,arm,177329.0
1995,abw,3278.0
1995,aus,742081.0
1995,aut,270301.0
1995,aze,440916.0
1995,bhs,16326.0
1995,bhr,29060.0
1995,bgd,8300688.0
1995,brb,12600.0
1995,blr,459036.0
1995,bel,355625.0
1995,blz,15327.0
1995,ben,428047.0
1995,btn,34572.0
1995,bol,487220.0
1995,bih,157524.0
1995,bwa,118007.0
1995,bra,10474231.0
1995,brn,15938.0
1995,bgr,342270.0
1995,bfa,731254.0
1995,bdi,429850.0
1995,cpv,31221.0
1995,khm,751206.0
1995,cmr,990267.0
1995,can,1159424.0
1995,caf,235603.0
1995,tcd,493048.0
1995,chl,726205.0
1995,chn,55387950.0
1995,col,2410404.0
1995,com,45768.0
1995,cod,3166386.0
1995,cog,198828.0
1995,cri,207566.0
1995,civ,1056300.0
1995,hrv,190683.0
1995,cub,425759.0
1995,cyp,31092.0
1995,cze,458994.0
1995,dnk,171237.0
1995,dji,42694.0
1995,dom,520154.0
1995,ecu,766099.0
1995,egy,4140667.0
1995,slv,402879.0
1995,gnq,24290.0
1995,eri,265769.0
1995,est,60585.0
1995,eth,4099423.0
1995,fji,51744.0
1995,fin,195165.0
1995,fra,2232736.0
1995,gab,68551.0
1995,gmb,72619.0
1995,geo,235034.0
1995,deu,2549433.0
1995,gha,1243760.0
1995,grc,438225.0
1995,grd,6693.0
1995,gtm,727095.0
1995,gin,483394.0
1995,gnb,79698.0
1995,guy,52169.0
1995,hti,556622.0
1995,hnd,401032.0
1995,hkg,257210.0
1995,hun,440382.0
1995,isl,12414.0
1995,ind,58595241.0
1995,idn,12801548.0
1995,irn,4719355.0
1995,irq,1474408.0
1995,irl,199927.0
1995,isr,293836.0
1995,ita,1922715.0
1995,jam,154995.0
1995,jpn,4661413.0
1995,jor,301790.0
1995,kaz,883057.0
1995,ken,2079193.0
1995,prk,965161.0
1995,kor,2257178.0
1995,kwt,75522.0
1995,kgz,289434.0
1995,lao,314378.0
1995,lva,100123.0
1995,lbn,210836.0
1995,lso,134920.0
1995,lbr,151303.0
1995,lby,390657.0
1995,ltu,153464.0
1995,lux,13372.0
1995,mac,16747.0
1995,mkd,98105.0
1995,mdg,949060.0
1995,mwi,722111.0
1995,mys,1275094.0
1995,mdv,17687.0
1995,mli,635216.0
1995,mlt,17120.0
1995,mrt,151070.0
1995,mus,65117.0
1995,mex,6210736.0
1995,fsm,8171.0
1995,mda,230064.0
1995,mng,162855.0
1995,mar,1883398.0
1995,moz,1126316.0
1995,mmr,2719191.0
1995,nam,111486.0
1995,npl,1408801.0
1995,nld,525581.0
1995,nzl,154485.0
1995,nic,350769.0
1995,ner,631392.0
1995,nga,7509830.0
1995,nor,152072.0
1995,omn,139451.0
1995,pak,8218320.0
1995,pan,159966.0
1995,png,308425.0
1995,pry,323823.0
1995,per,1557403.0
1995,phl,4635435.0
1995,pol,1968073.0
1995,prt,434694.0
1995,qat,20302.0
1995,rou,1065450.0
1995,rus,6816003.0
1995,rwa,418176.0
1995,wsm,10574.0
1995,stp,10638.0
1995,sau,1190869.0
1995,sen,628702.0
1995,sle,262873.0
1995,sgp,128490.0
1995,svk,273728.0
1995,svn,84432.0
1995,slb,25358.0
1995,som,443389.0
1995,zaf,2773073.0
1995,esp,1685949.0
1995,lka,1102725.0
1995,kna,2668.0
1995,lca,9851.0
1995,vct,8147.0
1995,sdn,2012878.0
1995,sur,25909.0
1995,swz,72790.0
1995,swe,288907.0
1995,che,239944.0
1995,syr,1145815.0
1995,tjk,380624.0
1995,tza,2120053.0
1995,tha,3072069.0
1995,tgo,323530.0
1995,ton,6849.0
1995,tto,82245.0
1995,tun,587167.0
1995,tur,4042217.0
1995,tkm,270191.0
1995,uga,1478984.0
1995,ukr,2209947.0
1995,are,100663.0
1995,gbr,2058215.0
1995,usa,10890511.0
1995,ury,156970.0
1995,uzb,1492003.0
1995,vut,10981.0
1995,ven,1407990.0
1995,vnm,4755657.0
1995,pse,169302.0
1995,yem,1088647.0
1995,zmb,660572.0
1995,zwe,908100.0
1996,afg,1254011.0
1996,alb,177723.0
1996,dza,2118474.0
1996,ago,881079.0
1996,arg,1981380.0
1996,arm,180165.0
1996,abw,3401.0
1996,aus,746167.0
1996,aut,272249.0
1996,aze,455240.0
1996,bhs,16494.0
1996,bhr,29709.0
1996,bgd,8498249.0
1996,brb,12559.0
1996,blr,466566.0
1996,bel,354422.0
1996,blz,15681.0
1996,ben,445969.0
1996,btn,35340.0
1996,bol,495936.0
1996,bih,153299.0
1996,bwa,121098.0
1996,bra,10591473.0
1996,brn,16242.0
1996,bgr,335023.0
1996,bfa,750271.0
1996,bdi,446982.0
1996,cpv,32419.0
1996,khm,808655.0
1996,cmr,1022030.0
1996,can,1168533.0
1996,caf,242035.0
1996,tcd,510267.0
1996,chl,742481.0
1996,chn,56051466.0
1996,col,2433758.0
1996,com,47129.0
1996,cod,3256472.0
1996,cog,203691.0
1996,cri,215430.0
1996,civ,1104144.0
1996,hrv,188966.0
1996,cub,431271.0
1996,cyp,32069.0
1996,cze,442267.0
1996,dnk,167573.0
1996,dji,44111.0
1996,dom,523725.0
1996,ecu,774786.0
1996,egy,4243343.0
1996,slv,400362.0
1996,gnq,24983.0
1996,eri,267268.0
1996,est,60833.0
1996,eth,4231761.0
1996,fji,52021.0
1996,fin,195343.0
1996,fra,2230203.0
1996,gab,71055.0
1996,gmb,75359.0
1996,geo,233998.0
1996,deu,2606522.0
1996,gha,1279811.0
1996,grc,430680.0
1996,grd,6972.0
1996,gtm,743381.0
1996,gin,499822.0
1996,gnb,81948.0
1996,guy,51158.0
1996,hti,575657.0
1996,hnd,410978.0
1996,hkg,257402.0
1996,hun,424617.0
1996,isl,12410.0
1996,ind,59609921.0
1996,idn,12857387.0
1996,irn,4908256.0
1996,irq,1515723.0
1996,irl,197365.0
1996,isr,298953.0
1996,ita,1866981.0
1996,jam,155348.0
1996,jpn,4517391.0
1996,jor,309677.0
1996,kaz,884380.0
1996,ken,2155364.0
1996,prk,982016.0
1996,kor,2205099.0
1996,kwt,74806.0
1996,kgz,297594.0
1996,lao,323363.0
1996,lva,101669.0
1996,lbn,212813.0
1996,lso,137863.0
1996,lbr,162042.0
1996,lby,395608.0
1996,ltu,154302.0
1996,lux,13595.0
1996,mac,17992.0
1996,mkd,98112.0
1996,mdg,976852.0
1996,mwi,733660.0
1996,mys,1311297.0
1996,mdv,18563.0
1996,mli,652821.0
1996,mlt,17148.0
1996,mrt,154852.0
1996,mus,64082.0
1996,mex,6205667.0
1996,fsm,8279.0
1996,mda,235172.0
1996,mng,166120.0
1996,mar,1918521.0
1996,moz,1147203.0
1996,mmr,2735447.0
1996,nam,115154.0
1996,npl,1444689.0
1996,nld,526962.0
1996,nzl,154855.0
1996,nic,357222.0
1996,ner,650975.0
1996,nga,7768014.0
1996,nor,151856.0
1996,omn,143674.0
1996,pak,8629577.0
1996,pan,161687.0
1996,png,314272.0
1996,pry,334448.0
1996,per,1568332.0
1996,phl,4718127.0
1996,pol,1970998.0
1996,prt,419996.0
1996,qat,21437.0
1996,rou,1053816.0
1996,rus,6983120.0
1996,rwa,461480.0
1996,wsm,10465.0
1996,stp,10855.0
1996,sau,1216567.0
1996,sen,650483.0
1996,sle,266792.0
1996,sgp,130773.0
1996,svk,270571.0
1996,svn,83554.0
1996,slb,25856.0
1996,som,441791.0
1996,zaf,2808310.0
1996,esp,1621318.0
1996,lka,1095218.0
1996,kna,2607.0
1996,lca,9956.0
1996,vct,8215.0
1996,sdn,2062128.0
1996,sur,26600.0
1996,swz,75179.0
1996,swe,290009.0
1996,che,241740.0
1996,syr,1185446.0
1996,tjk,395102.0
1996,tza,2184651.0
1996,tha,3043591.0
1996,tgo,335174.0
1996,ton,6908.0
1996,tto,84645.0
1996,tun,597396.0
1996,tur,4056200.0
1996,tkm,278320.0
1996,uga,1534002.0
1996,ukr,2224177.0
1996,are,109181.0
1996,gbr,2080679.0
1996,usa,11088941.0
1996,ury,155531.0
1996,uzb,1539835.0
1996,vut,11369.0
1996,ven,1437867.0
1996,vnm,4842390.0
1996,pse,175865.0
1996,yem,1140236.0
1996,zmb,677227.0
1996,zwe,932805.0
1997,afg,1289307.0
1997,alb,179502.0
1997,dza,2156920.0
1997,ago,905687.0
1997,arg,1974831.0
1997,arm,183519.0
1997,abw,3488.0
1997,aus,753476.0
1997,aut,274283.0
1997,aze,471389.0
1997,bhs,16660.0
1997,bhr,30111.0
1997,bgd,8693585.0
1997,brb,12627.0
1997,blr,474858.0
1997,bel,353620.0
1997,blz,16003.0
1997,ben,463680.0
1997,btn,36609.0
1997,bol,505590.0
1997,bih,152510.0
1997,bwa,123822.0
1997,bra,10667624.0
1997,brn,16447.0
1997,bgr,328896.0
1997,bfa,770388.0
1997,bdi,465083.0
1997,cpv,33502.0
1997,khm,866280.0
1997,cmr,1053136.0
1997,can,1176086.0
1997,caf,248297.0
1997,tcd,527975.0
1997,chl,762589.0
1997,chn,57616817.0
1997,col,2452055.0
1997,com,48341.0
1997,cod,3336579.0
1997,cog,208435.0
1997,cri,223467.0
1997,civ,1151042.0
1997,hrv,185671.0
1997,cub,446164.0
1997,cyp,32678.0
1997,cze,425224.0
1997,dnk,165164.0
1997,dji,45853.0
1997,dom,527411.0
1997,ecu,781850.0
1997,egy,4351603.0
1997,slv,396711.0
1997,gnq,25714.0
1997,eri,269290.0
1997,est,61656.0
1997,eth,4365633.0
1997,fji,51909.0
1997,fin,194196.0
1997,fra,2237877.0
1997,gab,73702.0
1997,gmb,78157.0
1997,geo,233460.0
1997,deu,2663268.0
1997,gha,1315202.0
1997,grc,420334.0
1997,grd,7267.0
1997,gtm,758497.0
1997,gin,514850.0
1997,gnb,84259.0
1997,guy,49797.0
1997,hti,593252.0
1997,hnd,420307.0
1997,hkg,256383.0
1997,hun,407689.0
1997,isl,12396.0
1997,ind,60583672.0
1997,idn,12891332.0
1997,irn,5068595.0
1997,irq,1560946.0
1997,irl,193943.0
1997,isr,303266.0
1997,ita,1815347.0
1997,jam,155858.0
1997,jpn,4397779.0
1997,jor,315011.0
1997,kaz,887550.0
1997,ken,2232704.0
1997,prk,1009983.0
1997,kor,2150131.0
1997,kwt,78162.0
1997,kgz,307352.0
1997,lao,333543.0
1997,lva,104238.0
1997,lbn,213861.0
1997,lso,140714.0
1997,lbr,176770.0
1997,lby,397417.0
1997,ltu,155841.0
1997,lux,13794.0
1997,mac,19389.0
1997,mkd,97802.0
1997,mdg,1005605.0
1997,mwi,744281.0
1997,mys,1346706.0
1997,mdv,19442.0
1997,mli,671064.0
1997,mlt,17117.0
1997,mrt,158713.0
1997,mus,62388.0
1997,mex,6210457.0
1997,fsm,8307.0
1997,mda,240851.0
1997,mng,170045.0
1997,mar,1950785.0
1997,moz,1168248.0
1997,mmr,2758428.0
1997,nam,119379.0
1997,npl,1480936.0
1997,nld,532018.0
1997,nzl,156233.0
1997,nic,362639.0
1997,ner,671297.0
1997,nga,8027862.0
1997,nor,152945.0
1997,omn,147169.0
1997,pak,9090045.0
1997,pan,163894.0
1997,png,321515.0
1997,pry,344528.0
1997,per,1577406.0
1997,phl,4798630.0
1997,pol,1960882.0
1997,prt,405264.0
1997,qat,22823.0
1997,rou,1043048.0
1997,rus,7164106.0
1997,rwa,527870.0
1997,wsm,10500.0
1997,stp,10944.0
1997,sau,1238579.0
1997,sen,672790.0
1997,sle,272047.0
1997,sgp,134091.0
1997,svk,266128.0
1997,svn,82444.0
1997,slb,26360.0
1997,som,445037.0
1997,zaf,2836599.0
1997,esp,1552742.0
1997,lka,1082756.0
1997,kna,2406.0
1997,lca,10037.0
1997,vct,8281.0
1997,sdn,2110552.0
1997,sur,27385.0
1997,swz,77763.0
1997,swe,293151.0
1997,che,242485.0
1997,syr,1222514.0
1997,tjk,411826.0
1997,tza,2247699.0
1997,tha,3029936.0
1997,tgo,347849.0
1997,ton,6912.0
1997,tto,86825.0
1997,tun,607233.0
1997,tur,4059265.0
1997,tkm,286711.0
1997,uga,1591360.0
1997,ukr,2238589.0
1997,are,118957.0
1997,gbr,2111189.0
1997,usa,11303689.0
1997,ury,154066.0
1997,uzb,1591220.0
1997,vut,11780.0
1997,ven,1465998.0
1997,vnm,4935482.0
1997,pse,183748.0
1997,yem,1192853.0
1997,zmb,694301.0
1997,zwe,955290.0
1998,afg,1316581.0
1998,alb,182331.0
1998,dza,2187129.0
1998,and,1900.0
1998,ago,930449.0
1998,arg,1964453.0
1998,arm,186898.0
1998,abw,3599.0
1998,aus,762997.0
1998,aut,276267.0
1998,aze,488284.0
1998,bhs,16822.0
1998,bhr,30385.0
1998,bgd,8884139.0
1998,brb,12753.0
1998,blr,482216.0
1998,bel,353338.0
1998,blz,16299.0
1998,ben,481007.0
1998,btn,38214.0
1998,bol,516230.0
1998,bih,154003.0
1998,bwa,126154.0
1998,bra,10700364.0
1998,brn,16601.0
1998,bgr,323434.0
1998,bfa,791746.0
1998,bdi,483697.0
1998,cpv,34474.0
1998,khm,920856.0
1998,cmr,1083526.0
1998,can,1183195.0
1998,caf,254503.0
1998,tcd,546382.0
1998,chl,784842.0
1998,chn,59691611.0
1998,col,2467691.0
1998,com,49388.0
1998,cod,3411452.0
1998,cog,213127.0
1998,cri,231279.0
1998,civ,1195472.0
1998,hrv,181366.0
1998,cub,466076.0
1998,cyp,32952.0
1998,cze,409151.0
1998,dnk,164183.0
1998,dji,47791.0
1998,dma,4602.0
1998,dom,531305.0
1998,ecu,787439.0
1998,egy,4456600.0
1998,slv,392836.0
1998,gnq,26476.0
1998,eri,272077.0
1998,est,62705.0
1998,eth,4503014.0
1998,fji,51521.0
1998,fin,192302.0
1998,fra,2250920.0
1998,gab,76396.0
1998,gmb,81019.0
1998,geo,233214.0
1998,deu,2714201.0
1998,gha,1349751.0
1998,grc,408049.0
1998,grd,7556.0
1998,gtm,773085.0
1998,gin,528636.0
1998,gnb,86678.0
1998,guy,48209.0
1998,hti,608729.0
1998,hnd,429272.0
1998,hkg,254538.0
1998,hun,391300.0
1998,isl,12390.0
1998,ind,61533776.0
1998,idn,12903862.0
1998,irn,5196502.0
1998,irq,1608913.0
1998,irl,189942.0
1998,isr,306868.0
1998,ita,1769265.0
1998,jam,156562.0
1998,jpn,4295571.0
1998,jor,318679.0
1998,kaz,892111.0
1998,ken,2306990.0
1998,kir,5294.0
1998,prk,1043852.0
1998,kor,2095562.0
1998,kwt,84189.0
1998,kgz,317821.0
1998,lao,344893.0
1998,lva,107167.0
1998,lbn,214281.0
1998,lso,143366.0
1998,lbr,193267.0
1998,lby,396013.0
1998,ltu,157707.0
1998,lux,13987.0
1998,mac,20805.0
1998,mkd,97261.0
1998,mdg,1035616.0
1998,mwi,755433.0
1998,mys,1380318.0
1998,mdv,20290.0
1998,mli,690011.0
1998,mlt,17036.0
1998,mhl,4047.0
1998,mrt,162663.0
1998,mus,60421.0
1998,mex,6222962.0
1998,fsm,8273.0
1998,mda,205628.0
1998,mng,174231.0
1998,mar,1978066.0
1998,moz,1190237.0
1998,mmr,2784003.0
1998,nam,124082.0
1998,npl,1518293.0
1998,nld,539653.0
1998,nzl,158478.0
1998,nic,367317.0
1998,ner,692547.0
1998,nga,8287493.0
1998,nor,155120.0
1998,omn,150086.0
1998,pak,9571024.0
1998,plw,851.0
1998,pan,166377.0
1998,png,329781.0
1998,pry,353858.0
1998,per,1586304.0
1998,phl,4878648.0
1998,pol,1938775.0
1998,prt,391023.0
1998,qat,24310.0
1998,rou,1031903.0
1998,rus,7323399.0
1998,rwa,605416.0
1998,wsm,10637.0
1998,stp,10938.0
1998,sau,1259444.0
1998,sen,695213.0
1998,syc,4172.0
1998,sle,278922.0
1998,sgp,138416.0
1998,svk,260851.0
1998,svn,81102.0
1998,slb,26873.0
1998,som,452034.0
1998,zaf,2859015.0
1998,esp,1484879.0
1998,lka,1067304.0
1998,kna,2257.0
1998,lca,10094.0
1998,vct,8331.0
1998,sdn,2158192.0
1998,sur,28109.0
1998,swz,80407.0
1998,swe,298290.0
1998,che,242802.0
1998,syr,1255391.0
1998,tjk,429701.0
1998,tza,2308885.0
1998,tha,3024453.0
1998,tls,51689.0
1998,tgo,361075.0
1998,ton,6878.0
1998,tto,88482.0
1998,tun,616027.0
1998,tur,4054464.0
1998,tkm,295315.0
1998,uga,1651362.0
1998,ukr,2247977.0
1998,are,128730.0
1998,gbr,2146322.0
1998,usa,11527050.0
1998,ury,152777.0
1998,uzb,1644526.0
1998,vut,12200.0
1998,ven,1492145.0
1998,vnm,5033531.0
1998,pse,192599.0
1998,yem,1246126.0
1998,zmb,711691.0
1998,zwe,975368.0
1999,afg,1346320.0
1999,alb,185265.0
1999,dza,2209668.0
1999,and,1906.0
1999,ago,957274.0
1999,arg,1956348.0
1999,arm,189636.0
1999,abw,3619.0
1999,aus,773241.0
1999,aut,278126.0
1999,aze,504511.0
1999,bhs,16965.0
1999,bhr,30703.0
1999,bgd,9067406.0
1999,brb,12870.0
1999,blr,486384.0
1999,bel,353761.0
1999,blz,16586.0
1999,ben,497809.0
1999,btn,39893.0
1999,bol,527864.0
1999,bih,155975.0
1999,bwa,128071.0
1999,bra,10688888.0
1999,brn,16772.0
1999,bgr,317871.0
1999,bfa,814470.0
1999,bdi,502250.0
1999,cpv,35340.0
1999,khm,968624.0
1999,cmr,1113197.0
1999,can,1191532.0
1999,cym,1175.0
1999,caf,260829.0
1999,tcd,565760.0
1999,chl,806948.0
1999,chn,61721214.0
1999,col,2484292.0
1999,com,50265.0
1999,cod,3488103.0
1999,cog,217852.0
1999,cri,238374.0
1999,civ,1235582.0
1999,hrv,176889.0
1999,cub,484885.0
1999,cyp,33292.0
1999,cze,395527.0
1999,dnk,164784.0
1999,dji,49733.0
1999,dma,4535.0
1999,dom,535534.0
1999,ecu,791790.0
1999,egy,4546180.0
1999,slv,389933.0
1999,gnq,27264.0
1999,eri,275820.0
1999,est,63470.0
1999,eth,4646701.0
1999,fji,51032.0
1999,fin,190515.0
1999,fra,2262437.0
1999,gab,78992.0
1999,gmb,83962.0
1999,geo,232952.0
1999,deu,2753628.0
1999,gha,1383305.0
1999,grc,395079.0
1999,grd,7659.0
1999,gtm,788068.0
1999,gin,541510.0
1999,gnb,89276.0
1999,guy,46585.0
1999,hti,621355.0
1999,hnd,438261.0
1999,hkg,252467.0
1999,hun,377582.0
1999,isl,12412.0
1999,ind,62485499.0
1999,idn,12896112.0
1999,irn,5289414.0
1999,irq,1657921.0
1999,irl,185767.0
1999,isr,309936.0
1999,ita,1730668.0
1999,jam,157539.0
1999,jpn,4198809.0
1999,jor,322017.0
1999,kaz,897337.0
1999,ken,2372655.0
1999,kir,5416.0
1999,prk,1076610.0
1999,kor,2045707.0
1999,kwt,90715.0
1999,kgz,327762.0
1999,lao,357320.0
1999,lva,109521.0
1999,lbn,214549.0
1999,lso,145682.0
1999,lbr,208410.0
1999,lby,391450.0
1999,ltu,159374.0
1999,lux,14204.0
1999,mac,22069.0
1999,mkd,96625.0
1999,mdg,1067253.0
1999,mwi,768990.0
1999,mys,1411041.0
1999,mdv,21059.0
1999,mli,709732.0
1999,mlt,16933.0
1999,mhl,4119.0
1999,mrt,166702.0
1999,mus,58730.0
1999,mex,6238887.0
1999,fsm,8207.0
1999,mda,214982.0
1999,mng,178098.0
1999,mar,1997746.0
1999,moz,1214188.0
1999,mmr,2806100.0
1999,nam,129134.0
1999,npl,1557803.0
1999,nld,548362.0
1999,nzl,161366.0
1999,nic,371705.0
1999,ner,714957.0
1999,nga,8544967.0
1999,nor,158037.0
1999,omn,152672.0
1999,pak,10032998.0
1999,plw,871.0
1999,pan,168827.0
1999,png,338504.0
1999,pry,362247.0
1999,per,1597234.0
1999,phl,4960551.0
1999,pol,1906546.0
1999,prt,377852.0
1999,qat,25670.0
1999,rou,1018631.0
1999,rus,7413208.0
1999,rwa,676990.0
1999,wsm,10823.0
1999,stp,10887.0
1999,sau,1282577.0
1999,sen,717207.0
1999,syc,4106.0
1999,sle,287701.0
1999,sgp,143681.0
1999,svk,255341.0
1999,svn,79535.0
1999,slb,27400.0
1999,som,460924.0
1999,zaf,2877307.0
1999,esp,1423661.0
1999,lka,1051631.0
1999,kna,2366.0
1999,lca,10128.0
1999,vct,8354.0
1999,sdn,2205189.0
1999,sur,28575.0
1999,swz,82918.0
1999,swe,305273.0
1999,che,243654.0
1999,syr,1282125.0
1999,tjk,447191.0
1999,tza,2367981.0
1999,tha,3017406.0
1999,tls,53334.0
1999,tgo,374162.0
1999,ton,6833.0
1999,tto,89252.0
1999,tun,622954.0
1999,tur,4046026.0
1999,tkm,304094.0
1999,uga,1714378.0
1999,ukr,2245395.0
1999,are,136781.0
1999,gbr,2181824.0
1999,usa,11749864.0
1999,ury,151900.0
1999,uzb,1697588.0
1999,vut,12620.0
1999,ven,1516162.0
1999,vnm,5134536.0
1999,pse,201869.0
1999,yem,1299686.0
1999,zmb,729232.0
1999,zwe,992926.0
2000,afg,1386154.0
2000,alb,187581.0
2000,dza,2224882.0
2000,and,1907.0
2000,ago,987409.0
2000,arg,1954825.0
2000,arm,191221.0
2000,abw,3920.0
2000,aus,783050.0
2000,aut,279789.0
2000,aze,518896.0
2000,bhs,17084.0
2000,bhr,31186.0
2000,bgd,9241174.0
2000,brb,12930.0
2000,blr,485772.0
2000,bel,354965.0
2000,blz,16871.0
2000,ben,514007.0
2000,bmu,2227.0
2000,btn,41447.0
2000,bol,540429.0
2000,bih,157108.0
2000,bwa,129573.0
2000,bra,10634916.0
2000,brn,17008.0
2000,bgr,311631.0
2000,bfa,838627.0
2000,bdi,520269.0
2000,cpv,36110.0
2000,khm,1006946.0
2000,cmr,1142098.0
2000,can,1202122.0
2000,cym,1211.0
2000,caf,267391.0
2000,tcd,586278.0
2000,chl,827094.0
2000,chn,63290919.0
2000,col,2504353.0
2000,com,50978.0
2000,cod,3571743.0
2000,cog,222674.0
2000,cri,244383.0
2000,civ,1270137.0
2000,hrv,172859.0
2000,cub,498099.0
2000,cyp,33509.0
2000,cze,385285.0
2000,dnk,167001.0
2000,dji,51533.0
2000,dma,4711.0
2000,dom,540174.0
2000,ecu,795139.0
2000,egy,4611876.0
2000,slv,388851.0
2000,gnq,28069.0
2000,eri,280617.0
2000,est,63581.0
2000,eth,4798450.0
2000,fji,50575.0
2000,fin,189451.0
2000,fra,2267481.0
2000,gab,81378.0
2000,gmb,86996.0
2000,geo,232400.0
2000,deu,2777546.0
2000,gha,1415702.0
2000,grc,382410.0
2000,grd,7955.0
2000,gtm,804128.0
2000,gin,553760.0
2000,gnb,92094.0
2000,guy,45074.0
2000,hti,630706.0
2000,hnd,447532.0
2000,hkg,250623.0
2000,hun,367952.0
2000,isl,12472.0
2000,ind,63453957.0
2000,idn,12869839.0
2000,irn,5345456.0
2000,irq,1706654.0
2000,irl,181740.0
2000,isr,312628.0
2000,ita,1700713.0
2000,jam,158817.0
2000,jpn,4099183.0
2000,jor,326034.0
2000,kaz,902419.0
2000,ken,2425937.0
2000,kir,5821.0
2000,prk,1103181.0
2000,kor,2003717.0
2000,kwt,96154.0
2000,kgz,336223.0
2000,lao,370649.0
2000,lva,110613.0
2000,lbn,215030.0
2000,lso,147566.0
2000,lbr,220019.0
2000,lby,383961.0
2000,ltu,160427.0
2000,lux,14471.0
2000,mac,23050.0
2000,mkd,95989.0
2000,mdg,1100766.0
2000,mwi,786321.0
2000,mys,1438109.0
2000,mdv,21718.0
2000,mli,730289.0
2000,mlt,16815.0
2000,mhl,3505.0
2000,mrt,170835.0
2000,mus,57707.0
2000,mex,6254949.0
2000,fsm,8135.0
2000,mda,214153.0
2000,mng,181187.0
2000,mar,2008112.0
2000,moz,1240804.0
2000,mmr,2820269.0
2000,nam,134388.0
2000,npl,1600085.0
2000,nld,556954.0
2000,nzl,164675.0
2000,nic,376124.0
2000,ner,738723.0
2000,nga,8798813.0
2000,nor,161407.0
2000,omn,155107.0
2000,pak,10445945.0
2000,plw,890.0
2000,pan,171023.0
2000,png,347274.0
2000,pry,369579.0
2000,per,1611579.0
2000,phl,5045738.0
2000,pol,1865911.0
2000,prt,366189.0
2000,qat,26748.0
2000,rou,1001924.0
2000,rus,7400301.0
2000,rwa,730233.0
2000,wsm,11011.0
2000,stp,10835.0
2000,sau,1310261.0
2000,sen,738374.0
2000,syc,4069.0
2000,sle,298483.0
2000,sgp,149768.0
2000,svk,250026.0
2000,svn,77753.0
2000,slb,27941.0
2000,som,470355.0
2000,zaf,2892916.0
2000,esp,1373269.0
2000,lka,1037718.0
2000,kna,2283.0
2000,lca,10138.0
2000,vct,8335.0
2000,sdn,2251777.0
2000,sur,28650.0
2000,swz,85144.0
2000,swe,313820.0
2000,che,245700.0
2000,syr,1301481.0
2000,tjk,463108.0
2000,tza,2424898.0
2000,tha,3001807.0
2000,tls,55458.0
2000,tgo,386619.0
2000,ton,6793.0
2000,tto,88893.0
2000,tun,627385.0
2000,tur,4037361.0
2000,tkm,312914.0
2000,uga,1780573.0
2000,ukr,2225939.0
2000,are,141943.0
2000,gbr,2214281.0
2000,usa,11964190.0
2000,ury,151587.0
2000,uzb,1748366.0
2000,vut,13023.0
2000,ven,1537912.0
2000,vnm,5235629.0
2000,pse,211152.0
2000,yem,1353150.0
2000,zmb,746817.0
2000,zwe,1007883.0
2001,afg,1437610.0
2001,alb,189178.0
2001,dza,2233256.0
2001,and,1918.0
2001,ago,1021491.0
2001,atg,4201.0
2001,arg,1961705.0
2001,arm,191571.0
2001,abw,3943.0
2001,aus,792130.0
2001,aut,281095.0
2001,aze,531166.0
2001,bhs,17167.0
2001,bhr,31870.0
2001,bgd,9405032.0
2001,brb,12918.0
2001,blr,479956.0
2001,bel,357014.0
2001,blz,17153.0
2001,ben,529462.0
2001,bmu,2271.0
2001,btn,42841.0
2001,bol,553996.0
2001,bih,157096.0
2001,bwa,130635.0
2001,bra,10535664.0
2001,brn,17325.0
2001,bgr,304816.0
2001,bfa,864295.0
2001,bdi,537701.0
2001,cpv,36788.0
2001,khm,1034068.0
2001,cmr,1170416.0
2001,can,1215453.0
2001,cym,1243.0
2001,caf,274213.0
2001,tcd,608080.0
2001,chl,844766.0
2001,chn,64287567.0
2001,col,2528486.0
2001,com,51506.0
2001,cod,3664111.0
2001,cog,227642.0
2001,cri,249181.0
2001,civ,1298408.0
2001,hrv,169430.0
2001,cub,504291.0
2001,cyp,31943.0
2001,cze,379342.0
2001,dnk,170955.0
2001,dji,53163.0
2001,dma,4247.0
2001,dom,545243.0
2001,ecu,797463.0
2001,egy,4651402.0
2001,slv,389918.0
2001,gnq,28888.0
2001,eri,286787.0
2001,est,62974.0
2001,eth,4958549.0
2001,fji,50162.0
2001,fin,189263.0
2001,fra,2264658.0
2001,gab,83536.0
2001,gmb,90117.0
2001,geo,231631.0
2001,deu,2783008.0
2001,gha,1447012.0
2001,grc,370262.0
2001,grd,8162.0
2001,gtm,821422.0
2001,gin,565420.0
2001,gnb,95158.0
2001,guy,43682.0
2001,hti,636342.0
2001,hnd,457139.0
2001,hkg,249028.0
2001,hun,363326.0
2001,isl,12582.0
2001,ind,64444720.0
2001,idn,12825252.0
2001,irn,5364193.0
2001,irq,1754834.0
2001,irl,177965.0
2001,isr,314947.0
2001,ita,1680043.0
2001,jam,160415.0
2001,jpn,3994813.0
2001,jor,330856.0
2001,kaz,908045.0
2001,ken,2465848.0
2001,kir,5885.0
2001,prk,1120834.0
2001,kor,1969689.0
2001,kwt,100140.0
2001,kgz,342970.0
2001,lao,384917.0
2001,lva,110321.0
2001,lbn,215715.0
2001,lso,148969.0
2001,lbr,227185.0
2001,lby,373334.0
2001,ltu,160812.0
2001,lux,14783.0
2001,mac,23711.0
2001,mkd,95385.0
2001,mdg,1136159.0
2001,mwi,807818.0
2001,mys,1460979.0
2001,mdv,22252.0
2001,mli,751628.0
2001,mlt,16689.0
2001,mhl,3565.0
2001,mrt,175066.0
2001,mus,57473.0
2001,mex,6270724.0
2001,fsm,8059.0
2001,mda,217044.0
2001,mng,183513.0
2001,mar,2008225.0
2001,moz,1270576.0
2001,mmr,2825475.0
2001,nam,139850.0
2001,npl,1645119.0
2001,nld,565102.0
2001,nzl,168434.0
2001,nic,380628.0
2001,ner,763905.0
2001,nga,9048029.0
2001,nor,165166.0
2001,omn,157406.0
2001,pak,10800620.0
2001,plw,907.0
2001,pan,172901.0
2001,png,355910.0
2001,pry,375718.0
2001,per,1630171.0
2001,phl,5135612.0
2001,pol,1817127.0
2001,prt,356281.0
2001,qat,27479.0
2001,rou,982047.0
2001,rus,7276015.0
2001,rwa,761518.0
2001,wsm,11193.0
2001,stp,10784.0
2001,sau,1343658.0
2001,sen,758636.0
2001,syc,4061.0
2001,sle,311607.0
2001,sgp,156622.0
2001,svk,245140.0
2001,svn,75774.0
2001,slb,28496.0
2001,som,480145.0
2001,zaf,2905890.0
2001,esp,1336066.0
2001,lka,1026504.0
2001,kna,2510.0
2001,lca,10123.0
2001,vct,8276.0
2001,sdn,2297434.0
2001,sur,28259.0
2001,swz,87052.0
2001,swe,324181.0
2001,che,249068.0
2001,syr,1312870.0
2001,tjk,477198.0
2001,tza,2480069.0
2001,tha,2975604.0
2001,tls,58101.0
2001,tgo,398294.0
2001,ton,6760.0
2001,tto,87285.0
2001,tun,629276.0
2001,tur,4028572.0
2001,tkm,321934.0
2001,uga,1850181.0
2001,ukr,2188567.0
2001,are,143680.0
2001,gbr,2242506.0
2001,usa,12168079.0
2001,ury,151946.0
2001,uzb,1797063.0
2001,vut,13407.0
2001,ven,1557438.0
2001,vnm,5339160.0
2001,pse,220345.0
2001,yem,1406332.0
2001,zmb,764378.0
2001,zwe,1020147.0
2002,afg,1498131.0
2002,alb,190195.0
2002,dza,2234317.0
2002,and,1906.0
2002,ago,1058767.0
2002,atg,4279.0
2002,arg,1975613.0
2002,arm,190718.0
2002,abw,4095.0
2002,aus,800563.0
2002,aut,281928.0
2002,aze,541095.0
2002,bhs,17216.0
2002,bhr,32707.0
2002,bgd,9557826.0
2002,brb,12845.0
2002,blr,469469.0
2002,bel,359699.0
2002,blz,17428.0
2002,ben,544234.0
2002,bmu,2314.0
2002,btn,44101.0
2002,bol,568391.0
2002,bih,156327.0
2002,bwa,131271.0
2002,bra,10396924.0
2002,brn,17699.0
2002,bgr,297613.0
2002,bfa,891411.0
2002,bdi,554485.0
2002,cpv,37359.0
2002,khm,1050492.0
2002,cmr,1197992.0
2002,can,1230580.0
2002,cym,1278.0
2002,caf,281227.0
2002,tcd,631044.0
2002,chl,859906.0
2002,chn,64786820.0
2002,col,2555405.0
2002,com,51878.0
2002,cod,3764116.0
2002,cog,232744.0
2002,cri,252783.0
2002,civ,1320915.0
2002,hrv,166446.0
2002,cub,504502.0
2002,cyp,31892.0
2002,cze,377240.0
2002,dnk,176436.0
2002,dji,54651.0
2002,dma,4246.0
2002,dom,550712.0
2002,ecu,798863.0
2002,egy,4668269.0
2002,slv,392892.0
2002,gnq,29721.0
2002,eri,294284.0
2002,est,61763.0
2002,eth,5125503.0
2002,fji,49776.0
2002,fin,189710.0
2002,fra,2255599.0
2002,gab,85470.0
2002,gmb,93316.0
2002,geo,230583.0
2002,deu,2770338.0
2002,gha,1477063.0
2002,grc,358598.0
2002,grd,7815.0
2002,gtm,839788.0
2002,gin,576485.0
2002,gnb,98455.0
2002,guy,42403.0
2002,hti,638578.0
2002,hnd,466908.0
2002,hkg,247540.0
2002,hun,363094.0
2002,isl,12727.0
2002,ind,65442265.0
2002,idn,12764842.0
2002,irn,5344925.0
2002,irq,1802599.0
2002,irl,174444.0
2002,isr,316956.0
2002,ita,1667624.0
2002,jam,162238.0
2002,jpn,3890271.0
2002,jor,336247.0
2002,kaz,913700.0
2002,ken,2494281.0
2002,kir,5994.0
2002,prk,1130606.0
2002,kor,1942764.0
2002,kwt,103160.0
2002,kgz,348124.0
2002,lao,399835.0
2002,lva,108822.0
2002,lbn,216504.0
2002,lso,149933.0
2002,lbr,230761.0
2002,lby,360064.0
2002,lie,1210.0
2002,ltu,160556.0
2002,lux,15130.0
2002,mac,24062.0
2002,mkd,94767.0
2002,mdg,1173279.0
2002,mwi,833225.0
2002,mys,1479750.0
2002,mdv,22664.0
2002,mli,773773.0
2002,mlt,16552.0
2002,mhl,3625.0
2002,mrt,179392.0
2002,mus,57887.0
2002,mex,6287191.0
2002,fsm,7975.0
2002,mda,213124.0
2002,mng,185109.0
2002,mar,1998974.0
2002,moz,1303287.0
2002,mmr,2822961.0
2002,nam,145434.0
2002,npl,1692227.0
2002,nld,572802.0
2002,nzl,172552.0
2002,nic,385072.0
2002,ner,790571.0
2002,nga,9292387.0
2002,nor,169259.0
2002,omn,159503.0
2002,pak,11100240.0
2002,plw,925.0
2002,pan,174529.0
2002,png,364550.0
2002,pry,380692.0
2002,per,1652018.0
2002,phl,5228896.0
2002,pol,1760763.0
2002,prt,348134.0
2002,qat,27927.0
2002,rou,959368.0
2002,rus,7053948.0
2002,rwa,774636.0
2002,wsm,11382.0
2002,stp,10730.0
2002,sau,1381631.0
2002,sen,778061.0
2002,syc,4047.0
2002,sle,326774.0
2002,sgp,164046.0
2002,svk,240585.0
2002,svn,73628.0
2002,slb,29067.0
2002,som,490831.0
2002,zaf,2916216.0
2002,esp,1310971.0
2002,lka,1017412.0
2002,kna,2531.0
2002,lca,10082.0
2002,vct,8178.0
2002,sdn,2342360.0
2002,sur,27463.0
2002,swz,88655.0
2002,swe,335917.0
2002,che,253368.0
2002,syr,1317062.0
2002,tjk,489536.0
2002,tza,2533841.0
2002,tha,2941177.0
2002,tls,61199.0
2002,tgo,409350.0
2002,ton,6725.0
2002,tto,84552.0
2002,tun,628669.0
2002,tur,4019719.0
2002,tkm,330858.0
2002,uga,1922850.0
2002,ukr,2135058.0
2002,are,142542.0
2002,gbr,2266037.0
2002,usa,12358611.0
2002,ury,152902.0
2002,uzb,1842744.0
2002,vut,13773.0
2002,ven,1574629.0
2002,vnm,5441718.0
2002,pse,229567.0
2002,yem,1458877.0
2002,zmb,782011.0
2002,zwe,1029694.0
2003,afg,1566337.0
2003,alb,190436.0
2003,dza,2226479.0
2003,and,1961.0
2003,ago,1097440.0
2003,atg,4361.0
2003,arg,1993696.0
2003,arm,188419.0
2003,abw,4205.0
2003,aus,807985.0
2003,aut,282324.0
2003,aze,547632.0
2003,bhs,17259.0
2003,bhr,33620.0
2003,bgd,9696028.0
2003,brb,12722.0
2003,blr,454896.0
2003,bel,362549.0
2003,blz,17711.0
2003,ben,558690.0
2003,bmu,2330.0
2003,btn,45157.0
2003,bol,582990.0
2003,bih,154976.0
2003,bwa,131564.0
2003,bra,10240062.0
2003,brn,18105.0
2003,bgr,289638.0
2003,bfa,919706.0
2003,bdi,570163.0
2003,cpv,37808.0
2003,khm,1058721.0
2003,cmr,1224057.0
2003,can,1245348.0
2003,cym,1311.0
2003,caf,288348.0
2003,tcd,654730.0
2003,chl,871709.0
2003,chn,64796024.0
2003,col,2583384.0
2003,com,52215.0
2003,cod,3870805.0
2003,cog,237935.0
2003,cri,255174.0
2003,civ,1339259.0
2003,hrv,163846.0
2003,cub,499766.0
2003,cyp,32054.0
2003,cze,376816.0
2003,dnk,182738.0
2003,dji,55970.0
2003,dma,4252.0
2003,dom,556542.0
2003,ecu,799860.0
2003,egy,4667129.0
2003,slv,397338.0
2003,gnq,30573.0
2003,eri,302411.0
2003,est,59973.0
2003,eth,5297024.0
2003,fji,49481.0
2003,fin,190520.0
2003,fra,2242097.0
2003,gab,87131.0
2003,gmb,96599.0
2003,geo,228682.0
2003,deu,2743185.0
2003,gha,1505186.0
2003,grc,347838.0
2003,grd,7872.0
2003,gtm,859206.0
2003,gin,587218.0
2003,gnb,101942.0
2003,guy,41356.0
2003,hti,638694.0
2003,hnd,476575.0
2003,hkg,246252.0
2003,hun,365229.0
2003,isl,12889.0
2003,ind,66414697.0
2003,idn,12695624.0
2003,irn,5286099.0
2003,irq,1849564.0
2003,irl,171277.0
2003,isr,318964.0
2003,ita,1660861.0
2003,jam,164073.0
2003,jpn,3791155.0
2003,jor,342399.0
2003,kaz,915953.0
2003,ken,2514080.0
2003,kir,6102.0
2003,prk,1135778.0
2003,kor,1923721.0
2003,kwt,105473.0
2003,kgz,351513.0
2003,lao,414483.0
2003,lva,106102.0
2003,lbn,217534.0
2003,lso,150594.0
2003,lbr,232493.0
2003,lby,345981.0
2003,lie,1218.0
2003,ltu,159421.0
2003,lux,15498.0
2003,mac,24099.0
2003,mkd,94047.0
2003,mdg,1211997.0
2003,mwi,862404.0
2003,mys,1495141.0
2003,mdv,22929.0
2003,mli,796955.0
2003,mlt,16403.0
2003,mhl,3685.0
2003,mrt,183799.0
2003,mus,58740.0
2003,mex,6303863.0
2003,fsm,7896.0
2003,mda,208066.0
2003,mng,185563.0
2003,mar,1982800.0
2003,moz,1338073.0
2003,mmr,2813323.0
2003,nam,150795.0
2003,npl,1740512.0
2003,nld,579583.0
2003,nzl,176540.0
2003,nic,389316.0
2003,ner,818943.0
2003,nga,9532290.0
2003,nor,173399.0
2003,omn,161430.0
2003,pak,11342744.0
2003,plw,943.0
2003,pan,175980.0
2003,png,373481.0
2003,pry,384778.0
2003,per,1674427.0
2003,phl,5321118.0
2003,pol,1699353.0
2003,prt,341622.0
2003,qat,28211.0
2003,rou,932900.0
2003,rus,6751639.0
2003,rwa,773716.0
2003,wsm,11588.0
2003,stp,10693.0
2003,sau,1421347.0
2003,sen,796580.0
2003,syc,4414.0
2003,sle,342684.0
2003,sgp,171595.0
2003,svk,236053.0
2003,svn,71355.0
2003,slb,29665.0
2003,som,502624.0
2003,zaf,2925224.0
2003,esp,1294405.0
2003,lka,1009053.0
2003,kna,2567.0
2003,lca,10014.0
2003,vct,8044.0
2003,sdn,2388362.0
2003,sur,26459.0
2003,swz,89916.0
2003,swe,347209.0
2003,che,258100.0
2003,syr,1315933.0
2003,tjk,499685.0
2003,tza,2586092.0
2003,tha,2901331.0
2003,tls,64612.0
2003,tgo,419998.0
2003,ton,6703.0
2003,tto,81022.0
2003,tun,625163.0
2003,tur,4013975.0
2003,tkm,338567.0
2003,uga,1997430.0
2003,ukr,2067017.0
2003,are,139797.0
2003,gbr,2283231.0
2003,usa,12526139.0
2003,ury,154199.0
2003,uzb,1880920.0
2003,vut,14120.0
2003,ven,1589067.0
2003,vnm,5527923.0
2003,pse,238885.0
2003,yem,1510051.0
2003,zmb,799985.0
2003,zwe,1036621.0
2004,afg,1639621.0
2004,alb,189719.0
2004,dza,2207652.0
2004,and,2012.0
2004,ago,1134974.0
2004,atg,4443.0
2004,arg,2011532.0
2004,arm,184423.0
2004,abw,4349.0
2004,aus,814069.0
2004,aut,282381.0
2004,aze,549584.0
2004,bhs,17337.0
2004,bhr,34489.0
2004,bgd,9815473.0
2004,brb,12561.0
2004,blr,437219.0
2004,bel,364929.0
2004,blz,18005.0
2004,ben,573350.0
2004,bmu,2298.0
2004,btn,45930.0
2004,bol,596979.0
2004,bih,153411.0
2004,bwa,131625.0
2004,bra,10093463.0
2004,brn,18504.0
2004,bgr,280407.0
2004,bfa,948811.0
2004,bdi,584192.0
2004,cpv,38118.0
2004,khm,1062633.0
2004,cmr,1247599.0
2004,can,1256806.0
2004,cym,1352.0
2004,caf,295455.0
2004,tcd,678520.0
2004,chl,879396.0
2004,chn,64379728.0
2004,col,2609896.0
2004,com,52685.0
2004,cod,3982237.0
2004,cog,243141.0
2004,cri,256384.0
2004,civ,1355784.0
2004,hrv,161465.0
2004,cub,492052.0
2004,cyp,32446.0
2004,cze,374993.0
2004,dnk,188914.0
2004,dji,57097.0
2004,dma,4210.0
2004,dom,562672.0
2004,ecu,801117.0
2004,egy,4655198.0
2004,slv,402551.0
2004,gnq,31446.0
2004,eri,310176.0
2004,est,57677.0
2004,eth,5469926.0
2004,fji,49353.0
2004,fin,191272.0
2004,fra,2227136.0
2004,gab,88461.0
2004,gmb,99959.0
2004,geo,225196.0
2004,deu,2707396.0
2004,gha,1530531.0
2004,grc,338409.0
2004,grd,7928.0
2004,gtm,879560.0
2004,gin,597942.0
2004,gnb,105558.0
2004,guy,40691.0
2004,hti,638495.0
2004,hnd,485776.0
2004,hkg,245247.0
2004,hun,366794.0
2004,isl,13039.0
2004,ind,67318460.0
2004,idn,12626593.0
2004,irn,5186334.0
2004,irq,1895380.0
2004,irl,168550.0
2004,isr,321368.0
2004,ita,1656157.0
2004,jam,165645.0
2004,jpn,3705503.0
2004,jor,349459.0
2004,kaz,910307.0
2004,ken,2529487.0
2004,kir,6216.0
2004,prk,1141537.0
2004,kor,1913227.0
2004,kwt,107581.0
2004,kgz,353044.0
2004,lao,427671.0
2004,lva,102219.0
2004,lbn,218960.0
2004,lso,151150.0
2004,lbr,234983.0
2004,lby,333506.0
2004,ltu,157140.0
2004,lux,15871.0
2004,mac,23839.0
2004,mkd,93096.0
2004,mdg,1252113.0
2004,mwi,894967.0
2004,mys,1508286.0
2004,mdv,23032.0
2004,mli,821459.0
2004,mlt,16233.0
2004,mhl,3751.0
2004,mrt,188267.0
2004,mus,59717.0
2004,mex,6320308.0
2004,fsm,7831.0
2004,mda,201046.0
2004,mng,184371.0
2004,mar,1963221.0
2004,moz,1373661.0
2004,mmr,2797874.0
2004,nam,155488.0
2004,npl,1788765.0
2004,nld,585000.0
2004,nzl,179777.0
2004,nic,393146.0
2004,ner,849269.0
2004,nga,9768644.0
2004,nor,177249.0
2004,omn,163207.0
2004,pak,11529743.0
2004,plw,908.0
2004,pan,177384.0
2004,png,383137.0
2004,pry,388379.0
2004,per,1693622.0
2004,phl,5406116.0
2004,pol,1636045.0
2004,prt,336474.0
2004,qat,28515.0
2004,rou,901441.0
2004,rus,6396575.0
2004,rwa,765779.0
2004,wsm,11829.0
2004,stp,10699.0
2004,sau,1458706.0
2004,sen,814160.0
2004,syc,4268.0
2004,sle,357557.0
2004,sgp,178703.0
2004,svk,231076.0
2004,svn,69006.0
2004,slb,30300.0
2004,som,515903.0
2004,zaf,2934536.0
2004,esp,1280898.0
2004,lka,999311.0
2004,kna,2603.0
2004,lca,9917.0
2004,vct,7871.0
2004,sdn,2437862.0
2004,sur,25511.0
2004,swz,90809.0
2004,swe,355670.0
2004,che,262553.0
2004,syr,1312182.0
2004,tjk,507222.0
2004,tza,2636636.0
2004,tha,2860611.0
2004,tls,68151.0
2004,tgo,430586.0
2004,ton,6708.0
2004,tto,77165.0
2004,tun,618324.0
2004,tur,4015127.0
2004,tkm,343607.0
2004,uga,2072368.0
2004,ukr,1987189.0
2004,are,137292.0
2004,gbr,2292512.0
2004,usa,12659378.0
2004,ury,155456.0
2004,uzb,1905938.0
2004,vut,14449.0
2004,ven,1600242.0
2004,vnm,5577677.0
2004,pse,248430.0
2004,yem,1558982.0
2004,zmb,818668.0
2004,zwe,1041106.0
2005,afg,1715829.0
2005,alb,187937.0
2005,dza,2176855.0
2005,and,2208.0
2005,ago,1169596.0
2005,atg,4525.0
2005,arg,2025821.0
2005,arm,178618.0
2005,abw,4380.0
2005,aus,818581.0
2005,aut,282153.0
2005,aze,546162.0
2005,bhs,17474.0
2005,bhr,35226.0
2005,bgd,9913861.0
2005,brb,12375.0
2005,blr,417362.0
2005,bel,366380.0
2005,blz,18327.0
2005,ben,588594.0
2005,bmu,2286.0
2005,btn,46373.0
2005,bol,609749.0
2005,bih,151900.0
2005,bwa,131544.0
2005,bra,9978306.0
2005,brn,18864.0
2005,bgr,269673.0
2005,bfa,978427.0
2005,bdi,596268.0
2005,cpv,38282.0
2005,khm,1065074.0
2005,cmr,1268044.0
2005,can,1262851.0
2005,cym,1535.0
2005,caf,302446.0
2005,tcd,701996.0
2005,chl,882471.0
2005,chn,63600833.0
2005,col,2633007.0
2005,com,53403.0
2005,cod,4097171.0
2005,cog,248322.0
2005,cri,256483.0
2005,civ,1372256.0
2005,hrv,159176.0
2005,cub,482914.0
2005,cyp,32669.0
2005,cze,369614.0
2005,dnk,194246.0
2005,dji,58024.0
2005,dma,4233.0
2005,dom,569030.0
2005,ecu,803099.0
2005,egy,4638577.0
2005,slv,407969.0
2005,gnq,32342.0
2005,eri,316928.0
2005,est,54963.0
2005,eth,5641556.0
2005,fji,49435.0
2005,fin,191642.0
2005,fra,2213114.0
2005,gab,89431.0
2005,gmb,103394.0
2005,geo,219663.0
2005,deu,2667611.0
2005,gha,1552596.0
2005,grc,330601.0
2005,grd,7984.0
2005,gtm,900727.0
2005,gin,608939.0
2005,gnb,109262.0
2005,guy,40494.0
2005,hti,639313.0
2005,hnd,494224.0
2005,hkg,244547.0
2005,hun,365668.0
2005,isl,13159.0
2005,ind,68120936.0
2005,idn,12564764.0
2005,irn,5046561.0
2005,irq,1939848.0
2005,irl,166336.0
2005,isr,324460.0
2005,ita,1650841.0
2005,jam,166753.0
2005,jpn,3638750.0
2005,jor,357461.0
2005,kaz,893909.0
2005,ken,2544179.0
2005,kir,6237.0
2005,prk,1151316.0
2005,kor,1910936.0
2005,kwt,109855.0
2005,kgz,352695.0
2005,lao,438509.0
2005,lva,97289.0
2005,lbn,220853.0
2005,lso,151746.0
2005,lbr,240098.0
2005,lby,324397.0
2005,ltu,153565.0
2005,lux,16234.0
2005,mac,23302.0
2005,mkd,91829.0
2005,mdg,1293392.0
2005,mwi,930459.0
2005,mys,1520058.0
2005,mdv,22961.0
2005,mli,847443.0
2005,mlt,16040.0
2005,mhl,3990.0
2005,mrt,192784.0
2005,mus,60571.0
2005,mex,6335809.0
2005,fsm,7788.0
2005,mda,192437.0
2005,mng,181253.0
2005,mar,1942925.0
2005,moz,1409198.0
2005,mmr,2777744.0
2005,nam,159192.0
2005,npl,1835865.0
2005,nld,588771.0
2005,nzl,181830.0
2005,nic,396387.0
2005,ner,881724.0
2005,nga,10002226.0
2005,nor,180546.0
2005,omn,164841.0
2005,pak,11663343.0
2005,plw,1060.0
2005,pan,178837.0
2005,png,393780.0
2005,pry,391801.0
2005,per,1706858.0
2005,phl,5479786.0
2005,pol,1573316.0
2005,prt,332465.0
2005,qat,28964.0
2005,rou,864557.0
2005,rus,6012971.0
2005,rwa,756296.0
2005,wsm,12116.0
2005,stp,10759.0
2005,sau,1490744.0
2005,sen,830840.0
2005,syc,4169.0
2005,sle,370169.0
2005,sgp,184903.0
2005,svk,225331.0
2005,svn,66629.0
2005,slb,30982.0
2005,som,530930.0
2005,zaf,2945272.0
2005,esp,1266540.0
2005,lka,986763.0
2005,kna,2638.0
2005,lca,9792.0
2005,vct,7666.0
2005,sdn,2492359.0
2005,sur,24819.0
2005,swz,91321.0
2005,swe,359650.0
2005,che,266176.0
2005,syr,1307982.0
2005,tjk,511926.0
2005,tza,2685781.0
2005,tha,2822436.0
2005,tls,71660.0
2005,tgo,441365.0
2005,ton,6747.0
2005,tto,73350.0
2005,tun,607989.0
2005,tur,4025350.0
2005,tkm,345001.0
2005,uga,2146551.0
2005,ukr,1898329.0
2005,are,136364.0
2005,gbr,2292962.0
2005,usa,12751122.0
2005,ury,156392.0
2005,uzb,1914118.0
2005,vut,14759.0
2005,ven,1607937.0
2005,vnm,5577746.0
2005,pse,258294.0
2005,yem,1605054.0
2005,zmb,838292.0
2005,zwe,1043320.0
2006,afg,1795108.0
2006,alb,184994.0
2006,dza,2133989.0
2006,and,2201.0
2006,ago,1200754.0
2006,atg,4607.0
2006,arg,2036158.0
2006,arm,170918.0
2006,abw,4413.0
2006,aus,821400.0
2006,aut,281709.0
2006,aze,537213.0
2006,bhs,17686.0
2006,bhr,35820.0
2006,bgd,9989092.0
2006,brb,12167.0
2006,blr,395339.0
2006,bel,366739.0
2006,blz,18677.0
2006,ben,604581.0
2006,btn,46446.0
2006,bol,621079.0
2006,bih,150379.0
2006,bwa,131366.0
2006,bra,9901397.0
2006,brn,19182.0
2006,bgr,257193.0
2006,bfa,1008508.0
2006,bdi,606383.0
2006,cpv,38292.0
2006,khm,1067229.0
2006,cmr,1284905.0
2006,can,1262997.0
2006,cym,1507.0
2006,caf,309305.0
2006,tcd,724935.0
2006,chl,880676.0
2006,chn,62422331.0
2006,col,2652272.0
2006,com,54411.0
2006,cod,4215777.0
2006,cog,253438.0
2006,cri,255428.0
2006,civ,1389211.0
2006,hrv,157035.0
2006,cub,472273.0
2006,cyp,32382.0
2006,cze,359999.0
2006,dnk,198492.0
2006,dji,58736.0
2006,dom,575606.0
2006,ecu,805959.0
2006,egy,4617569.0
2006,slv,413523.0
2006,gnq,33263.0
2006,eri,322369.0
2006,est,51794.0
2006,eth,5811606.0
2006,fji,49771.0
2006,fin,191639.0
2006,fra,2199817.0
2006,gab,90017.0
2006,gmb,106898.0
2006,geo,211857.0
2006,deu,2624397.0
2006,gha,1571037.0
2006,grc,324677.0
2006,grd,7808.0
2006,gtm,922745.0
2006,gin,620261.0
2006,gnb,113043.0
2006,guy,40813.0
2006,hti,641604.0
2006,hnd,501900.0
2006,hkg,244312.0
2006,hun,361269.0
2006,isl,13242.0
2006,ind,68815996.0
2006,idn,12512217.0
2006,irn,4868058.0
2006,irq,1982260.0
2006,irl,164687.0
2006,isr,328301.0
2006,ita,1644007.0
2006,jam,167318.0
2006,jpn,3592255.0
2006,jor,366641.0
2006,kaz,865552.0
2006,ken,2558543.0
2006,kir,6299.0
2006,prk,1166423.0
2006,kor,1918809.0
2006,kwt,112288.0
2006,kgz,350436.0
2006,lao,446786.0
2006,lva,91217.0
2006,lbn,223343.0
2006,lso,152425.0
2006,lbr,248392.0
2006,lby,319358.0
2006,ltu,148590.0
2006,lux,16585.0
2006,mac,22479.0
2006,mkd,90231.0
2006,mdg,1335777.0
2006,mwi,968977.0
2006,mys,1530703.0
2006,mdv,22715.0
2006,mli,875146.0
2006,mlt,15829.0
2006,mhl,3939.0
2006,mrt,197326.0
2006,mus,61274.0
2006,mex,6350746.0
2006,fsm,7773.0
2006,mda,205173.0
2006,mng,175988.0
2006,mar,1923074.0
2006,moz,1444017.0
2006,mmr,2753027.0
2006,nam,161819.0
2006,npl,1881903.0
2006,nld,590503.0
2006,nzl,182502.0
2006,nic,399116.0
2006,ner,916364.0
2006,nga,10232823.0
2006,nor,183182.0
2006,omn,166391.0
2006,pak,11743128.0
2006,plw,1084.0
2006,pan,180326.0
2006,png,405414.0
2006,pry,395135.0
2006,per,1713612.0
2006,phl,5540149.0
2006,pol,1512686.0
2006,prt,329586.0
2006,qat,29603.0
2006,rou,821219.0
2006,rus,5602280.0
2006,rwa,745873.0
2006,wsm,12444.0
2006,stp,10886.0
2006,sau,1516806.0
2006,sen,846484.0
2006,sle,379931.0
2006,sgp,190131.0
2006,svk,218804.0
2006,svn,64231.0
2006,slb,31714.0
2006,som,547525.0
2006,zaf,2958141.0
2006,esp,1250255.0
2006,lka,970913.0
2006,lca,9638.0
2006,vct,7428.0
2006,sdn,2552672.0
2006,sur,24439.0
2006,swz,91442.0
2006,swe,358523.0
2006,che,268899.0
2006,syr,1303867.0
2006,tjk,513514.0
2006,tza,2732581.0
2006,tha,2787423.0
2006,tls,75122.0
2006,tgo,452353.0
2006,ton,6831.0
2006,tto,69675.0
2006,tun,594013.0
2006,tur,4047113.0
2006,tkm,342372.0
2006,uga,2219776.0
2006,ukr,1800731.0
2006,are,137452.0
2006,gbr,2283907.0
2006,usa,12797989.0
2006,ury,156940.0
2006,uzb,1903913.0
2006,vut,15050.0
2006,ven,1611898.0
2006,vnm,5522555.0
2006,pse,268414.0
2006,yem,1648268.0
2006,zmb,858891.0
2006,zwe,1043457.0
2007,afg,1877603.0
2007,alb,180972.0
2007,dza,2081172.0
2007,ago,1229179.0
2007,arg,2043434.0
2007,arm,161550.0
2007,abw,4411.0
2007,aus,822528.0
2007,aut,280978.0
2007,aze,523150.0
2007,bhs,17956.0
2007,bhr,36292.0
2007,bgd,10043680.0
2007,brb,11931.0
2007,blr,371480.0
2007,bel,366117.0
2007,blz,19049.0
2007,ben,621229.0
2007,btn,46166.0
2007,bol,631056.0
2007,bih,148690.0
2007,bwa,131098.0
2007,bra,9859695.0
2007,brn,19465.0
2007,bgr,243338.0
2007,bfa,1039066.0
2007,bdi,614888.0
2007,cpv,38176.0
2007,khm,1068380.0
2007,cmr,1298788.0
2007,can,1257967.0
2007,caf,316028.0
2007,tcd,747517.0
2007,chl,874234.0
2007,chn,60847987.0
2007,col,2667959.0
2007,com,55674.0
2007,cod,4339335.0
2007,cog,258538.0
2007,cri,253309.0
2007,civ,1406341.0
2007,hrv,155081.0
2007,cub,459788.0
2007,cyp,37060.0
2007,cze,347026.0
2007,dnk,201731.0
2007,dji,59235.0
2007,dom,582340.0
2007,ecu,809555.0
2007,egy,4592869.0
2007,slv,419247.0
2007,gnq,34204.0
2007,eri,326873.0
2007,est,48236.0
2007,eth,5979699.0
2007,fji,50328.0
2007,fin,191345.0
2007,fra,2186988.0
2007,gab,90251.0
2007,gmb,110456.0
2007,geo,202100.0
2007,deu,2577394.0
2007,gha,1586321.0
2007,grc,320584.0
2007,grd,7760.0
2007,gtm,945557.0
2007,gin,632016.0
2007,gnb,116922.0
2007,guy,41575.0
2007,hti,645082.0
2007,hnd,508835.0
2007,hkg,244458.0
2007,hun,354269.0
2007,isl,13295.0
2007,ind,69409436.0
2007,idn,12469055.0
2007,irn,4657172.0
2007,irq,2022615.0
2007,irl,163644.0
2007,isr,332837.0
2007,ita,1636138.0
2007,jam,167385.0
2007,jpn,3563012.0
2007,jor,376842.0
2007,kaz,827242.0
2007,ken,2573400.0
2007,prk,1184582.0
2007,kor,1934694.0
2007,kwt,114696.0
2007,kgz,346369.0
2007,lao,452626.0
2007,lva,84162.0
2007,lbn,226306.0
2007,lso,153145.0
2007,lbr,259206.0
2007,lby,318032.0
2007,ltu,142369.0
2007,lux,16924.0
2007,mac,21390.0
2007,mkd,88354.0
2007,mdg,1379027.0
2007,mwi,1010168.0
2007,mys,1540097.0
2007,mdv,22314.0
2007,mli,904382.0
2007,mlt,15600.0
2007,mrt,201898.0
2007,mus,61877.0
2007,mex,6363974.0
2007,fsm,7783.0
2007,mda,192289.0
2007,mng,168876.0
2007,mar,1903417.0
2007,moz,1478533.0
2007,mmr,2723795.0
2007,nam,163424.0
2007,npl,1926464.0
2007,nld,590257.0
2007,nzl,181940.0
2007,nic,401338.0
2007,ner,953118.0
2007,nga,10460392.0
2007,nor,185151.0
2007,omn,167842.0
2007,pak,11769689.0
2007,pan,181822.0
2007,png,417778.0
2007,pry,398336.0
2007,per,1714689.0
2007,phl,5589401.0
2007,pol,1454479.0
2007,prt,327831.0
2007,qat,30383.0
2007,rou,772789.0
2007,rus,5170197.0
2007,rwa,733596.0
2007,wsm,12800.0
2007,stp,11079.0
2007,sau,1537823.0
2007,sen,861257.0
2007,sle,387318.0
2007,sgp,194301.0
2007,svk,211699.0
2007,svn,61854.0
2007,slb,32485.0
2007,som,565484.0
2007,zaf,2972814.0
2007,esp,1233556.0
2007,lka,952628.0
2007,lca,9462.0
2007,vct,7161.0
2007,sdn,2617636.0
2007,sur,24313.0
2007,swz,91192.0
2007,swe,352937.0
2007,che,270788.0
2007,syr,1299954.0
2007,tjk,512199.0
2007,tza,2778280.0
2007,tha,2754695.0
2007,tls,78543.0
2007,tgo,463480.0
2007,ton,6953.0
2007,tto,66127.0
2007,tun,576921.0
2007,tur,4078507.0
2007,tkm,336229.0
2007,uga,2292416.0
2007,ukr,1695968.0
2007,are,140171.0
2007,gbr,2265964.0
2007,usa,12804175.0
2007,ury,157157.0
2007,uzb,1877458.0
2007,vut,15323.0
2007,ven,1612648.0
2007,vnm,5419464.0
2007,pse,278702.0
2007,yem,1688795.0
2007,zmb,880291.0
2007,zwe,1041657.0
2008,afg,1961022.0
2008,alb,176209.0
2008,dza,2022478.0
2008,ago,1255973.0
2008,arg,2047216.0
2008,arm,151131.0
2008,abw,4385.0
2008,aus,822055.0
2008,aut,279733.0
2008,aze,504601.0
2008,bhs,18226.0
2008,bhr,36642.0
2008,bgd,10085734.0
2008,brb,11680.0
2008,blr,347433.0
2008,bel,364669.0
2008,blz,19423.0
2008,ben,638380.0
2008,btn,45594.0
2008,bol,639784.0
2008,bih,146902.0
2008,bwa,130729.0
2008,bra,9851970.0
2008,brn,19715.0
2008,bgr,229244.0
2008,bfa,1069940.0
2008,bdi,622340.0
2008,cpv,38008.0
2008,khm,1067308.0
2008,cmr,1311542.0
2008,can,1248388.0
2008,caf,322521.0
2008,tcd,770195.0
2008,chl,863819.0
2008,chn,59041663.0
2008,col,2679687.0
2008,com,57142.0
2008,cod,4468978.0
2008,cog,263784.0
2008,cri,250512.0
2008,civ,1423563.0
2008,hrv,153122.0
2008,cub,446504.0
2008,cyp,36553.0
2008,cze,331996.0
2008,dnk,203944.0
2008,dji,59557.0
2008,dom,589076.0
2008,ecu,813659.0
2008,egy,4571494.0
2008,slv,424793.0
2008,gnq,35156.0
2008,eri,331285.0
2008,est,44629.0
2008,eth,6143087.0
2008,fji,50981.0
2008,fin,190623.0
2008,fra,2176948.0
2008,gab,90226.0
2008,gmb,114038.0
2008,geo,191187.0
2008,deu,2529297.0
2008,gha,1599758.0
2008,grc,317866.0
2008,grd,7703.0
2008,gtm,968822.0
2008,gin,644596.0
2008,gnb,120907.0
2008,guy,42614.0
2008,hti,649439.0
2008,hnd,514876.0
2008,hkg,244453.0
2008,hun,345351.0
2008,isl,13308.0
2008,ind,69896149.0
2008,idn,12437651.0
2008,irn,4426712.0
2008,irq,2062258.0
2008,irl,163259.0
2008,isr,338092.0
2008,ita,1627655.0
2008,jam,167026.0
2008,jpn,3546676.0
2008,jor,387200.0
2008,kaz,783366.0
2008,ken,2593433.0
2008,prk,1201430.0
2008,kor,1949152.0
2008,kwt,117098.0
2008,kgz,340820.0
2008,lao,455909.0
2008,lva,76799.0
2008,lbn,229246.0
2008,lso,153873.0
2008,lbr,271724.0
2008,lby,319811.0
2008,ltu,135350.0
2008,lux,17230.0
2008,mac,20121.0
2008,mkd,86251.0
2008,mdg,1422467.0
2008,mwi,1052529.0
2008,mys,1548331.0
2008,mdv,21786.0
2008,mli,934365.0
2008,mlt,15349.0
2008,mrt,206531.0
2008,mus,62281.0
2008,mex,6371506.0
2008,fsm,7812.0
2008,mda,179103.0
2008,mng,160801.0
2008,mar,1883562.0
2008,moz,1514237.0
2008,mmr,2691277.0
2008,nam,164025.0
2008,npl,1967354.0
2008,nld,588789.0
2008,nzl,180485.0
2008,nic,402757.0
2008,ner,991845.0
2008,nga,10686129.0
2008,nor,186437.0
2008,omn,169040.0
2008,pak,11748693.0
2008,pan,183393.0
2008,png,430540.0
2008,pry,401401.0
2008,per,1710364.0
2008,phl,5632741.0
2008,pol,1398512.0
2008,prt,326939.0
2008,qat,31239.0
2008,rou,724165.0
2008,rus,4750767.0
2008,rwa,721781.0
2008,wsm,13164.0
2008,stp,11311.0
2008,sau,1554369.0
2008,sen,875848.0
2008,sle,393453.0
2008,sgp,196926.0
2008,svk,204194.0
2008,svn,59598.0
2008,slb,33273.0
2008,som,585031.0
2008,zaf,2988052.0
2008,esp,1218204.0
2008,lka,933473.0
2008,lca,9274.0
2008,vct,6890.0
2008,sdn,2684304.0
2008,sur,24376.0
2008,swz,90630.0
2008,swe,344126.0
2008,che,271614.0
2008,syr,1297506.0
2008,tjk,508926.0
2008,tza,2827963.0
2008,tha,2724458.0
2008,tls,81836.0
2008,tgo,474835.0
2008,ton,7082.0
2008,tto,62842.0
2008,tun,558090.0
2008,tur,4111937.0
2008,tkm,327637.0
2008,uga,2364691.0
2008,ukr,1589802.0
2008,are,144050.0
2008,gbr,2241300.0
2008,usa,12780025.0
2008,ury,157040.0
2008,uzb,1839496.0
2008,vut,15579.0
2008,ven,1611743.0
2008,vnm,5284522.0
2008,pse,289201.0
2008,yem,1726474.0
2008,zmb,902260.0
2008,zwe,1038011.0
2009,afg,2042474.0
2009,alb,171171.0
2009,dza,1963340.0
2009,ago,1282810.0
2009,arg,2047249.0
2009,arm,140496.0
2009,abw,4354.0
2009,aus,820163.0
2009,aut,277669.0
2009,aze,482502.0
2009,bhs,18420.0
2009,bhr,36883.0
2009,bgd,10126441.0
2009,brb,11431.0
2009,blr,325279.0
2009,bel,362671.0
2009,blz,19773.0
2009,ben,655778.0
2009,btn,44833.0
2009,bol,647486.0
2009,bih,145108.0
2009,bwa,130227.0
2009,bra,9873407.0
2009,brn,19936.0
2009,bgr,216453.0
2009,bfa,1100958.0
2009,bdi,629504.0
2009,cpv,37893.0
2009,khm,1062026.0
2009,cmr,1325703.0
2009,can,1235358.0
2009,caf,328682.0
2009,tcd,793638.0
2009,chl,850422.0
2009,chn,57223728.0
2009,col,2687201.0
2009,com,58727.0
2009,cod,4606185.0
2009,cog,269399.0
2009,cri,247540.0
2009,civ,1440524.0
2009,hrv,150899.0
2009,cub,433729.0
2009,cyp,35901.0
2009,cze,316901.0
2009,dnk,205223.0
2009,dji,59754.0
2009,dom,595620.0
2009,ecu,817909.0
2009,egy,4562051.0
2009,slv,429755.0
2009,gnq,36108.0
2009,eri,336813.0
2009,est,41413.0
2009,eth,6298487.0
2009,fji,51553.0
2009,fin,189316.0
2009,fra,2172594.0
2009,gab,90076.0
2009,gmb,117612.0
2009,geo,180242.0
2009,deu,2483197.0
2009,gha,1613170.0
2009,grc,315845.0
2009,grd,7620.0
2009,gtm,992093.0
2009,gin,658476.0
2009,gnb,125020.0
2009,guy,43689.0
2009,hti,654081.0
2009,hnd,519864.0
2009,hkg,243576.0
2009,hun,335669.0
2009,isl,13273.0
2009,ind,70273608.0
2009,idn,12419996.0
2009,irn,4193156.0
2009,irq,2103083.0
2009,irl,163577.0
2009,isr,344047.0
2009,ita,1619499.0
2009,jam,166361.0
2009,jpn,3536912.0
2009,jor,396547.0
2009,kaz,740125.0
2009,ken,2624373.0
2009,prk,1210846.0
2009,kor,1949584.0
2009,kwt,119504.0
2009,kgz,334236.0
2009,lao,456608.0
2009,lva,70027.0
2009,lbn,231481.0
2009,lso,154538.0
2009,lbr,284656.0
2009,lby,323601.0
2009,ltu,128155.0
2009,lux,17484.0
2009,mac,18787.0
2009,mkd,84002.0
2009,mdg,1465248.0
2009,mwi,1094102.0
2009,mys,1555413.0
2009,mdv,21171.0
2009,mli,964022.0
2009,mlt,15066.0
2009,mrt,211272.0
2009,mus,62383.0
2009,mex,6368199.0
2009,fsm,7852.0
2009,mda,166722.0
2009,mng,152982.0
2009,mar,1862588.0
2009,moz,1553241.0
2009,mmr,2657015.0
2009,nam,163688.0
2009,npl,2001822.0
2009,nld,587191.0
2009,nzl,178665.0
2009,nic,402969.0
2009,ner,1032328.0
2009,nga,10911594.0
2009,nor,187068.0
2009,omn,169770.0
2009,pak,11688002.0
2009,pan,185126.0
2009,png,443255.0
2009,pry,404296.0
2009,per,1701331.0
2009,phl,5677626.0
2009,pol,1344031.0
2009,prt,326588.0
2009,qat,32069.0
2009,rou,681932.0
2009,rus,4386196.0
2009,rwa,713022.0
2009,wsm,13508.0
2009,stp,11553.0
2009,sau,1567543.0
2009,sen,891191.0
2009,sle,400006.0
2009,sgp,197424.0
2009,svk,196537.0
2009,svn,57599.0
2009,slb,34046.0
2009,som,606466.0
2009,zaf,3002008.0
2009,esp,1206950.0
2009,lka,915660.0
2009,lca,9085.0
2009,vct,6644.0
2009,sdn,2748573.0
2009,sur,24514.0
2009,swz,89843.0
2009,swe,333959.0
2009,che,271137.0
2009,syr,1297889.0
2009,tjk,505008.0
2009,tza,2888354.0
2009,tha,2696652.0
2009,tls,84906.0
2009,tgo,486511.0
2009,ton,7179.0
2009,tto,59956.0
2009,tun,539372.0
2009,tur,4136852.0
2009,tkm,318136.0
2009,uga,2437031.0
2009,ukr,1489507.0
2009,are,148297.0
2009,gbr,2213022.0
2009,usa,12740482.0
2009,ury,156626.0
2009,uzb,1796854.0
2009,vut,15821.0
2009,ven,1611275.0
2009,vnm,5140873.0
2009,pse,299972.0
2009,yem,1761163.0
2009,zmb,924476.0
2009,zwe,1032598.0
2010,afg,2119892.0
2010,alb,166234.0
2010,dza,1908209.0
2010,ago,1310996.0
2010,arg,2043538.0
2010,arm,130316.0
2010,abw,4333.0
2010,aus,817077.0
2010,aut,274613.0
2010,aze,457832.0
2010,bhs,18484.0
2010,bhr,37026.0
2010,bgd,10173997.0
2010,brb,11192.0
2010,blr,306537.0
2010,bel,360348.0
2010,blz,20078.0
2010,ben,673246.0
2010,btn,43961.0
2010,bol,654357.0
2010,bih,143355.0
2010,bwa,129588.0
2010,bra,9919173.0
2010,brn,20137.0
2010,bgr,206083.0
2010,bfa,1132023.0
2010,bdi,637113.0
2010,cpv,37905.0
2010,khm,1051417.0
2010,cmr,1343069.0
2010,can,1219915.0
2010,caf,334438.0
2010,tcd,818306.0
2010,chl,834975.0
2010,chn,55558857.0
2010,col,2690361.0
2010,com,60361.0
2010,cod,4752133.0
2010,cog,275526.0
2010,cri,244786.0
2010,civ,1456997.0
2010,hrv,148247.0
2010,cub,422395.0
2010,cyp,35120.0
2010,cze,303269.0
2010,dnk,205662.0
2010,dji,59867.0
2010,dom,601810.0
2010,ecu,821978.0
2010,egy,4570454.0
2010,slv,433837.0
2010,gnq,37050.0
2010,eri,344322.0
2010,est,38909.0
2010,eth,6443782.0
2010,fji,51913.0
2010,fin,187351.0
2010,fra,2175757.0
2010,gab,89903.0
2010,gmb,121148.0
2010,geo,170122.0
2010,deu,2441276.0
2010,gha,1627891.0
2010,grc,314009.0
2010,grd,7498.0
2010,gtm,1015023.0
2010,gin,673965.0
2010,gnb,129283.0
2010,guy,44609.0
2010,hti,658568.0
2010,hnd,523724.0
2010,hkg,241352.0
2010,hun,326128.0
2010,isl,13190.0
2010,ind,70543849.0
2010,idn,12416938.0
2010,irn,3970511.0
2010,irq,2146230.0
2010,irl,164618.0
2010,isr,350642.0
2010,ita,1612399.0
2010,jam,165493.0
2010,jpn,3528631.0
2010,jor,404062.0
2010,kaz,702328.0
2010,ken,2670233.0
2010,prk,1208617.0
2010,kor,1927448.0
2010,kwt,121923.0
2010,kgz,327037.0
2010,lao,454827.0
2010,lva,64504.0
2010,lbn,232544.0
2010,lso,155093.0
2010,lbr,297069.0
2010,lby,328550.0
2010,ltu,121269.0
2010,lux,17671.0
2010,mac,17480.0
2010,mkd,81675.0
2010,mdg,1506717.0
2010,mwi,1133422.0
2010,mys,1561410.0
2010,mdv,20507.0
2010,mli,992641.0
2010,mlt,14746.0
2010,mrt,216143.0
2010,mus,62119.0
2010,mex,6350662.0
2010,fsm,7891.0
2010,mda,155957.0
2010,mng,146325.0
2010,mar,1840058.0
2010,moz,1596859.0
2010,mmr,2622309.0
2010,nam,162513.0
2010,npl,2028081.0
2010,nld,586232.0
2010,nzl,176885.0
2010,nic,401756.0
2010,ner,1074369.0
2010,nga,11137891.0
2010,nor,187095.0
2010,omn,169898.0
2010,pak,11595844.0
2010,pan,187066.0
2010,png,455532.0
2010,pry,406992.0
2010,per,1688398.0
2010,phl,5729437.0
2010,pol,1290704.0
2010,prt,326522.0
2010,qat,32803.0
2010,rou,650668.0
2010,rus,4106442.0
2010,rwa,709272.0
2010,wsm,13813.0
2010,stp,11784.0
2010,sau,1578351.0
2010,sen,907941.0
2010,sle,408183.0
2010,sgp,195455.0
2010,svk,188953.0
2010,svn,55943.0
2010,slb,34777.0
2010,som,629886.0
2010,zaf,3013336.0
2010,esp,1201765.0
2010,lka,900766.0
2010,lca,8910.0
2010,vct,6443.0
2010,sdn,2807423.0
2010,sur,24649.0
2010,swz,88908.0
2010,swe,323936.0
2010,che,269237.0
2010,syr,1302074.0
2010,tjk,501436.0
2010,tza,2963898.0
2010,tha,2671275.0
2010,tls,87693.0
2010,tgo,498560.0
2010,ton,7216.0
2010,tto,57558.0
2010,tun,522207.0
2010,tur,4145920.0
2010,tkm,308945.0
2010,uga,2509921.0
2010,ukr,1400596.0
2010,are,152334.0
2010,gbr,2183750.0
2010,usa,12697842.0
2010,ury,155949.0
2010,uzb,1754978.0
2010,vut,16057.0
2010,ven,1612774.0
2010,vnm,5006496.0
2010,pse,311016.0
2010,yem,1793012.0
2010,zmb,946641.0
2010,zwe,1025593.0
2011,afg,2192466.0
2011,alb,161488.0
2011,dza,1857884.0
2011,ago,1340684.0
2011,arg,2035637.0
2011,arm,120771.0
2011,abw,4328.0
2011,aus,812759.0
2011,aut,270448.0
2011,aze,430644.0
2011,bhs,18402.0
2011,bhr,37053.0
2011,bgd,10230836.0
2011,brb,10968.0
2011,blr,291867.0
2011,bel,357707.0
2011,blz,20335.0
2011,ben,690700.0
2011,btn,43010.0
2011,bol,660331.0
2011,bih,141760.0
2011,bwa,128814.0
2011,bra,9990828.0
2011,brn,20311.0
2011,bgr,198473.0
2011,bfa,1162950.0
2011,bdi,645226.0
2011,cpv,38070.0
2011,khm,1035099.0
2011,cmr,1364116.0
2011,can,1201966.0
2011,caf,339766.0
2011,tcd,844347.0
2011,chl,817586.0
2011,chn,54122130.0
2011,col,2689055.0
2011,com,62033.0
2011,cod,4906804.0
2011,cog,282182.0
2011,cri,242394.0
2011,civ,1473089.0
2011,hrv,145104.0
2011,cub,413049.0
2011,cyp,34200.0
2011,cze,291258.0
2011,dnk,205175.0
2011,dji,59907.0
2011,dom,607583.0
2011,ecu,825933.0
2011,egy,4599955.0
2011,slv,436873.0
2011,gnq,37982.0
2011,eri,353973.0
2011,est,37244.0
2011,eth,6577696.0
2011,fji,52027.0
2011,fin,184617.0
2011,fra,2187463.0
2011,gab,89738.0
2011,gmb,124629.0
2011,geo,161055.0
2011,deu,2405403.0
2011,gha,1644303.0
2011,grc,312198.0
2011,grd,7333.0
2011,gtm,1037426.0
2011,gin,691222.0
2011,gnb,133684.0
2011,guy,45339.0
2011,hti,662928.0
2011,hnd,526365.0
2011,hkg,237560.0
2011,hun,316745.0
2011,isl,13050.0
2011,ind,70700188.0
2011,idn,12429253.0
2011,irn,3761017.0
2011,irq,2192598.0
2011,irl,166367.0
2011,isr,357920.0
2011,ita,1605809.0
2011,jam,164424.0
2011,jpn,3520767.0
2011,jor,409422.0
2011,kaz,670828.0
2011,ken,2732589.0
2011,prk,1193568.0
2011,kor,1878887.0
2011,kwt,124354.0
2011,kgz,319277.0
2011,lao,450432.0
2011,lva,60477.0
2011,lbn,232270.0
2011,lso,155549.0
2011,lbr,308751.0
2011,lby,334537.0
2011,ltu,114841.0
2011,lux,17786.0
2011,mac,16235.0
2011,mkd,79278.0
2011,mdg,1546620.0
2011,mwi,1169965.0
2011,mys,1566318.0
2011,mdv,19800.0
2011,mli,1019871.0
2011,mlt,14390.0
2011,mrt,221140.0
2011,mus,61429.0
2011,mex,6317041.0
2011,fsm,7929.0
2011,mda,147200.0
2011,mng,141129.0
2011,mar,1815959.0
2011,moz,1645471.0
2011,mmr,2587662.0
2011,nam,160475.0
2011,npl,2045287.0
2011,nld,586159.0
2011,nzl,175213.0
2011,nic,398967.0
2011,ner,1117948.0
2011,nga,11364914.0
2011,nor,186479.0
2011,omn,169409.0
2011,pak,11475553.0
2011,pan,189255.0
2011,png,467330.0
2011,pry,409520.0
2011,per,1671264.0
2011,phl,5788994.0
2011,pol,1238525.0
2011,prt,326597.0
2011,qat,33417.0
2011,rou,632404.0
2011,rus,3925544.0
2011,rwa,711628.0
2011,wsm,14073.0
2011,stp,11995.0
2011,sau,1586576.0
2011,sen,926263.0
2011,sle,418325.0
2011,sgp,190802.0
2011,svk,181445.0
2011,svn,54675.0
2011,slb,35455.0
2011,som,655442.0
2011,zaf,3021538.0
2011,esp,1202581.0
2011,lka,889354.0
2011,lca,8746.0
2011,vct,6297.0
2011,sdn,2859882.0
2011,sur,24772.0
2011,swz,87841.0
2011,swe,314208.0
2011,che,265783.0
2011,syr,1310593.0
2011,tjk,498596.0
2011,tza,3056266.0
2011,tha,2648363.0
2011,tls,90154.0
2011,tgo,511001.0
2011,ton,7183.0
2011,tto,55731.0
2011,tun,506994.0
2011,tur,4136495.0
2011,tkm,300297.0
2011,uga,2583196.0
2011,ukr,1325046.0
2011,are,156039.0
2011,gbr,2153925.0
2011,usa,12653801.0
2011,ury,154985.0
2011,uzb,1714874.0
2011,vut,16283.0
2011,ven,1616779.0
2011,vnm,4884888.0
2011,pse,322390.0
2011,yem,1821798.0
2011,zmb,968761.0
2011,zwe,1017086.0
2012,afg,2260687.0
2012,alb,156943.0
2012,dza,1812932.0
2012,ago,1371711.0
2012,arg,2023977.0
2012,arm,111907.0
2012,abw,4330.0
2012,aus,807425.0
2012,aut,265368.0
2012,aze,401602.0
2012,bhs,18193.0
2012,bhr,36975.0
2012,bgd,10295073.0
2012,brb,10761.0
2012,blr,281030.0
2012,bel,354739.0
2012,blz,20546.0
2012,ben,708254.0
2012,btn,41983.0
2012,bol,665382.0
2012,bih,140260.0
2012,bwa,127961.0
2012,bra,10087016.0
2012,brn,20458.0
2012,bgr,193330.0
2012,bfa,1193804.0
2012,bdi,654219.0
2012,cpv,38370.0
2012,khm,1014586.0
2012,cmr,1388201.0
2012,can,1181896.0
2012,caf,344689.0
2012,tcd,871540.0
2012,chl,798635.0
2012,chn,52894463.0
2012,col,2683362.0
2012,com,63742.0
2012,cod,5070189.0
2012,cog,289268.0
2012,cri,240344.0
2012,civ,1489071.0
2012,hrv,141563.0
2012,cub,405524.0
2012,cyp,33172.0
2012,cze,280607.0
2012,dnk,203763.0
2012,dji,59885.0
2012,dom,612924.0
2012,ecu,829714.0
2012,egy,4648600.0
2012,slv,438892.0
2012,gnq,38907.0
2012,eri,365476.0
2012,est,36343.0
2012,eth,6701340.0
2012,fji,51927.0
2012,fin,181240.0
2012,fra,2206534.0
2012,gab,89586.0
2012,gmb,128041.0
2012,geo,152942.0
2012,deu,2375323.0
2012,gha,1662097.0
2012,grc,310513.0
2012,grd,7139.0
2012,gtm,1059296.0
2012,gin,710098.0
2012,gnb,138223.0
2012,guy,45877.0
2012,hti,667346.0
2012,hnd,527919.0
2012,hkg,232469.0
2012,hun,307363.0
2012,isl,12861.0
2012,ind,70751976.0
2012,idn,12455286.0
2012,irn,3568102.0
2012,irq,2241162.0
2012,irl,168777.0
2012,isr,365746.0
2012,ita,1599391.0
2012,jam,163148.0
2012,jpn,3513225.0
2012,jor,412914.0
2012,kaz,645238.0
2012,ken,2810280.0
2012,prk,1167631.0
2012,kor,1807763.0
2012,kwt,126810.0
2012,kgz,311169.0
2012,lao,443720.0
2012,lva,57812.0
2012,lbn,230845.0
2012,lso,155922.0
2012,lbr,320044.0
2012,lby,341703.0
2012,ltu,108864.0
2012,lux,17834.0
2012,mac,15057.0
2012,mkd,76828.0
2012,mdg,1584961.0
2012,mwi,1203888.0
2012,mys,1570344.0
2012,mdv,19073.0
2012,mli,1046101.0
2012,mlt,14006.0
2012,mrt,226220.0
2012,mus,60350.0
2012,mex,6269078.0
2012,fsm,7968.0
2012,mda,140341.0
2012,mng,137233.0
2012,mar,1791393.0
2012,moz,1697946.0
2012,mmr,2553441.0
2012,nam,157674.0
2012,npl,2054464.0
2012,nld,586665.0
2012,nzl,173590.0
2012,nic,394849.0
2012,ner,1162987.0
2012,nga,11592197.0
2012,nor,185258.0
2012,omn,168415.0
2012,pak,11333875.0
2012,pan,191637.0
2012,png,478541.0
2012,pry,411927.0
2012,per,1650502.0
2012,phl,5854488.0
2012,pol,1188556.0
2012,prt,326768.0
2012,qat,33942.0
2012,rou,625450.0
2012,rus,3836364.0
2012,rwa,720206.0
2012,wsm,14285.0
2012,stp,12190.0
2012,sau,1592418.0
2012,sen,945921.0
2012,sle,430017.0
2012,sgp,183748.0
2012,svk,174092.0
2012,svn,53771.0
2012,slb,36085.0
2012,som,682713.0
2012,zaf,3027017.0
2012,esp,1208509.0
2012,lka,880894.0
2012,lca,8597.0
2012,vct,6201.0
2012,sdn,2906622.0
2012,sur,24907.0
2012,swz,86673.0
2012,swe,304709.0
2012,che,260938.0
2012,syr,1323323.0
2012,tjk,496372.0
2012,tza,3162963.0
2012,tha,2628207.0
2012,tls,92333.0
2012,tgo,523771.0
2012,ton,7089.0
2012,tto,54481.0
2012,tun,493715.0
2012,tur,4111550.0
2012,tkm,292146.0
2012,uga,2657207.0
2012,ukr,1262594.0
2012,are,159645.0
2012,gbr,2123994.0
2012,usa,12609409.0
2012,ury,153737.0
2012,uzb,1676546.0
2012,vut,16505.0
2012,ven,1622982.0
2012,vnm,4774550.0
2012,pse,333971.0
2012,yem,1848234.0
2012,zmb,990742.0
2012,zwe,1007479.0
2013,afg,2325469.0
2013,alb,152793.0
2013,dza,1777173.0
2013,ago,1404672.0
2013,arg,2010579.0
2013,arm,104075.0
2013,abw,4340.0
2013,aus,801869.0
2013,aut,259897.0
2013,aze,373048.0
2013,bhs,17902.0
2013,bhr,36848.0
2013,bgd,10365193.0
2013,brb,10572.0
2013,blr,273475.0
2013,bel,351664.0
2013,blz,20713.0
2013,ben,726142.0
2013,btn,40910.0
2013,bol,669804.0
2013,bih,138513.0
2013,bwa,127125.0
2013,bra,10195783.0
2013,brn,20593.0
2013,bgr,190320.0
2013,bfa,1225032.0
2013,bdi,665499.0
2013,cpv,38796.0
2013,khm,992946.0
2013,cmr,1414595.0
2013,can,1161832.0
2013,caf,349269.0
2013,tcd,899530.0
2013,chl,779685.0
2013,chn,51831020.0
2013,col,2673651.0
2013,com,65442.0
2013,cod,5243382.0
2013,cog,296677.0
2013,cri,238662.0
2013,civ,1505043.0
2013,hrv,137808.0
2013,cub,399136.0
2013,cyp,32143.0
2013,cze,271906.0
2013,dnk,201711.0
2013,dji,59842.0
2013,dom,617812.0
2013,ecu,832718.0
2013,egy,4710465.0
2013,slv,440058.0
2013,gnq,39820.0
2013,eri,378687.0
2013,est,36065.0
2013,eth,6818011.0
2013,fji,51642.0
2013,fin,177690.0
2013,fra,2229801.0
2013,gab,89482.0
2013,gmb,131367.0
2013,geo,145919.0
2013,deu,2348438.0
2013,gha,1681078.0
2013,grc,309028.0
2013,grd,6919.0
2013,gtm,1080676.0
2013,gin,730187.0
2013,gnb,142938.0
2013,guy,46110.0
2013,hti,671721.0
2013,hnd,528790.0
2013,hkg,226696.0
2013,hun,298539.0
2013,isl,12654.0
2013,ind,70737772.0
2013,idn,12490066.0
2013,irn,3407818.0
2013,irq,2288799.0
2013,irl,171766.0
2013,isr,373656.0
2013,ita,1594341.0
2013,jam,161744.0
2013,jpn,3503068.0
2013,jor,415073.0
2013,kaz,627517.0
2013,ken,2901003.0
2013,prk,1133568.0
2013,kor,1722859.0
2013,kwt,129323.0
2013,kgz,303460.0
2013,lao,435791.0
2013,lva,56308.0
2013,lbn,228565.0
2013,lso,156169.0
2013,lbr,331230.0
2013,lby,349710.0
2013,ltu,103472.0
2013,lux,17830.0
2013,mac,13982.0
2013,mkd,74442.0
2013,mdg,1621680.0
2013,mwi,1235277.0
2013,mys,1574003.0
2013,mdv,18392.0
2013,mli,1072267.0
2013,mlt,13612.0
2013,mrt,231327.0
2013,mus,59065.0
2013,mex,6211492.0
2013,fsm,8000.0
2013,mda,135067.0
2013,mng,134501.0
2013,mar,1768330.0
2013,moz,1752216.0
2013,mmr,2520632.0
2013,nam,154488.0
2013,npl,2058091.0
2013,nld,587296.0
2013,nzl,172167.0
2013,nic,390078.0
2013,ner,1209151.0
2013,nga,11819929.0
2013,nor,183645.0
2013,omn,167055.0
2013,pak,11186972.0
2013,pan,194042.0
2013,png,488642.0
2013,pry,414216.0
2013,per,1628926.0
2013,phl,5925363.0
2013,pol,1142730.0
2013,prt,327028.0
2013,qat,34417.0
2013,rou,626052.0
2013,rus,3820454.0
2013,rwa,734622.0
2013,wsm,14427.0
2013,stp,12371.0
2013,sau,1597833.0
2013,sen,966645.0
2013,sle,442781.0
2013,sgp,175103.0
2013,svk,167289.0
2013,svn,53166.0
2013,slb,36671.0
2013,som,710500.0
2013,zaf,3030383.0
2013,esp,1219658.0
2013,lka,874506.0
2013,lca,8479.0
2013,vct,6149.0
2013,sdn,2948295.0
2013,sur,25005.0
2013,swz,85510.0
2013,swe,296456.0
2013,che,255274.0
2013,syr,1339693.0
2013,tjk,494645.0
2013,tza,3279014.0
2013,tha,2611303.0
2013,tls,94400.0
2013,tgo,536715.0
2013,ton,6961.0
2013,tto,53714.0
2013,tun,482846.0
2013,tur,4076316.0
2013,tkm,285074.0
2013,uga,2733581.0
2013,ukr,1213592.0
2013,are,163362.0
2013,gbr,2096583.0
2013,usa,12575484.0
2013,ury,152321.0
2013,uzb,1643216.0
2013,vut,16718.0
2013,ven,1630985.0
2013,vnm,4682312.0
2013,pse,345366.0
2013,yem,1874577.0
2013,zmb,1012077.0
2013,zwe,997651.0
2014,afg,2388357.0
2014,alb,149249.0
2014,dza,1754995.0
2014,ago,1440222.0
2014,arg,1998186.0
2014,arm,97647.0
2014,abw,4348.0
2014,aus,797122.0
2014,aut,254750.0
2014,aze,347939.0
2014,bhs,17589.0
2014,bhr,36750.0
2014,bgd,10438072.0
2014,brb,10397.0
2014,blr,268215.0
2014,bel,348753.0
2014,blz,20845.0
2014,ben,744699.0
2014,btn,39815.0
2014,bol,673989.0
2014,bih,136049.0
2014,bwa,126429.0
2014,bra,10301379.0
2014,brn,20738.0
2014,bgr,188852.0
2014,bfa,1257255.0
2014,bdi,680817.0
2014,cpv,39325.0
2014,khm,974280.0
2014,cmr,1442108.0
2014,can,1144484.0
2014,caf,353600.0
2014,tcd,927789.0
2014,chl,762659.0
2014,chn,50845547.0
2014,col,2660471.0
2014,com,67075.0
2014,cod,5427702.0
2014,cog,304242.0
2014,cri,237320.0
2014,civ,1521113.0
2014,hrv,134111.0
2014,cub,392804.0
2014,cyp,31252.0
2014,cze,265787.0
2014,dnk,199408.0
2014,dji,59834.0
2014,dom,622241.0
2014,ecu,834174.0
2014,egy,4776629.0
2014,slv,440658.0
2014,gnq,40725.0
2014,eri,393314.0
2014,est,36174.0
2014,eth,6932472.0
2014,fji,51233.0
2014,fin,174601.0
2014,fra,2252770.0
2014,gab,89459.0
2014,gmb,134576.0
2014,geo,140049.0
2014,deu,2320784.0
2014,gha,1700797.0
2014,grc,307907.0
2014,grd,6686.0
2014,gtm,1101692.0
2014,gin,750905.0
2014,gnb,147875.0
2014,guy,45911.0
2014,hti,675930.0
2014,hnd,529535.0
2014,hkg,221122.0
2014,hun,290935.0
2014,isl,12467.0
2014,ind,70709189.0
2014,idn,12526754.0
2014,irn,3299198.0
2014,irq,2331205.0
2014,irl,175230.0
2014,isr,381037.0
2014,ita,1592285.0
2014,jam,160310.0
2014,jpn,3487081.0
2014,jor,416721.0
2014,kaz,619646.0
2014,ken,3001027.0
2014,prk,1095545.0
2014,kor,1637064.0
2014,kwt,131931.0
2014,kgz,297080.0
2014,lao,428095.0
2014,lva,55591.0
2014,lbn,225886.0
2014,lso,156230.0
2014,lbr,342780.0
2014,lby,358195.0
2014,ltu,98773.0
2014,lux,17797.0
2014,mac,13038.0
2014,mkd,72260.0
2014,mdg,1656813.0
2014,mwi,1264470.0
2014,mys,1577939.0
2014,mdv,17851.0
2014,mli,1099715.0
2014,mlt,13227.0
2014,mrt,236388.0
2014,mus,57823.0
2014,mex,6151073.0
2014,fsm,8018.0
2014,mda,130816.0
2014,mng,132636.0
2014,mar,1749320.0
2014,moz,1805405.0
2014,mmr,2490285.0
2014,nam,151403.0
2014,npl,2059726.0
2014,nld,587365.0
2014,nzl,171090.0
2014,nic,385578.0
2014,ner,1256022.0
2014,nga,12048258.0
2014,nor,181925.0
2014,omn,165533.0
2014,pak,11054583.0
2014,pan,196240.0
2014,png,496995.0
2014,pry,416390.0
2014,per,1610199.0
2014,phl,6000294.0
2014,pol,1103524.0
2014,prt,327402.0
2014,qat,34909.0
2014,rou,628560.0
2014,rus,3848148.0
2014,rwa,753943.0
2014,wsm,14475.0
2014,stp,12545.0
2014,sau,1605348.0
2014,sen,987986.0
2014,sle,455844.0
2014,sgp,165989.0
2014,svk,161534.0
2014,svn,52760.0
2014,slb,37218.0
2014,som,737217.0
2014,zaf,3032624.0
2014,esp,1236047.0
2014,lka,868815.0
2014,lca,8407.0
2014,vct,6129.0
2014,sdn,2986181.0
2014,sur,25017.0
2014,swz,84474.0
2014,swe,290637.0
2014,che,249573.0
2014,syr,1358727.0
2014,tjk,493098.0
2014,tza,3397220.0
2014,tha,2598241.0
2014,tls,96586.0
2014,tgo,549622.0
2014,ton,6835.0
2014,tto,53291.0
2014,tun,474805.0
2014,tur,4038692.0
2014,tkm,279709.0
2014,uga,2814435.0
2014,ukr,1177562.0
2014,are,167516.0
2014,gbr,2074805.0
2014,usa,12564756.0
2014,ury,150889.0
2014,uzb,1618447.0
2014,vut,16922.0
2014,ven,1640035.0
2014,vnm,4614951.0
2014,pse,356055.0
2014,yem,1903789.0
2014,zmb,1032133.0
2014,zwe,988711.0
2015,afg,2450656.0
2015,alb,146450.0
2015,dza,1749136.0
2015,ago,1478756.0
2015,arg,1988833.0
2015,arm,92864.0
2015,abw,4350.0
2015,aus,793935.0
2015,aut,250450.0
2015,aze,328425.0
2015,bhs,17304.0
2015,bhr,36734.0
2015,bgd,10510993.0
2015,brb,10237.0
2015,blr,264458.0
2015,bel,346203.0
2015,blz,20944.0
2015,ben,764135.0
2015,btn,38725.0
2015,bol,678197.0
2015,bih,132575.0
2015,bwa,125967.0
2015,bra,10391835.0
2015,brn,20906.0
2015,bgr,188424.0
2015,bfa,1290884.0
2015,bdi,701398.0
2015,cpv,39928.0
2015,khm,961588.0
2015,cmr,1469693.0
2015,can,1131785.0
2015,caf,357756.0
2015,tcd,955924.0
2015,chl,748960.0
2015,chn,49880577.0
2015,col,2644368.0
2015,com,68599.0
2015,cod,5623801.0
2015,cog,311809.0
2015,cri,236282.0
2015,civ,1537350.0
2015,hrv,130681.0
2015,cub,385756.0
2015,cyp,30601.0
2015,cze,262594.0
2015,dnk,197147.0
2015,dji,59896.0
2015,dom,626214.0
2015,ecu,833573.0
2015,egy,4840337.0
2015,slv,440910.0
2015,gnq,41618.0
2015,eri,409056.0
2015,est,36485.0
2015,eth,7048368.0
2015,fji,50746.0
2015,fin,172425.0
2015,fra,2272036.0
2015,gab,89545.0
2015,gmb,137650.0
2015,geo,135347.0
2015,deu,2289674.0
2015,gha,1720856.0
2015,grc,307244.0
2015,grd,6450.0
2015,gtm,1122404.0
2015,gin,771785.0
2015,gnb,153060.0
2015,guy,45200.0
2015,hti,679898.0
2015,hnd,530572.0
2015,hkg,216397.0
2015,hun,284992.0
2015,isl,12328.0
2015,ind,70703942.0
2015,idn,12559545.0
2015,irn,3254357.0
2015,irq,2365444.0
2015,irl,179056.0
2015,isr,387431.0
2015,ita,1594137.0
2015,jam,158915.0
2015,jpn,3463038.0
2015,jor,418484.0
2015,kaz,622677.0
2015,ken,3107104.0
2015,prk,1056939.0
2015,kor,1560006.0
2015,kwt,134650.0
2015,kgz,292687.0
2015,lao,421734.0
2015,lva,55359.0
2015,lbn,223171.0
2015,lso,156072.0
2015,lbr,355015.0
2015,lby,366839.0
2015,ltu,94838.0
2015,lux,17755.0
2015,mac,12246.0
2015,mkd,70378.0
2015,mdg,1690418.0
2015,mwi,1291808.0
2015,mys,1582557.0
2015,mdv,17512.0
2015,mli,1129414.0
2015,mlt,12870.0
2015,mrt,241334.0
2015,mus,56815.0
2015,mex,6092831.0
2015,fsm,8019.0
2015,mda,127167.0
2015,mng,131390.0
2015,mar,1736194.0
2015,moz,1855264.0
2015,mmr,2463160.0
2015,nam,148794.0
2015,npl,2062144.0
2015,nld,586355.0
2015,nzl,170458.0
2015,nic,382032.0
2015,ner,1303295.0
2015,nga,12276886.0
2015,nor,180317.0
2015,omn,164031.0
2015,pak,10952416.0
2015,pan,198063.0
2015,png,503177.0
2015,pry,418446.0
2015,per,1596955.0
2015,phl,6077687.0
2015,pol,1072610.0
2015,prt,327893.0
2015,qat,35458.0
2015,rou,628799.0
2015,rus,3895939.0
2015,rwa,777345.0
2015,wsm,14408.0
2015,stp,12715.0
2015,sau,1616730.0
2015,sen,1009537.0
2015,sle,468631.0
2015,sgp,157277.0
2015,svk,157159.0
2015,svn,52471.0
2015,slb,37731.0
2015,som,761711.0
2015,zaf,3034380.0
2015,esp,1257354.0
2015,lka,862813.0
2015,lca,8393.0
2015,vct,6130.0
2015,sdn,3021295.0
2015,sur,24908.0
2015,swz,83661.0
2015,swe,288022.0
2015,che,244423.0
2015,syr,1379564.0
2015,tjk,491535.0
2015,tza,3511901.0
2015,tha,2589270.0
2015,tls,99069.0
2015,tgo,562312.0
2015,ton,6739.0
2015,tto,53096.0
2015,tun,469807.0
2015,tur,4004680.0
2015,tkm,276449.0
2015,uga,2901255.0
2015,ukr,1153729.0
2015,are,172318.0
2015,gbr,2060823.0
2015,usa,12585705.0
2015,ury,149558.0
2015,uzb,1604551.0
2015,vut,17120.0
2015,ven,1649526.0
2015,vnm,4576423.0
2015,pse,365678.0
2015,yem,1938039.0
2015,zmb,1050489.0
2015,zwe,981509.0
