year,country,uis_gtvp_3_gpv
1997,arb,67.6889266967773
1997,eas,54.942020416259794
1997,emu,39.2068290710449
1997,ecs,45.823211669921896
1997,eca,53.8955307006836
1997,euu,41.036750793456996
1997,hpc,72.6091690063477
1997,hic,61.9360885620117
1997,lcn,75.87171936035159
1997,lac,76.36692810058591
1997,ldc,67.0525588989258
1997,lmy,71.7875595092773
1997,lic,77.3726577758789
1997,lmc,85.3862380981445
1997,mic,71.5386505126953
1997,nac,99.9997711181641
1997,oed,61.869598388671896
1997,ssf,81.3323974609375
1997,ssa,81.33294677734379
1997,wld,68.7939300537109
1998,arb,66.8931732177734
1998,eas,56.1841506958008
1998,eap,53.6985015869141
1998,emu,47.0547218322754
1998,ecs,52.1496391296387
1998,eca,56.7346000671387
1998,euu,48.865940093994105
1998,hpc,70.9876937866211
1998,hic,67.00686645507811
1998,lcn,74.719352722168
1998,lac,75.2397689819336
1998,ldc,85.2712173461914
1998,lmy,73.6110534667969
1998,lic,77.5100326538086
1998,lmc,87.1932907104492
1998,mea,72.1692886352539
1998,mna,70.88092041015629
1998,mic,73.4572525024414
1998,nac,99.93639373779301
1998,oed,66.2509689331055
1998,sas,97.1616897583008
1998,ssf,83.12548828125
1998,ssa,83.1195907592773
1998,umc,61.2912101745605
1998,wld,71.765510559082
1998,alb,84.3380432128906
1998,ago,18.6988792419434
1998,arg,57.0088996887207
1998,arm,93.76046752929692
1998,aus,33.0502891540527
1998,aut,22.512130737304698
1998,bhr,69.4861602783203
1998,bgd,97.16454315185551
1998,btn,100.0
1998,bol,94.7883987426758
1998,bwa,75.07647705078129
1998,brn,87.61157989501949
1998,bgr,42.990909576415994
1998,khm,88.7277603149414
1998,tcd,93.0179595947266
1998,chl,53.712890625
1998,cri,72.7880401611328
1998,hrv,24.552320480346697
1998,cze,20.4342994689941
1998,dnk,48.23249816894529
1998,dom,91.67962646484379
1998,ecu,54.9058609008789
1998,slv,33.1531181335449
1998,est,66.70437622070311
1998,fji,93.48095703125
1998,fin,48.04682922363279
1998,fra,43.6055793762207
1998,deu,35.4288101196289
1998,grc,67.4149322509766
1998,hun,91.41159057617192
1998,isl,67.9775772094727
1998,idn,64.2533416748047
1998,irl,100.0
1998,isr,55.211978912353494
1998,ita,36.3979606628418
1998,jpn,73.9099884033203
1998,kaz,80.3024597167969
1998,kir,100.0
1998,kor,60.043251037597706
1998,kwt,97.6952896118164
1998,lao,95.0204010009766
1998,lva,61.4177398681641
1998,lbn,67.4799728393555
1998,lso,96.91049194335942
1998,ltu,65.96658325195311
1998,lux,32.023830413818395
1998,mkd,31.854740142822298
1998,mwi,100.0
1998,mys,88.3747177124023
1998,mdv,100.0
1998,mlt,83.81829833984379
1998,mrt,93.8614273071289
1998,mus,95.0236663818359
1998,mex,85.599006652832
1998,mco,66.2992095947266
1998,mng,81.90843200683591
1998,mar,80.1155166625977
1998,nam,100.0
1998,nld,33.9717483520508
1998,nzl,76.9740905761719
1998,ner,88.3297119140625
1998,nor,47.5478401184082
1998,omn,98.1110305786133
1998,png,83.71961975097659
1998,pry,83.7026062011719
1998,per,100.0
1998,phl,100.0
1998,pol,32.3528213500977
1998,prt,74.6255798339844
1998,qat,97.4564590454102
1998,rou,32.2055511474609
1998,rus,59.375301361084006
1998,wsm,100.0
1998,sen,91.31802368164058
1998,syc,100.0
1998,svk,19.699359893798803
1998,svn,24.7629508972168
1998,zaf,93.09349822998051
1998,esp,78.541130065918
1998,swz,100.0
1998,swe,59.100799560546896
1998,che,34.316650390625
1998,syr,57.7899894714355
1998,ton,91.0398788452148
1998,tun,93.45974731445308
1998,tuv,69.32772827148439
1998,are,97.0772476196289
1998,gbr,76.128662109375
1998,usa,100.0
1998,ury,81.0314025878906
1998,vnm,88.7386322021484
1999,arb,66.329231262207
1999,eas,56.6795883178711
1999,eap,54.299888610839794
1999,emu,43.917018890380895
1999,ecs,51.2751617431641
1999,eca,59.279388427734396
1999,euu,45.7671508789063
1999,hpc,73.2084503173828
1999,hic,66.0999603271484
1999,lcn,82.58155822753909
1999,lac,83.62921142578129
1999,ldc,86.18728637695308
1999,lmy,75.304328918457
1999,lic,78.0002975463867
1999,lmc,87.6805267333984
1999,mea,72.2494812011719
1999,mna,70.7376403808594
1999,mic,75.2001037597656
1999,nac,99.8761825561523
1999,oed,65.6915969848633
1999,sas,97.5829315185547
1999,ssf,83.8483581542969
1999,ssa,83.8420715332031
1999,umc,64.32138824462889
1999,wld,72.85353088378909
1999,alb,85.1871109008789
1999,dza,90.2920303344727
1999,ago,19.915620803833
1999,arg,100.0
1999,arm,95.82437133789058
1999,abw,69.1835479736328
1999,aus,35.0354881286621
1999,aut,29.367019653320302
1999,bhs,100.0
1999,bhr,64.90598297119139
1999,bgd,97.4027481079102
1999,brb,100.0
1999,bel,34.271820068359396
1999,blz,100.0
1999,btn,100.0
1999,bol,96.54271697998051
1999,bwa,78.11810302734379
1999,brn,87.3528594970703
1999,bgr,43.639308929443395
1999,bfa,78.9142532348633
1999,khm,90.94432830810551
1999,cym,100.0
1999,tcd,92.0951919555664
1999,chl,53.9684906005859
1999,chn,43.3949508666992
1999,com,97.6416473388672
1999,cri,80.1424789428711
1999,civ,92.0697174072266
1999,hrv,24.5943393707275
1999,cub,42.7531089782715
1999,cyp,86.0005874633789
1999,cze,20.2937507629395
1999,dnk,46.690670013427706
1999,dji,66.4924468994141
1999,dma,100.0
1999,dom,90.6236419677734
1999,ecu,55.1480712890625
1999,gnq,96.3673095703125
1999,eri,98.26553344726558
1999,est,66.4142913818359
1999,eth,98.1223373413086
1999,fji,94.34426879882808
1999,fin,46.807201385498
1999,fra,42.7904281616211
1999,gab,77.5533828735352
1999,geo,80.2527389526367
1999,deu,35.3780288696289
1999,gha,90.1705322265625
1999,gib,100.0
1999,grc,74.2344284057617
1999,gtm,9.70736026763916
1999,gin,94.7351913452148
1999,guy,92.4148178100586
1999,hun,88.98046875
1999,isl,68.45791625976561
1999,ind,97.8660125732422
1999,idn,64.151611328125
1999,irn,86.77349853515629
1999,irq,81.76190185546879
1999,irl,99.99935913085942
1999,isr,57.932708740234396
1999,ita,36.500450134277294
1999,jam,99.422607421875
1999,jpn,74.3249282836914
1999,jor,74.4802474975586
1999,kaz,82.54920959472659
1999,ken,98.6952285766602
1999,kir,100.0
1999,kor,62.0962715148926
1999,kwt,96.4774932861328
1999,kgz,84.6467819213867
1999,lao,95.7091217041016
1999,lva,63.261810302734396
1999,lbn,74.1806182861328
1999,lso,96.8313827514648
1999,lbr,77.4682083129883
1999,ltu,56.9185791015625
1999,lux,36.250148773193395
1999,mac,95.5133514404297
1999,mkd,33.707321166992195
1999,mwi,100.0
1999,mys,84.9224472045898
1999,mdv,100.0
1999,mli,63.5388412475586
1999,mlt,81.79750061035159
1999,mhl,100.0
1999,mrt,93.0787582397461
1999,mus,91.76644897460942
1999,mex,85.9986724853516
1999,mda,65.7610397338867
1999,mco,62.1951217651367
1999,mng,78.0731735229492
1999,mar,84.7680206298828
1999,moz,66.24606323242189
1999,mmr,100.0
1999,nam,100.0
1999,npl,93.2665634155273
1999,nld,32.6446685791016
1999,nic,84.2048263549805
1999,ner,76.5914535522461
1999,nor,46.3503303527832
1999,omn,100.0
1999,plw,100.0
1999,pan,40.000450134277294
1999,pry,81.4792022705078
1999,per,100.0
1999,phl,100.0
1999,pol,34.0202484130859
1999,prt,75.090217590332
1999,qat,96.5548782348633
1999,rou,30.7596607208252
1999,rus,61.266841888427706
1999,rwa,32.855461120605504
1999,wsm,100.0
1999,sen,93.2825698852539
1999,srb,23.7914600372314
1999,syc,100.0
1999,svk,20.4063701629639
1999,svn,25.200359344482397
1999,zaf,93.0060195922852
1999,esp,68.81842041015629
1999,lca,100.0
1999,swz,100.0
1999,swe,51.353458404540994
1999,che,34.599880218505895
1999,syr,60.5285301208496
1999,tjk,77.5263290405273
1999,tgo,76.5241470336914
1999,ton,84.1087875366211
1999,tur,51.385738372802706
1999,tca,68.867919921875
1999,ukr,75.79869079589841
1999,are,97.8700103759766
1999,gbr,65.8375396728516
1999,usa,100.0
1999,ury,81.3401336669922
1999,uzb,62.999568939209006
1999,vut,56.768558502197294
1999,ven,91.6016693115234
1999,pse,96.5444869995117
1999,yem,97.56427001953129
1999,zwe,100.0
2000,arb,66.1216888427734
2000,eas,58.625038146972706
2000,eap,56.741569519043
2000,emu,51.3613395690918
2000,ecs,54.4626312255859
2000,eca,60.073211669921896
2000,euu,50.5606803894043
2000,hpc,73.8543930053711
2000,hic,68.5509567260742
2000,lcn,84.9045867919922
2000,lac,86.0489730834961
2000,ldc,86.8007431030273
2000,lmy,76.8434066772461
2000,lic,79.2729110717773
2000,lmc,88.0300674438477
2000,mea,72.2264633178711
2000,mna,70.4061584472656
2000,mic,76.74810791015629
2000,nac,99.8147506713867
2000,oed,68.0635223388672
2000,sas,97.6181793212891
2000,ssf,83.9060134887695
2000,ssa,83.8998107910156
2000,umc,66.5710525512695
2000,wld,74.7173767089844
2000,alb,86.1824188232422
2000,dza,89.5505828857422
2000,ago,20.2794303894043
2000,atg,89.93963623046879
2000,arg,100.0
2000,arm,94.0818328857422
2000,abw,73.933952331543
2000,aus,34.3038482666016
2000,aut,28.893419265747102
2000,bhr,62.2782592773438
2000,bgd,97.49481201171879
2000,brb,100.0
2000,bel,33.2217597961426
2000,blz,100.0
2000,ben,73.1215286254883
2000,btn,100.0
2000,bol,94.9999313354492
2000,bwa,77.5677795410156
2000,brn,87.5251235961914
2000,bgr,44.2656593322754
2000,bfa,76.8922424316406
2000,bdi,79.6736526489258
2000,khm,93.09359741210942
2000,cym,100.0
2000,tcd,92.6939926147461
2000,chl,54.692378997802706
2000,chn,46.993259429931605
2000,cri,74.2859191894531
2000,hrv,25.3153991699219
2000,cub,42.348808288574205
2000,cyp,85.8011093139648
2000,cze,19.7654705047607
2000,dnk,45.302650451660206
2000,dji,70.7655410766602
2000,dma,100.0
2000,dom,91.07482147216801
2000,ecu,55.280891418457
2000,slv,41.8521003723145
2000,gnq,96.3599624633789
2000,eri,97.9209136962891
2000,est,67.46218872070311
2000,eth,96.35131072998051
2000,fji,91.39266967773442
2000,fin,44.119300842285206
2000,fra,42.632118225097706
2000,geo,82.8795928955078
2000,deu,36.809989929199205
2000,gha,93.6962509155273
2000,gib,100.0
2000,grc,67.86251831054689
2000,gtm,10.004910469055199
2000,gin,94.73461151123051
2000,gnb,85.291130065918
2000,guy,83.5647964477539
2000,hun,89.7326278686523
2000,isl,67.74098968505861
2000,ind,97.8660125732422
2000,idn,64.5373382568359
2000,irn,85.9199600219727
2000,irq,80.359001159668
2000,irl,100.0
2000,isr,67.091178894043
2000,ita,75.4472198486328
2000,jam,99.4226913452148
2000,jpn,74.6673965454102
2000,jor,74.9169616699219
2000,kaz,85.2254333496094
2000,ken,98.82305908203129
2000,kir,100.0
2000,kor,63.903148651123
2000,kwt,96.40664672851558
2000,kgz,85.7822265625
2000,lao,95.43994140625
2000,lva,61.4251289367676
2000,lbn,73.8740234375
2000,lso,96.5200424194336
2000,lbr,63.548038482665994
2000,ltu,60.41532897949221
2000,lux,36.5061683654785
2000,mac,94.6591262817383
2000,mkd,35.348419189453104
2000,mwi,100.0
2000,mys,84.6447982788086
2000,mdv,58.2648391723633
2000,mli,63.526969909668
2000,mlt,72.3685989379883
2000,mrt,92.31716918945308
2000,mus,90.20773315429692
2000,mex,87.04235076904301
2000,mda,71.94053649902341
2000,mco,64.2588424682617
2000,mng,80.1229019165039
2000,mar,85.54393005371091
2000,moz,76.0596923828125
2000,mmr,100.0
2000,nam,100.0
2000,npl,95.73171997070308
2000,nld,31.693540573120103
2000,nic,84.2048873901367
2000,nor,42.6872215270996
2000,omn,100.0
2000,plw,100.0
2000,pan,40.76137161254879
2000,pry,80.3597030639648
2000,per,100.0
2000,pol,35.848808288574205
2000,prt,75.94129943847659
2000,qat,96.7927703857422
2000,rou,37.475040435791
2000,rwa,35.251258850097706
2000,wsm,100.0
2000,smr,100.0
2000,sen,93.0214996337891
2000,srb,24.2492294311523
2000,syc,100.0
2000,svk,21.3564205169678
2000,svn,27.6998996734619
2000,slb,100.0
2000,zaf,91.07290649414058
2000,esp,66.52484130859379
2000,kna,100.0
2000,lca,100.0
2000,vct,100.0
2000,swz,100.0
2000,swe,51.1997184753418
2000,che,34.3161087036133
2000,syr,60.15412902832029
2000,tjk,80.2797393798828
2000,tgo,77.572021484375
2000,tun,94.1702117919922
2000,tur,50.9962692260742
2000,tca,100.0
2000,uga,70.0450820922852
2000,ukr,77.019401550293
2000,are,98.0642471313477
2000,gbr,64.9906463623047
2000,usa,100.0
2000,ury,81.5942687988281
2000,uzb,62.2771987915039
2000,vut,42.2740516662598
2000,ven,90.2722320556641
2000,pse,96.0055694580078
2000,zwe,100.0
2001,arb,66.87432861328129
2001,eas,58.712608337402294
2001,eap,56.6609687805176
2001,emu,50.8819389343262
2001,ecs,54.392749786377
2001,eca,60.0026702880859
2001,euu,50.3899803161621
2001,hpc,76.0051498413086
2001,hic,68.88381195068361
2001,lcn,86.3914337158203
2001,lac,87.7013702392578
2001,ldc,87.17125701904301
2001,lmy,77.1762008666992
2001,lic,80.5989990234375
2001,lmc,88.1713409423828
2001,mea,72.51866149902341
2001,mna,70.683967590332
2001,mic,77.033203125
2001,nac,99.7582168579102
2001,oed,68.7640380859375
2001,sas,97.8679733276367
2001,ssf,84.5625305175781
2001,ssa,84.5570907592773
2001,umc,66.9060897827148
2001,wld,75.0672912597656
2001,afg,100.0
2001,alb,85.2363967895508
2001,dza,89.6392288208008
2001,ago,21.7401008605957
2001,arg,100.0
2001,arm,94.9313201904297
2001,abw,71.7902374267578
2001,aus,36.089759826660206
2001,aut,28.210369110107397
2001,bhr,58.16072082519529
2001,bgd,97.1205902099609
2001,brb,99.3017807006836
2001,bel,30.8470191955566
2001,blz,81.4579696655273
2001,ben,71.8497772216797
2001,bmu,100.0
2001,btn,86.33004760742192
2001,bol,100.0
2001,bwa,77.14234924316409
2001,brn,86.4868316650391
2001,bgr,44.1833915710449
2001,bfa,73.5088577270508
2001,bdi,79.6718292236328
2001,cpv,93.28063201904301
2001,khm,93.0502471923828
2001,cym,100.0
2001,caf,67.8361892700195
2001,tcd,93.10144805908199
2001,cri,74.0701217651367
2001,hrv,25.685729980468803
2001,cub,41.8882293701172
2001,cyp,85.65733337402341
2001,cze,20.0841693878174
2001,dnk,45.6503295898438
2001,dji,77.3521194458008
2001,dma,100.0
2001,ecu,53.862709045410206
2001,egy,34.6453018188477
2001,slv,42.104949951171896
2001,gnq,97.4007186889648
2001,eri,97.5457611083984
2001,est,68.2146072387695
2001,eth,97.3770904541016
2001,fji,90.9053802490234
2001,fin,42.3290901184082
2001,fra,43.264610290527294
2001,gab,80.535041809082
2001,geo,85.5324478149414
2001,deu,36.652671813964794
2001,gha,93.7332916259766
2001,gib,100.0
2001,grc,64.81887817382811
2001,gtm,10.478400230407699
2001,gin,94.7351608276367
2001,guy,93.6031036376953
2001,hkg,93.8483200073242
2001,hun,88.4974517822266
2001,isl,64.83175659179689
2001,ind,98.26403045654301
2001,idn,63.911018371582
2001,irn,85.759033203125
2001,irl,100.0
2001,isr,67.040168762207
2001,ita,74.1026611328125
2001,jam,99.3834991455078
2001,jpn,74.8830032348633
2001,ken,98.4689102172852
2001,kir,100.0
2001,kor,65.9096527099609
2001,kwt,96.4113922119141
2001,kgz,78.993896484375
2001,lao,95.8035507202148
2001,lva,61.6881790161133
2001,lbn,75.17559814453129
2001,lso,96.6367034912109
2001,ltu,67.7278366088867
2001,lux,36.1563491821289
2001,mac,94.48635864257808
2001,mkd,37.0061187744141
2001,mwi,100.0
2001,mys,85.02044677734379
2001,mdv,35.1385917663574
2001,mlt,71.3469772338867
2001,mrt,93.8221435546875
2001,mus,90.20120239257808
2001,mex,87.7683486938477
2001,mda,74.17176818847659
2001,mco,64.5896682739258
2001,mng,82.8473892211914
2001,mne,30.5849609375
2001,mar,85.532112121582
2001,moz,78.7214736938477
2001,mmr,100.0
2001,nam,100.0
2001,nru,100.0
2001,npl,96.1665802001953
2001,nld,29.9211406707764
2001,nic,84.3581314086914
2001,ner,74.0673904418945
2001,nor,42.4491195678711
2001,omn,100.0
2001,pan,43.800048828125
2001,pry,79.8638000488281
2001,per,100.0
2001,phl,100.0
2001,pol,37.9113807678223
2001,prt,71.6905975341797
2001,qat,97.1273574829102
2001,rou,36.1202392578125
2001,wsm,100.0
2001,sen,93.2264175415039
2001,srb,24.2752494812012
2001,syc,100.0
2001,sle,69.8861618041992
2001,svk,22.355489730835
2001,svn,27.722749710082997
2001,zaf,90.23992919921879
2001,esp,64.3600616455078
2001,kna,100.0
2001,lca,100.0
2001,vct,100.0
2001,sdn,93.29486083984379
2001,sur,36.860298156738295
2001,swz,100.0
2001,swe,48.2968406677246
2001,che,34.9809799194336
2001,syr,63.7895011901855
2001,tjk,84.3353576660156
2001,tha,65.1380996704102
2001,tls,100.0
2001,ton,84.7328186035156
2001,tun,94.6445999145508
2001,tur,60.316291809082
2001,uga,70.0431671142578
2001,ukr,77.59983825683591
2001,are,98.24136352539058
2001,gbr,65.545539855957
2001,usa,100.0
2001,ury,80.7639083862305
2001,vut,40.6720008850098
2001,ven,89.8605117797852
2001,pse,95.2791900634766
2001,yem,97.9744186401367
2001,zwe,100.0
2002,arb,67.21044921875
2002,eas,61.50260925292971
2002,eap,60.044921875
2002,emu,50.666229248046896
2002,ecs,54.8305511474609
2002,eca,60.289119720459006
2002,euu,50.6073417663574
2002,hpc,76.6859817504883
2002,hic,69.4946212768555
2002,lcn,88.0730972290039
2002,lac,89.3388519287109
2002,ldc,87.28167724609379
2002,lmy,78.3081893920898
2002,lic,80.9583969116211
2002,lmc,88.21533966064449
2002,mea,72.3741226196289
2002,mna,70.3657073974609
2002,mic,78.1966781616211
2002,nac,99.6972808837891
2002,oed,69.2517776489258
2002,sas,97.6824188232422
2002,ssf,84.6371765136719
2002,ssa,84.6323699951172
2002,umc,69.045539855957
2002,wld,76.1461868286133
2002,alb,84.908821105957
2002,dza,89.5660171508789
2002,and,73.29193115234379
2002,ago,19.3027591705322
2002,arg,100.0
2002,abw,71.0070877075195
2002,aus,36.977691650390604
2002,aut,27.709939956665
2002,bhs,100.0
2002,bhr,53.86103820800779
2002,bgd,97.14138793945308
2002,brb,99.2471771240234
2002,bel,30.331270217895497
2002,ben,72.7090072631836
2002,bmu,100.0
2002,bol,100.0
2002,bwa,78.9654769897461
2002,bra,95.08348846435551
2002,brn,87.7263031005859
2002,bgr,44.508129119873
2002,bdi,77.8900909423828
2002,cpv,91.5182571411133
2002,khm,92.81334686279301
2002,cym,100.0
2002,caf,67.8359832763672
2002,tcd,93.42709350585942
2002,chl,56.502079010009794
2002,col,69.62106323242189
2002,com,97.8602523803711
2002,cog,63.698848724365206
2002,cri,75.1312713623047
2002,hrv,25.849229812622102
2002,cub,38.9813690185547
2002,cyp,86.2186431884766
2002,cze,19.7816104888916
2002,dnk,47.011680603027294
2002,dji,78.3449172973633
2002,dma,100.0
2002,dom,92.0839004516602
2002,ecu,50.722618103027294
2002,egy,32.0435104370117
2002,slv,35.9672698974609
2002,gnq,95.6130523681641
2002,eri,97.69213104248051
2002,est,68.4973220825195
2002,eth,86.8580703735352
2002,fji,91.7399368286133
2002,fin,41.5280990600586
2002,fra,43.6948013305664
2002,gab,81.2122268676758
2002,geo,88.01602172851558
2002,deu,36.970130920410206
2002,gha,93.8181610107422
2002,grc,60.0099411010742
2002,grd,74.7938003540039
2002,gtm,10.564880371093802
2002,gin,94.73468017578129
2002,hkg,94.2352981567383
2002,hun,87.1710433959961
2002,isl,63.022830963134794
2002,ind,98.0269088745117
2002,idn,64.5098037719727
2002,irn,85.16468811035159
2002,irl,100.0
2002,isr,65.21433258056639
2002,ita,73.1774597167969
2002,jam,99.5206069946289
2002,jpn,75.0727767944336
2002,jor,75.5217590332031
2002,ken,98.24569702148442
2002,kir,100.0
2002,kor,67.9419708251953
2002,kgz,80.6316833496094
2002,lao,95.9692916870117
2002,lva,60.9002685546875
2002,lbn,75.1731872558594
2002,lso,96.6144790649414
2002,lby,51.049888610839794
2002,ltu,71.7906188964844
2002,lux,35.9617309570313
2002,mac,93.5849075317383
2002,mkd,38.0540885925293
2002,mwi,100.0
2002,mys,85.12547302246091
2002,mdv,79.2571792602539
2002,mlt,64.00514984130861
2002,mhl,100.0
2002,mrt,94.0351715087891
2002,mus,88.8054580688477
2002,mex,88.5834426879883
2002,mda,75.77471923828129
2002,mng,81.26776123046879
2002,mne,30.619510650634798
2002,mar,87.2561416625977
2002,moz,83.5327987670898
2002,mmr,100.0
2002,nam,100.0
2002,nru,100.0
2002,npl,96.7477569580078
2002,nld,30.8362503051758
2002,nzl,75.6701583862305
2002,nic,85.79144287109379
2002,ner,86.01941680908199
2002,nor,42.040309906005895
2002,omn,100.0
2002,pan,44.533531188964794
2002,pry,79.3048095703125
2002,per,100.0
2002,phl,100.0
2002,pol,39.119598388671896
2002,prt,71.2008895874023
2002,qat,97.42224884033199
2002,rou,35.960479736328104
2002,rwa,34.8206787109375
2002,wsm,100.0
2002,sen,94.8692626953125
2002,srb,24.4601898193359
2002,syc,100.0
2002,svk,23.619220733642603
2002,svn,29.657180786132802
2002,slb,100.0
2002,zaf,89.4713973999023
2002,esp,62.0202713012695
2002,kna,100.0
2002,lca,100.0
2002,vct,100.0
2002,sdn,93.6266403198242
2002,sur,38.3764190673828
2002,swz,100.0
2002,swe,50.365840911865206
2002,che,35.409969329834
2002,syr,66.5554733276367
2002,tjk,83.6885681152344
2002,tha,65.1950836181641
2002,tls,100.0
2002,tun,95.8716506958008
2002,tur,60.610530853271506
2002,uga,76.2957382202148
2002,ukr,78.5806121826172
2002,are,98.2919692993164
2002,gbr,64.04470062255861
2002,usa,100.0
2002,ury,81.2593612670898
2002,vut,34.073169708252
2002,ven,89.269287109375
2002,pse,95.1596908569336
2002,zwe,100.0
2003,arb,68.7671432495117
2003,eas,65.2399063110352
2003,eap,64.6701583862305
2003,emu,51.2100715637207
2003,ecs,56.1303291320801
2003,eca,61.019500732421896
2003,euu,52.005191802978494
2003,hpc,76.6556167602539
2003,hic,70.45924377441409
2003,lcn,87.6856689453125
2003,lac,88.95044708251949
2003,ldc,87.1724090576172
2003,lmy,79.4904098510742
2003,lic,80.58714294433591
2003,lmc,88.4476089477539
2003,mea,72.1684188842773
2003,mna,69.9589996337891
2003,mic,79.4467468261719
2003,nac,99.64279174804692
2003,oed,70.2591934204102
2003,sas,97.6119384765625
2003,ssf,85.1091537475586
2003,ssa,85.1045684814453
2003,umc,71.1291122436523
2003,wld,77.3565979003906
2003,afg,98.3622207641602
2003,alb,84.7358016967773
2003,dza,88.6919097900391
2003,and,70.8776626586914
2003,arg,100.0
2003,abw,69.7947998046875
2003,aus,35.766899108886705
2003,aut,28.1602802276611
2003,bhr,51.026451110839794
2003,bgd,97.1437606811523
2003,brb,99.4151992797852
2003,bel,29.822639465332
2003,blz,84.3635787963867
2003,ben,69.64727783203129
2003,bmu,100.0
2003,bol,100.0
2003,bwa,78.58421325683591
2003,bra,95.0143814086914
2003,brn,87.1757431030273
2003,bgr,44.9701118469238
2003,bfa,72.642822265625
2003,bdi,79.3529891967773
2003,cpv,88.7555999755859
2003,khm,89.8345489501953
2003,cmr,83.454719543457
2003,tcd,94.239013671875
2003,chl,59.637058258056605
2003,chn,60.317901611328104
2003,com,99.4516372680664
2003,cog,56.43135070800779
2003,hrv,25.8158397674561
2003,cub,39.3240509033203
2003,cyp,86.29840087890629
2003,cze,20.6710090637207
2003,dnk,46.699371337890604
2003,dma,100.0
2003,ecu,47.4618110656738
2003,egy,36.0784187316895
2003,slv,38.597038269043004
2003,eri,97.5652923583984
2003,est,70.6978378295898
2003,eth,52.3107109069824
2003,fji,92.91735076904301
2003,fin,39.7060394287109
2003,fra,43.596248626709006
2003,geo,89.56066131591801
2003,deu,37.8171806335449
2003,gha,93.52792358398442
2003,grc,64.029426574707
2003,grd,79.640022277832
2003,gin,94.73468017578129
2003,guy,95.3510284423828
2003,hkg,94.9905624389648
2003,hun,87.2057876586914
2003,isl,65.986328125
2003,ind,97.9231796264648
2003,idn,64.661247253418
2003,irn,82.8708572387695
2003,irq,76.5593032836914
2003,irl,100.0
2003,isr,65.0315399169922
2003,ita,74.02992248535159
2003,jam,99.5267333984375
2003,jpn,75.3180694580078
2003,jor,80.4060974121094
2003,ken,98.4201202392578
2003,kir,100.0
2003,kor,69.308952331543
2003,kwt,89.4320831298828
2003,kgz,86.36654663085942
2003,lao,96.15109252929692
2003,lva,62.211109161377
2003,lbn,73.7835311889648
2003,lso,96.5827178955078
2003,lby,51.0499992370605
2003,lie,23.9776992797852
2003,ltu,73.877311706543
2003,lux,35.336238861084
2003,mac,93.5273590087891
2003,mkd,38.6232414245605
2003,mys,86.6612777709961
2003,mdv,57.5816497802734
2003,mli,66.2580032348633
2003,mlt,63.299041748046896
2003,mhl,100.0
2003,mrt,93.1646194458008
2003,mus,87.5887603759766
2003,mex,89.1004104614258
2003,mda,77.9318466186523
2003,mng,80.31886291503909
2003,mne,30.7101192474365
2003,mar,87.256103515625
2003,mmr,100.0
2003,nam,100.0
2003,npl,97.7067337036133
2003,nld,30.891580581665
2003,ner,88.26500701904301
2003,nor,40.8112907409668
2003,omn,100.0
2003,pak,95.4298934936523
2003,plw,100.0
2003,pry,77.3152694702148
2003,per,100.0
2003,phl,100.0
2003,pol,45.6952590942383
2003,prt,71.8643493652344
2003,qat,97.5756301879883
2003,rou,35.6352882385254
2003,rus,59.542030334472706
2003,rwa,40.3720588684082
2003,wsm,100.0
2003,stp,98.6032485961914
2003,srb,23.5337696075439
2003,syc,100.0
2003,svk,24.6337509155273
2003,svn,30.562940597534197
2003,zaf,89.87683868408199
2003,esp,62.8001289367676
2003,kna,100.0
2003,lca,100.0
2003,vct,100.0
2003,sdn,95.4167633056641
2003,swz,100.0
2003,swe,50.9665184020996
2003,che,34.9999809265137
2003,syr,68.6156387329102
2003,tjk,82.9435195922852
2003,tls,100.0
2003,tgo,76.0807113647461
2003,tun,95.07864379882808
2003,tur,61.956298828125
2003,tca,100.0
2003,uga,79.5766830444336
2003,ukr,79.2341766357422
2003,are,98.2793426513672
2003,gbr,66.62465667724611
2003,usa,100.0
2003,ury,81.1679763793945
2003,uzb,56.6414108276367
2003,vut,31.9853706359863
2003,ven,89.04354858398442
2003,pse,95.3601531982422
2003,yem,98.34710693359379
2003,zwe,100.0
2004,arb,69.723991394043
2004,eas,66.0462493896484
2004,eap,65.5639190673828
2004,emu,43.2215805053711
2004,ecs,51.8549003601074
2004,eca,58.5328903198242
2004,euu,46.504329681396506
2004,hpc,78.0855178833008
2004,hic,68.7974014282227
2004,lcn,86.8662109375
2004,lac,88.0531463623047
2004,ldc,86.6308975219727
2004,lmy,79.2504577636719
2004,lic,81.37890625
2004,lmc,88.3503799438477
2004,mea,72.0743789672852
2004,mna,69.6484298706055
2004,mic,79.1652526855469
2004,nac,99.59954833984379
2004,oed,68.4762496948242
2004,sas,97.4017105102539
2004,ssf,85.7726287841797
2004,ssa,85.7686996459961
2004,umc,70.93731689453129
2004,wld,76.89501953125
2004,afg,98.40502166748051
2004,alb,83.1315078735352
2004,dza,85.4264678955078
2004,and,71.2062301635742
2004,arg,100.0
2004,arm,93.70794677734379
2004,abw,74.0363388061523
2004,aus,37.5249900817871
2004,aut,21.411819458007802
2004,bhs,100.0
2004,bhr,51.499759674072294
2004,bgd,95.8782272338867
2004,brb,99.5503997802734
2004,bel,44.3277587890625
2004,blz,84.11328125
2004,ben,69.24722290039061
2004,bmu,100.0
2004,bol,100.0
2004,bwa,76.53855895996091
2004,bra,92.7497329711914
2004,brn,86.4404983520508
2004,bgr,44.7509994506836
2004,bfa,73.730712890625
2004,bdi,76.724967956543
2004,cpv,86.4694137573242
2004,khm,91.66903686523442
2004,cmr,83.4545974731445
2004,cym,100.0
2004,tcd,95.24427032470699
2004,chl,61.1385383605957
2004,col,69.2678604125977
2004,com,98.7844619750977
2004,cog,52.8456687927246
2004,cri,77.0680465698242
2004,cub,42.2965507507324
2004,cyp,86.63355255126949
2004,cze,20.8739395141602
2004,dnk,44.999839782714794
2004,dji,80.6550827026367
2004,dma,100.0
2004,dom,93.4026870727539
2004,ecu,47.4267387390137
2004,egy,36.65330123901371
2004,slv,41.2420616149902
2004,eri,97.53085327148442
2004,est,70.06109619140629
2004,eth,52.0630493164063
2004,fji,91.7405776977539
2004,fin,47.581691741943395
2004,fra,43.81159973144529
2004,geo,90.73641967773442
2004,deu,38.775661468505895
2004,gha,94.7746734619141
2004,grc,66.04718017578129
2004,grd,84.0033874511719
2004,gtm,9.67827033996582
2004,gin,94.7348785400391
2004,hkg,95.03002166748051
2004,hun,72.7897415161133
2004,isl,61.324501037597706
2004,ind,97.92733764648442
2004,idn,64.49893188476561
2004,irn,81.5744934082031
2004,irq,76.5594177246094
2004,irl,65.410400390625
2004,isr,64.8160018920898
2004,ita,37.2144203186035
2004,jam,100.0
2004,jpn,75.3722686767578
2004,jor,79.51673889160159
2004,ken,98.2193984985352
2004,kir,100.0
2004,kor,70.64691162109379
2004,kwt,88.4402923583984
2004,kgz,85.4602127075195
2004,lao,96.4272232055664
2004,lva,63.2418899536133
2004,lbn,73.4881820678711
2004,lso,96.58206176757808
2004,lie,27.6983108520508
2004,ltu,72.5266571044922
2004,lux,36.8599395751953
2004,mac,93.3312225341797
2004,mkd,39.457550048828104
2004,mwi,100.0
2004,mys,86.42098999023442
2004,mdv,59.2619705200195
2004,mli,63.4703598022461
2004,mlt,46.3811111450195
2004,mhl,100.0
2004,mrt,93.1624908447266
2004,mus,86.3886032104492
2004,mex,89.54840087890629
2004,mda,73.40846252441409
2004,mco,64.0871505737305
2004,mng,79.06671142578129
2004,mne,31.4248199462891
2004,mar,88.26959228515629
2004,moz,87.3623199462891
2004,mmr,100.0
2004,nam,100.0
2004,nld,30.8357791900635
2004,nic,85.3401565551758
2004,ner,86.2827682495117
2004,nor,39.47119140625
2004,pak,93.83936309814449
2004,plw,100.0
2004,pan,46.763511657714794
2004,pry,77.947868347168
2004,per,100.0
2004,phl,100.0
2004,pol,51.2548408508301
2004,prt,69.8325729370117
2004,qat,97.98529052734379
2004,rou,35.19456100463871
2004,rus,58.5239410400391
2004,rwa,43.8813705444336
2004,wsm,100.0
2004,stp,98.0392227172852
2004,sen,94.83294677734379
2004,srb,23.7151908874512
2004,syc,100.0
2004,svk,26.1370792388916
2004,svn,37.461639404296896
2004,zaf,89.6707763671875
2004,esp,61.3006706237793
2004,kna,100.0
2004,lca,100.0
2004,vct,100.0
2004,sdn,96.2440872192383
2004,swz,100.0
2004,swe,42.452140808105504
2004,che,35.1541595458984
2004,syr,68.5215530395508
2004,tjk,85.7524185180664
2004,tha,63.67253112792971
2004,tgo,77.0895462036133
2004,tto,97.99298095703129
2004,tun,94.2985076904297
2004,tur,56.448158264160206
2004,tca,100.0
2004,uga,79.5769119262695
2004,ukr,76.7960662841797
2004,are,98.4411773681641
2004,gbr,61.350311279296896
2004,usa,100.0
2004,ury,80.36802673339841
2004,uzb,52.512168884277294
2004,vut,33.4836082458496
2004,ven,87.9968032836914
2004,pse,95.4793930053711
2004,yem,98.42517852783199
2005,arb,72.1456680297852
2005,eas,66.61183929443361
2005,eap,66.2081985473633
2005,emu,43.3966217041016
2005,ecs,51.593788146972706
2005,eca,57.7654495239258
2005,euu,46.7500190734863
2005,hpc,78.30889892578129
2005,hic,69.04107666015629
2005,lcn,86.6669769287109
2005,lac,87.8605804443359
2005,ldc,85.7556533813477
2005,lmy,79.5027618408203
2005,lic,81.1499328613281
2005,lmc,88.6981201171875
2005,mea,73.5982666015625
2005,mna,71.0999221801758
2005,mic,79.4363327026367
2005,nac,99.54698944091801
2005,oed,69.0685195922852
2005,sas,97.3669662475586
2005,ssf,86.05343627929692
2005,ssa,86.0493316650391
2005,umc,71.1464920043945
2005,wld,77.1829299926758
2005,afg,95.2599563598633
2005,dza,85.1494369506836
2005,and,75.70977783203129
2005,arg,100.0
2005,arm,93.1382904052734
2005,abw,74.6873321533203
2005,aus,38.5213012695313
2005,aut,21.4911994934082
2005,bhs,100.0
2005,bhr,51.775699615478494
2005,bgd,95.0348968505859
2005,brb,99.62036895751949
2005,bel,44.531589508056605
2005,blz,81.1377182006836
2005,ben,57.4378509521484
2005,bmu,100.0
2005,btn,92.4224166870117
2005,bwa,76.2007369995117
2005,bra,92.30626678466801
2005,brn,85.3285217285156
2005,bgr,45.8095703125
2005,bfa,73.5612564086914
2005,bdi,79.3118515014648
2005,cpv,84.9567413330078
2005,cmr,83.4704666137695
2005,cym,100.0
2005,tcd,95.3227920532227
2005,chl,61.367191314697294
2005,col,74.4087600708008
2005,cri,76.6188430786133
2005,hrv,26.221389770507802
2005,cub,43.3713607788086
2005,cyp,86.4872512817383
2005,cze,20.832050323486303
2005,dnk,45.649478912353494
2005,dji,81.3238220214844
2005,dma,100.0
2005,dom,91.8711471557617
2005,ecu,46.8623580932617
2005,slv,42.2243995666504
2005,gnq,97.82553100585942
2005,eri,97.6076507568359
2005,est,69.0149612426758
2005,eth,46.516178131103494
2005,fin,46.838508605957
2005,fra,43.879020690918
2005,geo,91.49011993408199
2005,deu,39.741729736328104
2005,gha,94.0491485595703
2005,grc,63.9370994567871
2005,grd,85.5243377685547
2005,gtm,10.1546201705933
2005,gin,96.0133895874023
2005,guy,85.4400634765625
2005,hkg,95.7051467895508
2005,hun,72.7932968139648
2005,isl,63.0504684448242
2005,ind,98.03707885742192
2005,idn,65.7116775512695
2005,irn,81.1327896118164
2005,irl,67.2642822265625
2005,isr,64.969108581543
2005,ita,38.515350341796896
2005,jam,100.0
2005,jpn,75.2843399047852
2005,jor,82.46067810058591
2005,ken,98.01943969726558
2005,kir,100.0
2005,kor,71.5656433105469
2005,kwt,91.0313034057617
2005,kgz,84.4067916870117
2005,lao,96.5409469604492
2005,lva,64.5523681640625
2005,lbn,74.231559753418
2005,lso,96.580078125
2005,lie,28.3093109130859
2005,ltu,71.8614730834961
2005,lux,37.8529510498047
2005,mac,94.0628509521484
2005,mkd,39.430389404296896
2005,mdg,84.9261016845703
2005,mwi,100.0
2005,mys,86.32473754882808
2005,mli,62.5613288879395
2005,mlt,48.0670890808105
2005,mhl,100.0
2005,mrt,93.6431427001953
2005,mus,85.4729919433594
2005,mex,89.77332305908199
2005,mda,69.6649703979492
2005,mng,80.36181640625
2005,mne,31.5075798034668
2005,mar,88.28333282470699
2005,moz,89.17736053466801
2005,mmr,100.0
2005,nam,100.0
2005,npl,96.45384979248051
2005,nld,31.5084800720215
2005,nic,85.8836975097656
2005,ner,84.6645431518555
2005,nor,39.248939514160206
2005,omn,100.0
2005,pak,93.34329223632808
2005,plw,100.0
2005,pan,48.981170654296896
2005,pry,78.08851623535159
2005,per,100.0
2005,phl,100.0
2005,pol,54.8008918762207
2005,prt,67.0711135864258
2005,qat,98.02819061279301
2005,rou,34.795841217041
2005,rus,56.978328704834006
2005,rwa,47.6660385131836
2005,wsm,100.0
2005,stp,97.3247528076172
2005,sau,96.3269805908203
2005,sen,94.83338165283199
2005,srb,24.048400878906303
2005,syc,100.0
2005,svk,26.1370697021484
2005,svn,38.2983818054199
2005,slb,100.0
2005,zaf,91.5133209228516
2005,esp,57.4360008239746
2005,kna,100.0
2005,lca,100.0
2005,vct,100.0
2005,sdn,95.7397308349609
2005,sur,38.7429084777832
2005,swz,100.0
2005,swe,42.3050994873047
2005,che,35.334201812744105
2005,syr,71.8390426635742
2005,tjk,86.7376708984375
2005,tha,61.4769706726074
2005,tgo,73.0281600952148
2005,tun,93.6105804443359
2005,tur,61.8431282043457
2005,uga,78.7140731811523
2005,ukr,76.2324295043945
2005,are,98.73497772216801
2005,gbr,60.559009552002
2005,usa,100.0
2005,ury,80.86614990234379
2005,uzb,42.58837890625
2005,ven,87.4722900390625
2005,pse,95.3148422241211
2005,yem,98.3320465087891
2006,arb,74.682373046875
2006,eas,66.08962249755861
2006,eap,65.2184906005859
2006,emu,46.607269287109396
2006,ecs,52.8650703430176
2006,eca,56.577110290527294
2006,euu,49.6523094177246
2006,hpc,78.6395797729492
2006,hic,71.3462600708008
2006,lcn,85.953369140625
2006,lac,87.09088134765629
2006,ldc,85.8166427612305
2006,lmy,79.0679168701172
2006,lic,82.12294006347659
2006,lmc,88.9419708251953
2006,mea,75.4082794189453
2006,mna,72.8847198486328
2006,mic,78.9414901733398
2006,nac,99.4947280883789
2006,oed,71.1731796264648
2006,sas,97.1602783203125
2006,ssf,85.9839630126953
2006,ssa,85.9801406860352
2006,umc,70.05490875244139
2006,wld,77.4261169433594
2006,alb,82.2272262573242
2006,dza,88.2398834228516
2006,and,76.5937194824219
2006,ago,21.0189990997314
2006,arg,100.0
2006,arm,92.413330078125
2006,abw,76.4357528686523
2006,aus,53.2291488647461
2006,aut,22.0680503845215
2006,aze,61.811279296875
2006,bhs,100.0
2006,bhr,55.3282814025879
2006,bgd,94.6193389892578
2006,brb,100.0
2006,bel,44.6708984375
2006,blz,78.154426574707
2006,bmu,100.0
2006,btn,90.9111328125
2006,bol,100.0
2006,bwa,78.0027389526367
2006,brn,85.1001205444336
2006,bgr,46.524299621582
2006,bfa,74.2443389892578
2006,bdi,80.9773864746094
2006,cpv,91.0576400756836
2006,khm,94.1216278076172
2006,cmr,83.0631866455078
2006,cym,100.0
2006,tcd,95.38867950439449
2006,chl,62.056339263915994
2006,chn,61.8327484130859
2006,col,78.8298034667969
2006,cri,82.2162170410156
2006,hrv,26.9828796386719
2006,cub,45.0543403625488
2006,cyp,86.7078399658203
2006,cze,21.0408401489258
2006,dnk,45.558689117431605
2006,dji,81.98626708984379
2006,dma,100.0
2006,ecu,46.463348388671896
2006,slv,43.5933990478516
2006,eri,97.4154434204102
2006,est,69.05935668945311
2006,eth,49.9680099487305
2006,fji,92.74942016601558
2006,fin,45.978111267089794
2006,fra,57.289920806884794
2006,geo,94.47073364257808
2006,deu,40.6170883178711
2006,gha,91.49533081054692
2006,grc,66.0644607543945
2006,gtm,10.154580116272
2006,gin,96.46985626220699
2006,hkg,96.3690719604492
2006,hun,73.3218231201172
2006,isl,63.2724494934082
2006,ind,98.0881881713867
2006,idn,65.72219085693361
2006,irn,80.6370010375977
2006,irl,67.6700973510742
2006,isr,65.6241607666016
2006,ita,39.4523811340332
2006,jpn,75.4179763793945
2006,jor,82.4608993530273
2006,kaz,65.17800903320311
2006,ken,97.8203887939453
2006,kir,100.0
2006,kor,72.26593017578129
2006,kwt,95.50595092773442
2006,kgz,84.0504837036133
2006,lao,97.1707077026367
2006,lva,65.68679809570311
2006,lbn,74.9950332641602
2006,lso,96.7312774658203
2006,lie,26.242040634155302
2006,ltu,71.8513870239258
2006,lux,38.6588096618652
2006,mac,94.22254180908199
2006,mdg,83.9073486328125
2006,mwi,100.0
2006,mys,85.851806640625
2006,mli,62.8389091491699
2006,mlt,52.820709228515604
2006,mhl,100.0
2006,mrt,94.63806915283199
2006,mus,93.8980331420898
2006,mex,90.2371368408203
2006,mda,66.6207809448242
2006,mng,79.1328964233398
2006,mne,31.42991065979
2006,mar,87.98370361328129
2006,moz,93.4342727661133
2006,mmr,100.0
2006,nam,100.0
2006,npl,96.45379638671879
2006,nld,32.0162200927734
2006,nic,86.3718795776367
2006,ner,85.794792175293
2006,nor,40.0432586669922
2006,omn,100.0
2006,pak,91.6942977905273
2006,plw,100.0
2006,pan,52.934688568115206
2006,pry,77.4758682250977
2006,per,100.0
2006,phl,100.0
2006,pol,54.859161376953104
2006,prt,66.7084274291992
2006,qat,97.88758087158199
2006,rou,35.111438751220696
2006,rus,55.6799087524414
2006,rwa,49.64839172363279
2006,wsm,100.0
2006,sen,94.8334197998047
2006,srb,24.1550407409668
2006,svk,26.789979934692397
2006,svn,39.194938659668004
2006,slb,100.0
2006,zaf,91.20388793945308
2006,esp,57.4645881652832
2006,lca,100.0
2006,sdn,92.6009063720703
2006,sur,36.5042686462402
2006,swz,100.0
2006,swe,41.884071350097706
2006,che,35.8472290039063
2006,syr,74.4781723022461
2006,tjk,86.8287887573242
2006,tha,60.231571197509794
2006,tgo,75.0812301635742
2006,tun,92.0733795166016
2006,tur,62.0314788818359
2006,uga,78.1302185058594
2006,ukr,75.772102355957
2006,are,98.6926803588867
2006,gbr,68.2298965454102
2006,usa,100.0
2006,ury,79.0205001831055
2006,uzb,36.1897583007813
2006,ven,82.8962707519531
2006,pse,95.2026519775391
2007,arb,77.4695663452148
2007,eas,64.6319427490234
2007,eap,63.5862007141113
2007,emu,46.9812812805176
2007,ecs,52.7907485961914
2007,eca,56.2131500244141
2007,euu,49.849880218505895
2007,hpc,79.1447296142578
2007,hic,71.7088928222656
2007,lcn,85.311637878418
2007,lac,86.4057998657227
2007,ldc,85.9640884399414
2007,lmy,78.40769958496091
2007,lic,82.8677978515625
2007,lmc,89.2116317749023
2007,mea,77.044319152832
2007,mna,74.3965606689453
2007,mic,78.2128219604492
2007,nac,99.4441680908203
2007,oed,71.42774963378909
2007,sas,97.09075927734379
2007,ssf,86.1431198120117
2007,ssa,86.1396865844727
2007,umc,68.45327758789061
2007,wld,77.0116729736328
2007,afg,97.4061508178711
2007,alb,82.5987319946289
2007,dza,93.35836791992192
2007,and,76.5550231933594
2007,ago,21.517650604248
2007,arg,100.0
2007,arm,90.2974319458008
2007,abw,70.4288864135742
2007,aus,53.5323600769043
2007,aut,22.6916007995605
2007,aze,62.1912307739258
2007,bhs,100.0
2007,bgd,93.8687591552734
2007,brb,100.0
2007,bel,44.244499206543
2007,blz,82.2438888549805
2007,btn,87.2871322631836
2007,bol,100.0
2007,bih,24.368900299072298
2007,bwa,82.9565200805664
2007,bra,89.0089111328125
2007,brn,85.6418914794922
2007,bgr,47.1345100402832
2007,bfa,74.5716094970703
2007,bdi,80.0326232910156
2007,cpv,92.96987915039058
2007,khm,92.2421493530273
2007,cmr,81.10980224609379
2007,cym,100.0
2007,tcd,95.72595977783199
2007,chl,62.360721588134794
2007,chn,59.6378784179688
2007,col,77.79283142089841
2007,cri,82.4322967529297
2007,hrv,27.3107891082764
2007,cub,47.656951904296896
2007,cyp,87.1141815185547
2007,cze,25.1569004058838
2007,dnk,46.2625503540039
2007,dji,82.7537536621094
2007,dma,100.0
2007,dom,93.9979782104492
2007,ecu,46.3697090148926
2007,slv,45.5733413696289
2007,eri,98.0747299194336
2007,est,68.66146850585939
2007,eth,47.8256988525391
2007,fji,90.61988067626949
2007,fin,45.591438293457
2007,fra,56.552398681640604
2007,geo,94.51193237304692
2007,deu,42.582969665527294
2007,gha,85.5770263671875
2007,grc,67.944221496582
2007,gtm,12.4848804473877
2007,guy,81.3453674316406
2007,hkg,96.9398574829102
2007,hun,73.8329086303711
2007,isl,66.08535766601561
2007,ind,98.1527099609375
2007,idn,66.70523071289061
2007,irn,80.05877685546879
2007,irq,90.30042266845699
2007,irl,67.54718017578129
2007,isr,66.095329284668
2007,ita,40.228828430175795
2007,jpn,75.69447326660159
2007,jor,82.9602737426758
2007,ken,97.9243927001953
2007,kir,100.0
2007,kor,73.26686096191409
2007,kwt,96.08715057373051
2007,kgz,83.3754806518555
2007,lao,97.79122924804692
2007,lva,65.5927734375
2007,lbn,74.9162979125977
2007,lso,96.6146469116211
2007,lie,21.106559753418
2007,ltu,71.2669982910156
2007,lux,39.238620758056605
2007,mac,93.27188110351558
2007,mkd,39.4420890808105
2007,mdg,85.9032821655273
2007,mwi,100.0
2007,mys,84.6076583862305
2007,mli,62.426578521728494
2007,mlt,52.9695014953613
2007,mhl,94.01840209960942
2007,mus,93.60547637939449
2007,mex,90.5819778442383
2007,mda,67.2673797607422
2007,mne,31.3466300964355
2007,mar,87.86205291748051
2007,moz,93.26354217529301
2007,mmr,100.0
2007,nam,100.0
2007,nru,100.0
2007,npl,97.3534698486328
2007,nld,32.2101516723633
2007,nic,88.7129669189453
2007,ner,85.4877166748047
2007,nor,42.5324096679688
2007,omn,100.0
2007,pak,91.09973907470699
2007,plw,100.0
2007,pan,57.4759101867676
2007,pry,76.7855606079102
2007,per,100.0
2007,phl,100.0
2007,pol,53.4628982543945
2007,prt,66.7621383666992
2007,qat,97.66940307617192
2007,rou,35.1407089233398
2007,rus,54.2023315429688
2007,rwa,55.234619140625
2007,wsm,100.0
2007,stp,93.2523574829102
2007,sau,98.75074005126949
2007,srb,24.117820739746104
2007,syc,100.0
2007,sgp,88.6727294921875
2007,svk,27.2450904846191
2007,svn,40.0363883972168
2007,slb,100.0
2007,som,100.0
2007,zaf,90.8965606689453
2007,esp,56.583988189697294
2007,kna,100.0
2007,lca,100.0
2007,vct,100.0
2007,sdn,95.0994033813477
2007,sur,33.2417411804199
2007,swz,100.0
2007,swe,41.244178771972706
2007,che,35.1832504272461
2007,syr,77.7414627075195
2007,tjk,87.7531280517578
2007,tha,59.980308532714794
2007,tgo,74.5721435546875
2007,tun,91.4789810180664
2007,tur,61.3551216125488
2007,ukr,75.5431289672852
2007,are,98.6808624267578
2007,gbr,67.9181594848633
2007,usa,100.0
2007,ury,76.0631332397461
2007,ven,83.5058135986328
2007,pse,95.15601348876949
2008,arb,78.89576721191409
2008,eas,62.699180603027294
2008,eap,61.4423713684082
2008,emu,46.9007682800293
2008,ecs,53.0810699462891
2008,eca,55.60395812988279
2008,euu,50.846649169921896
2008,hpc,79.2587203979492
2008,hic,72.3306884765625
2008,lcn,84.6972885131836
2008,lac,85.7096481323242
2008,ldc,85.2055587768555
2008,lmy,78.1742706298828
2008,lic,83.1402969360352
2008,lmc,89.6283798217773
2008,mea,78.3251266479492
2008,mna,75.61390686035159
2008,mic,77.9408187866211
2008,nac,99.3911285400391
2008,oed,71.8712615966797
2008,sas,97.02014923095699
2008,ssf,86.2939605712891
2008,ssa,86.2909469604492
2008,umc,66.98435211181639
2008,wld,76.9983825683594
2008,afg,97.31002807617192
2008,alb,83.3014221191406
2008,dza,88.7200698852539
2008,and,75.4911117553711
2008,ago,28.168399810791
2008,atg,93.0820083618164
2008,arg,100.0
2008,arm,87.5222702026367
2008,abw,72.7832489013672
2008,aus,51.974891662597706
2008,aut,22.947290420532198
2008,aze,61.572349548339794
2008,bhs,100.0
2008,bhr,66.73825836181639
2008,bgd,91.8605270385742
2008,brb,100.0
2008,bel,44.243221282959006
2008,blz,81.7385330200195
2008,btn,100.0
2008,bol,100.0
2008,bih,24.889169692993196
2008,bra,87.68077850341801
2008,brn,84.5672988891602
2008,bgr,48.487640380859396
2008,bfa,76.1996383666992
2008,cpv,93.31265258789058
2008,khm,92.5924835205078
2008,cmr,82.2799911499023
2008,cym,100.0
2008,tcd,96.52857208251949
2008,chl,62.7900886535645
2008,chn,57.3635597229004
2008,col,75.4419708251953
2008,cod,65.9430465698242
2008,cri,82.1951217651367
2008,hrv,27.6268692016602
2008,cub,50.603031158447294
2008,cyp,87.4453887939453
2008,cze,26.278490066528303
2008,dnk,47.036380767822294
2008,dji,84.10955810546879
2008,dma,100.0
2008,dom,92.65322875976558
2008,slv,43.8897018432617
2008,eri,98.07520294189449
2008,est,67.98293304443361
2008,eth,45.764331817627
2008,fji,89.3493881225586
2008,fin,45.2060012817383
2008,fra,56.1958885192871
2008,gmb,75.5879669189453
2008,geo,98.79962158203129
2008,deu,42.5192909240723
2008,gha,86.4802780151367
2008,gib,100.0
2008,gtm,12.3522701263428
2008,gin,93.11660766601558
2008,guy,96.7517471313477
2008,hkg,97.4973602294922
2008,hun,73.3610305786133
2008,isl,65.7490921020508
2008,ind,98.1567764282227
2008,idn,62.752479553222706
2008,irn,81.1169128417969
2008,irl,67.33315277099611
2008,isr,65.5300216674805
2008,ita,40.638671875
2008,jpn,76.0060729980469
2008,jor,85.1722717285156
2008,ken,97.8966827392578
2008,kir,100.0
2008,kor,74.527961730957
2008,kwt,96.92312622070308
2008,kgz,86.9940185546875
2008,lao,98.62875366210942
2008,lva,65.2131423950195
2008,lbn,72.9155731201172
2008,lso,96.6168670654297
2008,lie,21.7241401672363
2008,ltu,71.519401550293
2008,lux,39.6310615539551
2008,mac,93.8338470458984
2008,mkd,40.179161071777294
2008,mdg,85.5148620605469
2008,mwi,100.0
2008,mys,84.0854110717773
2008,mli,60.362220764160206
2008,mlt,48.217380523681605
2008,mrt,94.64000701904301
2008,mus,93.6121063232422
2008,mex,90.63646697998051
2008,mda,64.2600784301758
2008,mco,71.5378723144531
2008,mne,31.181669235229503
2008,mar,87.5923385620117
2008,moz,92.6046600341797
2008,mmr,100.0
2008,npl,98.2529983520508
2008,nld,32.361129760742195
2008,nic,91.3119125366211
2008,ner,85.1820602416992
2008,nor,44.758338928222706
2008,omn,100.0
2008,pak,91.25003051757808
2008,pan,57.3985481262207
2008,pry,76.4181900024414
2008,per,100.0
2008,phl,100.0
2008,pol,50.845420837402294
2008,prt,64.9077072143555
2008,qat,98.0165481567383
2008,rou,35.2105293273926
2008,rus,53.024539947509794
2008,rwa,55.2342681884766
2008,smr,62.3624382019043
2008,stp,89.1460494995117
2008,sen,92.29873657226558
2008,srb,23.9371490478516
2008,syc,100.0
2008,sgp,88.9640884399414
2008,svk,28.120630264282198
2008,svn,40.4767189025879
2008,zaf,90.5912628173828
2008,esp,56.17134094238279
2008,kna,100.0
2008,lca,100.0
2008,vct,100.0
2008,sdn,95.5303421020508
2008,sur,36.161308288574205
2008,swe,40.536338806152294
2008,che,35.197048187255895
2008,syr,78.5695724487305
2008,tjk,89.7548980712891
2008,tha,60.094608306884794
2008,tls,100.0
2008,tun,90.1579437255859
2008,tur,59.5620803833008
2008,uga,79.06072998046879
2008,ukr,75.0518569946289
2008,gbr,76.3893127441406
2008,usa,100.0
2008,ury,71.0988998413086
2008,ven,83.493278503418
2008,pse,95.3023300170898
2008,yem,98.07215118408199
2009,arb,80.1430206298828
2009,eas,61.803638458252
2009,eap,60.4125785827637
2009,emu,47.855289459228494
2009,ecs,53.2014389038086
2009,eca,54.88594055175779
2009,euu,51.5821113586426
2009,hpc,79.2500762939453
2009,hic,72.7462463378906
2009,lcn,84.1066970825195
2009,lac,84.9917984008789
2009,ldc,85.3331985473633
2009,lmy,77.7969665527344
2009,lic,83.005126953125
2009,lmc,89.5950698852539
2009,mea,79.064323425293
2009,mna,76.6568298339844
2009,mic,77.5363235473633
2009,nac,99.33624267578129
2009,oed,72.0718231201172
2009,sas,96.7863235473633
2009,ssf,86.62423706054692
2009,ssa,86.6215133666992
2009,umc,65.90756225585939
2009,wld,76.8066329956055
2009,afg,94.8733901977539
2009,alb,83.6916275024414
2009,dza,87.8946914672852
2009,and,72.58348083496091
2009,ago,27.8575496673584
2009,atg,92.4289016723633
2009,arg,100.0
2009,arm,87.04739379882808
2009,abw,74.5724334716797
2009,aus,52.5727882385254
2009,aut,22.726810455322298
2009,aze,57.3248901367188
2009,bhs,100.0
2009,bhr,75.5195617675781
2009,bgd,92.1589736938477
2009,brb,100.0
2009,bel,44.150508880615206
2009,blz,81.550537109375
2009,btn,100.0
2009,bol,100.0
2009,bih,25.266040802002
2009,bra,86.6023101806641
2009,brn,84.4647521972656
2009,bgr,49.1887397766113
2009,bfa,79.083381652832
2009,bdi,80.9191436767578
2009,cpv,92.63172149658199
2009,cmr,77.5773696899414
2009,caf,90.0965805053711
2009,tcd,96.6545867919922
2009,chl,63.4063911437988
2009,chn,55.7395515441895
2009,col,72.2856826782227
2009,cod,68.6357421875
2009,cri,82.7804489135742
2009,hrv,28.0732097625732
2009,cub,50.3018798828125
2009,cyp,87.3774185180664
2009,cze,27.1993293762207
2009,dnk,48.042839050293
2009,dji,85.8452529907227
2009,dma,100.0
2009,dom,94.8545303344727
2009,egy,46.814090728759794
2009,slv,43.8891105651855
2009,eri,100.0
2009,est,66.95480346679689
2009,eth,40.5489616394043
2009,fji,92.93515014648442
2009,fin,44.9298896789551
2009,fra,56.1586112976074
2009,gmb,75.5872802734375
2009,geo,97.1493988037109
2009,deu,46.7770805358887
2009,gha,86.8460922241211
2009,gib,100.0
2009,grd,100.0
2009,gtm,13.3696699142456
2009,guy,90.998046875
2009,hkg,97.78723907470699
2009,hun,73.4359970092773
2009,isl,66.2014617919922
2009,idn,61.7380790710449
2009,irn,81.209358215332
2009,irl,66.08590698242189
2009,isr,64.70102691650389
2009,ita,40.9922218322754
2009,jam,100.0
2009,jpn,76.2329406738281
2009,ken,98.97113037109379
2009,prk,100.0
2009,kor,75.6286926269531
2009,kwt,96.3066177368164
2009,kgz,85.78077697753909
2009,lao,99.1060791015625
2009,lva,59.3709716796875
2009,lbn,70.91969299316409
2009,lso,96.6174468994141
2009,lie,12.5547399520874
2009,ltu,71.4369430541992
2009,mac,93.5050735473633
2009,mkd,40.654960632324205
2009,mdg,87.79979705810551
2009,mwi,100.0
2009,mys,84.7557601928711
2009,mli,60.383029937744105
2009,mrt,94.6383590698242
2009,mus,93.4946975708008
2009,mex,90.6477890014648
2009,mda,62.236911773681605
2009,mco,63.4868392944336
2009,mng,74.4136962890625
2009,mne,31.2176208496094
2009,mar,87.6623687744141
2009,moz,91.0503768920898
2009,mmr,100.0
2009,npl,98.25299072265629
2009,nld,32.1929206848145
2009,nzl,60.4688301086426
2009,ner,84.8804016113281
2009,nor,45.913200378418
2009,omn,100.0
2009,pak,90.33770751953129
2009,pan,56.256629943847706
2009,pry,76.0608215332031
2009,per,100.0
2009,phl,100.0
2009,pol,48.5046310424805
2009,prt,59.3461112976074
2009,qat,97.9331512451172
2009,rou,36.31435012817379
2009,rus,51.5005111694336
2009,rwa,50.9969291687012
2009,wsm,100.0
2009,smr,62.5449295043945
2009,stp,85.6396865844727
2009,sau,98.2342300415039
2009,srb,23.828180313110398
2009,syc,100.0
2009,sgp,88.8492813110352
2009,svk,28.8931694030762
2009,svn,40.8465614318848
2009,zaf,90.2880325317383
2009,esp,57.082069396972706
2009,kna,100.0
2009,lca,100.0
2009,vct,100.0
2009,sdn,96.3052215576172
2009,sur,37.1815605163574
2009,swz,100.0
2009,swe,40.2891082763672
2009,che,34.4862289428711
2009,syr,78.95066833496091
2009,tjk,89.7804412841797
2009,tha,61.1786994934082
2009,tls,88.6567001342773
2009,tun,89.02172088623051
2009,tur,57.3731803894043
2009,tca,100.0
2009,ukr,74.3339614868164
2009,are,98.6926116943359
2009,gbr,77.46836853027341
2009,usa,100.0
2009,ury,71.8759384155273
2009,ven,82.9028396606445
2009,pse,94.3480224609375
2010,arb,79.9077377319336
2010,eas,60.8321685791016
2010,eap,59.271690368652294
2010,emu,47.752811431884794
2010,ecs,52.4835090637207
2010,eca,53.6190795898438
2010,euu,51.273868560790994
2010,hpc,79.2288436889648
2010,hic,72.5555191040039
2010,lcn,83.7015914916992
2010,lac,84.5495376586914
2010,ldc,85.0876693725586
2010,lmy,77.6266632080078
2010,lic,82.6639709472656
2010,lmc,89.5383682250977
2010,mea,78.6527786254883
2010,mna,76.188102722168
2010,mic,77.36328125
2010,nac,99.2878875732422
2010,oed,71.6823425292969
2010,sas,96.6877975463867
2010,ssf,86.9980697631836
2010,ssa,86.9957275390625
2010,umc,65.1236572265625
2010,wld,76.6555862426758
2010,afg,97.9839401245117
2010,alb,85.77674865722659
2010,dza,89.74130249023442
2010,and,69.9426727294922
2010,ago,26.841249465942397
2010,atg,91.7619171142578
2010,arg,100.0
2010,arm,84.9217071533203
2010,abw,76.3608474731445
2010,aus,52.460109710693395
2010,aut,23.2257804870605
2010,aze,55.5150489807129
2010,bhs,100.0
2010,bhr,83.1952896118164
2010,bgd,91.3648834228516
2010,brb,100.0
2010,blr,61.358058929443395
2010,bel,44.132381439209006
2010,blz,81.7327575683594
2010,bmu,100.0
2010,btn,100.0
2010,bol,100.0
2010,bih,25.520870208740202
2010,bra,85.74253845214841
2010,brn,88.4151382446289
2010,bgr,48.5098991394043
2010,bfa,80.4126434326172
2010,bdi,80.9612197875977
2010,cpv,92.6530075073242
2010,tcd,96.2204208374023
2010,chl,64.0953903198242
2010,chn,54.4801712036133
2010,col,72.4210662841797
2010,cod,66.5639266967773
2010,cri,82.462028503418
2010,hrv,28.460750579834
2010,cub,51.2129402160645
2010,cyp,87.0292129516602
2010,cze,27.390739440918
2010,dnk,48.4925308227539
2010,dma,100.0
2010,dom,93.0860824584961
2010,ecu,50.2268600463867
2010,egy,49.2994194030762
2010,slv,44.6981887817383
2010,eri,98.6470184326172
2010,est,65.8163681030273
2010,eth,40.8042411804199
2010,fin,43.794361114502
2010,fra,55.6623611450195
2010,gmb,75.5872573852539
2010,deu,48.5059814453125
2010,grc,69.30722045898439
2010,grd,100.0
2010,gtm,15.033989906311
2010,guy,85.59478759765629
2010,hkg,97.8999862670898
2010,hun,72.4397811889648
2010,isl,65.69040679931639
2010,idn,59.4199905395508
2010,irn,80.5812225341797
2010,irl,64.092887878418
2010,isr,61.8070602416992
2010,ita,40.013210296630895
2010,jam,100.0
2010,jpn,76.4975967407227
2010,jor,87.5901565551758
2010,kaz,60.9881782531738
2010,kor,76.33445739746091
2010,kwt,95.52584838867192
2010,kgz,84.79505920410159
2010,lao,98.7728805541992
2010,lva,58.850681304931605
2010,lbn,72.5674819946289
2010,lso,98.35875701904301
2010,lie,19.693950653076197
2010,ltu,70.1768035888672
2010,lux,40.1144905090332
2010,mac,92.9322128295898
2010,mkd,40.0027008056641
2010,mwi,100.0
2010,mys,85.2378463745117
2010,mli,57.7335891723633
2010,mlt,50.7385101318359
2010,mrt,94.6386489868164
2010,mus,93.3689422607422
2010,mex,90.8037109375
2010,mda,64.4511032104492
2010,mco,59.8664703369141
2010,mng,71.3468017578125
2010,mne,31.7953395843506
2010,mar,87.8317718505859
2010,moz,92.54373168945308
2010,mmr,100.0
2010,npl,98.2530364990234
2010,nld,32.0931396484375
2010,nzl,69.8564300537109
2010,nic,95.4078598022461
2010,ner,85.0075225830078
2010,nor,46.1391410827637
2010,pak,90.80538940429692
2010,pan,55.8073387145996
2010,pry,75.9057922363281
2010,per,100.0
2010,pol,46.7162208557129
2010,prt,57.864051818847706
2010,qat,98.12525177001949
2010,rou,36.2055015563965
2010,wsm,100.0
2010,smr,63.0977897644043
2010,stp,85.79052734375
2010,srb,23.8547801971436
2010,syc,100.0
2010,svk,29.2126808166504
2010,svn,40.585151672363295
2010,slb,100.0
2010,zaf,91.8579864501953
2010,esp,55.429759979248
2010,lka,89.2043991088867
2010,kna,100.0
2010,lca,100.0
2010,vct,100.0
2010,sdn,95.8629302978516
2010,swz,100.0
2010,swe,40.43259811401371
2010,che,33.758411407470696
2010,syr,78.6859512329102
2010,tjk,89.30715942382808
2010,tza,45.8530197143555
2010,tha,62.533660888671896
2010,tls,86.0205307006836
2010,tun,90.879638671875
2010,tur,54.9323883056641
2010,ukr,71.3586883544922
2010,are,97.4316787719727
2010,gbr,76.2087326049805
2010,usa,100.0
2010,ury,69.90586090087889
2010,vut,72.3366317749023
2010,ven,84.28662109375
2010,pse,93.9177627563477
2010,yem,98.1644287109375
2011,arb,79.0869827270508
2011,eas,60.7579002380371
2011,eap,59.145999908447294
2011,emu,48.2507209777832
2011,ecs,52.60820007324221
2011,eca,52.911159515380895
2011,euu,51.9509506225586
2011,hpc,79.98692321777341
2011,hic,73.230110168457
2011,lcn,83.90965270996091
2011,lac,84.7597885131836
2011,ldc,85.6058807373047
2011,lmy,77.8904190063477
2011,lic,83.5528335571289
2011,lmc,89.255859375
2011,mea,77.977653503418
2011,mna,75.5222091674805
2011,mic,77.5780868530273
2011,nac,99.2469635009766
2011,oed,72.1199264526367
2011,sas,96.6167373657227
2011,ssf,87.5411911010742
2011,ssa,87.5396881103516
2011,umc,65.1824798583984
2011,wld,77.0292434692383
2011,afg,97.56726837158199
2011,alb,87.5464630126953
2011,dza,90.2813568115234
2011,and,70.6116027832031
2011,ago,26.627639770507802
2011,atg,93.2685089111328
2011,arg,100.0
2011,arm,76.6665878295898
2011,abw,78.0604476928711
2011,aus,51.110660552978494
2011,aut,23.2655906677246
2011,aze,53.752780914306605
2011,bhr,85.3302536010742
2011,bgd,92.7337188720703
2011,brb,100.0
2011,blr,57.273399353027294
2011,bel,44.505401611328104
2011,blz,79.7480163574219
2011,ben,88.7266616821289
2011,bmu,100.0
2011,btn,100.0
2011,bol,100.0
2011,bih,25.526109695434602
2011,bra,84.9239196777344
2011,brn,87.74146270751949
2011,bgr,48.5185012817383
2011,bfa,82.13575744628909
2011,bdi,79.6809463500977
2011,cpv,92.8669815063477
2011,cmr,76.9575576782227
2011,cym,100.0
2011,caf,87.982177734375
2011,tcd,96.3307418823242
2011,chl,63.8671684265137
2011,chn,54.508338928222706
2011,col,79.74217224121091
2011,cri,82.0243835449219
2011,hrv,28.972349166870103
2011,cub,46.9201316833496
2011,cyp,87.33556365966801
2011,cze,27.5137405395508
2011,dnk,48.9263381958008
2011,dji,87.8815383911133
2011,dma,100.0
2011,dom,92.9927520751953
2011,ecu,49.933170318603494
2011,egy,49.152530670165994
2011,slv,53.8424797058105
2011,eri,98.0467681884766
2011,est,65.5789031982422
2011,eth,43.6980209350586
2011,fji,94.5267715454102
2011,fin,42.9900894165039
2011,fra,55.4455490112305
2011,deu,51.4161911010742
2011,gha,91.0181503295898
2011,grc,68.29580688476561
2011,gtm,16.2054595947266
2011,gin,85.3828582763672
2011,guy,90.25552368164058
2011,hkg,97.9551162719727
2011,hun,71.742317199707
2011,isl,65.495246887207
2011,idn,57.744991302490206
2011,irn,79.966926574707
2011,irl,68.3502883911133
2011,isr,61.5396003723145
2011,ita,40.010551452636705
2011,jam,100.0
2011,jpn,76.7394027709961
2011,jor,87.7097702026367
2011,kaz,64.692626953125
2011,kor,78.6608810424805
2011,kwt,94.70278930664058
2011,kgz,67.3511962890625
2011,lao,98.53772735595699
2011,lva,56.753078460693395
2011,lbn,68.36782836914061
2011,lso,98.33059692382808
2011,lbr,82.366943359375
2011,lie,21.0967693328857
2011,ltu,69.57769775390629
2011,lux,40.1112289428711
2011,mac,91.6523590087891
2011,mkd,39.948921203613295
2011,mdg,92.0030364990234
2011,mwi,100.0
2011,mys,84.0218963623047
2011,mli,60.3610916137695
2011,mlt,71.5968933105469
2011,mrt,94.5870590209961
2011,mus,93.7567977905273
2011,mex,91.0196380615234
2011,mda,65.2089309692383
2011,mco,66.46795654296879
2011,mne,32.1608695983887
2011,mar,88.3384170532227
2011,moz,92.1765594482422
2011,npl,98.2530136108398
2011,nld,31.566520690918
2011,nzl,70.6010971069336
2011,ner,85.0415420532227
2011,nor,47.377750396728494
2011,omn,100.0
2011,pak,90.9327392578125
2011,pan,55.165000915527294
2011,pry,75.77317810058591
2011,per,100.0
2011,pol,45.9602394104004
2011,prt,57.4306297302246
2011,qat,98.2274703979492
2011,rou,36.8772315979004
2011,rus,48.197151184082
2011,rwa,58.9045906066895
2011,wsm,100.0
2011,smr,64.09348297119139
2011,stp,85.4166717529297
2011,srb,23.8497695922852
2011,syc,95.74984741210942
2011,svk,29.6919898986816
2011,svn,40.1580009460449
2011,slb,100.0
2011,zaf,91.7841415405273
2011,esp,54.7252311706543
2011,lka,88.1883697509766
2011,kna,100.0
2011,lca,100.0
2011,sdn,96.7367477416992
2011,sur,45.777618408203104
2011,swz,100.0
2011,swe,41.023521423339794
2011,che,34.8772201538086
2011,syr,77.739128112793
2011,tjk,89.6602935791016
2011,tha,63.6586112976074
2011,tls,85.1246109008789
2011,tgo,84.3578414916992
2011,tun,89.4077377319336
2011,tur,53.6601791381836
2011,ukr,68.7014617919922
2011,are,97.4981231689453
2011,gbr,82.8432083129883
2011,usa,100.0
2011,ven,84.9430694580078
2011,pse,98.1301498413086
2011,yem,98.1309280395508
2012,arb,79.55824279785159
2012,eas,61.295139312744105
2012,eap,59.712131500244105
2012,emu,48.61669921875
2012,ecs,52.7982597351074
2012,eca,52.926841735839794
2012,euu,52.3650512695313
2012,hpc,82.2755813598633
2012,hic,73.3778991699219
2012,lcn,83.4674301147461
2012,lac,84.19171142578129
2012,ldc,86.7129135131836
2012,lmy,78.60955810546879
2012,lic,85.5922927856445
2012,lmc,89.37579345703129
2012,mea,77.9531478881836
2012,mna,75.489387512207
2012,mic,78.21546936035159
2012,nac,99.1259078979492
2012,oed,72.2143478393555
2012,sas,96.5465087890625
2012,ssf,88.6818695068359
2012,ssa,88.6811370849609
2012,umc,65.5805206298828
2012,wld,77.6771011352539
2012,afg,97.343017578125
2012,alb,87.39666748046879
2012,and,72.5042266845703
2012,atg,93.4937286376953
2012,arg,100.0
2012,arm,75.6020126342773
2012,abw,82.58624267578129
2012,aus,49.5349006652832
2012,aut,23.9511203765869
2012,aze,52.0023994445801
2012,bhr,84.37200927734379
2012,bgd,91.8336868286133
2012,blr,55.6958198547363
2012,bel,45.3750991821289
2012,blz,78.8723678588867
2012,bmu,100.0
2012,btn,100.0
2012,bol,100.0
2012,bih,25.1592292785645
2012,bwa,84.9309921264648
2012,bra,84.1504287719727
2012,brn,83.8387069702148
2012,bgr,50.082828521728494
2012,bfa,82.6447296142578
2012,bdi,82.607780456543
2012,cpv,93.3162002563477
2012,cmr,76.4803466796875
2012,can,92.51354217529301
2012,cym,100.0
2012,caf,90.8087310791016
2012,tcd,95.5919036865234
2012,chl,65.42938232421879
2012,chn,55.523380279540994
2012,col,76.1386032104492
2012,cod,69.2894134521484
2012,cog,77.629997253418
2012,cri,79.3387908935547
2012,civ,84.857307434082
2012,hrv,29.235010147094698
2012,cub,45.3194389343262
2012,cyp,87.1553115844727
2012,cze,27.777660369873
2012,dnk,49.6630783081055
2012,dji,88.2518997192383
2012,dma,100.0
2012,dom,92.7032928466797
2012,ecu,51.8637084960938
2012,egy,50.54753112792971
2012,slv,46.2492599487305
2012,eri,97.4199371337891
2012,est,65.86148071289061
2012,eth,61.681911468505895
2012,fji,96.1700668334961
2012,fin,42.5207099914551
2012,fra,55.7970314025879
2012,deu,51.6921882629395
2012,gha,90.5959625244141
2012,grc,66.93002319335939
2012,gtm,16.124700546264602
2012,gin,91.6859130859375
2012,guy,90.2829132080078
2012,hkg,97.7176971435547
2012,hun,71.0540771484375
2012,isl,65.62271118164061
2012,idn,56.668819427490206
2012,irn,79.191162109375
2012,irl,68.05209350585939
2012,isr,60.8959808349609
2012,ita,40.7637786865234
2012,jam,100.0
2012,jpn,76.8828964233398
2012,kaz,64.7271194458008
2012,kor,80.5624237060547
2012,kwt,95.66162109375
2012,lao,97.2659912109375
2012,lva,55.1064605712891
2012,lbn,73.5173568725586
2012,lso,88.5185089111328
2012,lie,22.4529495239258
2012,ltu,69.5924606323242
2012,lux,40.7370109558105
2012,mac,91.0673370361328
2012,mkd,40.2243804931641
2012,mdg,91.86463165283199
2012,mwi,100.0
2012,mys,79.3324508666992
2012,mlt,88.1559066772461
2012,mrt,95.68557739257808
2012,mus,93.8396682739258
2012,mex,91.1513824462891
2012,mda,64.60888671875
2012,mco,71.3057098388672
2012,mne,32.722320556640604
2012,mar,88.3927688598633
2012,moz,93.07305908203129
2012,nru,100.0
2012,npl,98.2529678344727
2012,nld,31.457160949707
2012,nzl,72.5858612060547
2012,ner,67.2933502197266
2012,nor,48.0061912536621
2012,omn,98.7424468994141
2012,pak,91.4835205078125
2012,pan,69.55197143554689
2012,png,95.8929824829102
2012,pry,78.14756774902341
2012,per,100.0
2012,pol,45.664821624755895
2012,prt,57.1898803710938
2012,qat,98.5769577026367
2012,rou,38.0664482116699
2012,rus,48.6820411682129
2012,rwa,67.8802337646484
2012,wsm,100.0
2012,smr,63.1001396179199
2012,stp,76.49159240722659
2012,srb,24.1470794677734
2012,syc,92.55944061279301
2012,sxm,30.11203956604
2012,svk,30.3229293823242
2012,svn,39.7252311706543
2012,slb,100.0
2012,zaf,91.12035369873051
2012,esp,54.4551811218262
2012,lka,88.3571090698242
2012,kna,100.0
2012,lca,100.0
2012,sdn,96.9643096923828
2012,swe,51.220001220703104
2012,che,34.7568702697754
2012,syr,77.351448059082
2012,tjk,93.5471420288086
2012,tza,42.010429382324205
2012,tha,65.103141784668
2012,tls,87.626220703125
2012,tur,52.0418701171875
2012,ukr,71.7600631713867
2012,are,97.0966796875
2012,gbr,81.9317321777344
2012,usa,100.0
2012,ven,84.7979202270508
2012,pse,98.1228866577148
2012,yem,98.13098907470699
2012,zwe,100.0
2013,arb,79.4476776123047
2013,eas,60.1866302490234
2013,eap,58.52082824707029
2013,emu,49.842838287353494
2013,ecs,52.0391311645508
2013,eca,53.6869583129883
2013,euu,50.794219970703104
2013,hpc,82.9067077636719
2013,hic,71.3536376953125
2013,lcn,85.5833282470703
2013,lac,86.31976318359379
2013,ldc,87.17040252685551
2013,lmy,78.1615676879883
2013,lic,85.7309112548828
2013,lmc,89.21739959716801
2013,mea,76.88929748535159
2013,mna,74.19866943359379
2013,mic,77.7151794433594
2013,nac,99.0934829711914
2013,oed,70.3260879516602
2013,sas,96.3793563842773
2013,ssf,88.5346908569336
2013,ssa,88.5342864990234
2013,umc,65.1707077026367
2013,wld,76.91156005859379
2013,afg,96.9543991088867
2013,alb,84.2719802856445
2013,and,72.5862121582031
2013,arg,100.0
2013,arm,77.2240219116211
2013,aus,49.66300964355471
2013,aut,29.820480346679698
2013,aze,50.7272796630859
2013,bhr,84.0415802001953
2013,bgd,92.5742721557617
2013,blr,58.1559715270996
2013,bel,39.7645301818848
2013,blz,86.2635498046875
2013,ben,91.60910034179692
2013,bmu,100.0
2013,btn,95.8837890625
2013,bol,100.0
2013,bih,26.6341495513916
2013,bwa,84.9300308227539
2013,bra,91.85745239257808
2013,brn,81.1028213500977
2013,bgr,47.563648223877
2013,bfa,84.7505264282227
2013,bdi,76.9098129272461
2013,cpv,92.6636962890625
2013,cmr,78.701042175293
2013,can,92.1980209350586
2013,cym,100.0
2013,tcd,95.8206634521484
2013,chl,69.07125854492189
2013,chn,54.0059585571289
2013,col,74.3707809448242
2013,com,98.61895751953129
2013,cod,68.5147171020508
2013,cri,71.4670867919922
2013,cub,44.502799987793
2013,cuw,33.333328247070305
2013,cyp,86.4292831420898
2013,cze,26.244010925293
2013,dnk,56.721649169921896
2013,dji,88.6117935180664
2013,dma,100.0
2013,dom,92.6766586303711
2013,ecu,26.4559001922607
2013,egy,51.1676712036133
2013,slv,46.9245681762695
2013,eri,97.81625366210942
2013,est,65.5579376220703
2013,fin,29.8696098327637
2013,fra,57.01737976074221
2013,geo,85.44232177734379
2013,deu,52.4912796020508
2013,gha,93.19796752929692
2013,grc,66.3245468139648
2013,grd,100.0
2013,gtm,18.362079620361303
2013,hnd,54.159629821777294
2013,hkg,97.3763275146484
2013,hun,73.5305862426758
2013,ind,97.2813873291016
2013,idn,57.174598693847706
2013,irn,75.79931640625
2013,isr,59.729408264160206
2013,ita,40.565269470214794
2013,jam,100.0
2013,jpn,76.9958877563477
2013,kaz,65.2256393432617
2013,kor,82.29209899902341
2013,kgz,69.772102355957
2013,lao,96.29266357421879
2013,lva,60.9121208190918
2013,lbn,72.69737243652341
2013,lso,88.4320831298828
2013,ltu,72.4495086669922
2013,lux,40.1368293762207
2013,mac,90.7337875366211
2013,mwi,100.0
2013,mys,80.1036911010742
2013,mli,61.2466812133789
2013,mlt,87.1933364868164
2013,mrt,95.68646240234379
2013,mus,93.4222869873047
2013,mda,62.864070892334006
2013,mco,71.5251693725586
2013,mng,76.34661865234379
2013,mar,94.6109619140625
2013,moz,91.9790878295898
2013,npl,98.2530364990234
2013,nld,32.3176918029785
2013,nzl,66.59384918212889
2013,ner,69.3525314331055
2013,nor,48.1166915893555
2013,omn,99.9254913330078
2013,pak,91.99645233154301
2013,plw,100.0
2013,per,100.0
2013,phl,100.0
2013,pol,51.253078460693395
2013,prt,54.1926498413086
2013,pri,95.3688735961914
2013,qat,98.4415969848633
2013,rou,39.9609413146973
2013,rus,47.922420501709006
2013,rwa,65.6028289794922
2013,stp,77.7696762084961
2013,sau,95.248779296875
2013,srb,24.316570281982397
2013,syc,91.55139923095699
2013,svk,31.903980255127
2013,svn,34.1437492370605
2013,zaf,87.7713165283203
2013,esp,66.4949493408203
2013,lka,88.1121826171875
2013,kna,100.0
2013,lca,100.0
2013,sdn,97.06127166748051
2013,sur,78.8073272705078
2013,swz,100.0
2013,swe,53.125560760498
2013,che,34.047531127929695
2013,syr,78.4658203125
2013,tjk,93.6293411254883
2013,tza,42.159740447998
2013,tha,66.0696334838867
2013,tls,88.44139862060551
2013,tun,90.44007110595699
2013,tur,54.567211151123
2013,ukr,69.0277633666992
2013,are,96.3054428100586
2013,gbr,56.2377586364746
2013,usa,100.0
2013,ury,68.21042633056639
2013,ven,84.7788009643555
2013,pse,98.1426010131836
2013,yem,98.3392791748047
2013,zwe,100.0
2014,arb,80.2053985595703
2014,eas,61.1075592041016
2014,eap,59.4811592102051
2014,emu,49.7145195007324
2014,ecs,52.1469612121582
2014,eca,53.5658187866211
2014,euu,51.1540412902832
2014,hpc,82.5077819824219
2014,hic,71.5415115356445
2014,lcn,85.7714920043945
2014,lac,86.45938110351558
2014,ldc,86.9686431884766
2014,lmy,78.9306869506836
2014,lic,85.529670715332
2014,lmc,89.3663864135742
2014,mea,77.4692916870117
2014,mna,75.0146102905273
2014,mic,78.5096130371094
2014,nac,99.10987091064449
2014,oed,70.6004104614258
2014,sas,96.4117202758789
2014,ssf,88.2025833129883
2014,ssa,88.2024765014648
2014,umc,66.2624893188477
2014,wld,77.5676803588867
2014,afg,97.4174423217773
2014,alb,82.4394302368164
2014,and,71.8167724609375
2014,atg,100.0
2014,arm,74.2573928833008
2014,aus,49.4686508178711
2014,aut,30.1998405456543
2014,aze,49.739830017089794
2014,bhr,83.9183731079102
2014,brb,100.0
2014,blr,57.180690765380895
2014,bel,40.3087005615234
2014,blz,86.31153106689449
2014,ben,91.4188079833984
2014,bmu,100.0
2014,btn,93.2240219116211
2014,bih,25.6252002716064
2014,brn,83.5088424682617
2014,bgr,46.2793388366699
2014,bfa,85.3888473510742
2014,bdi,73.5002365112305
2014,cpv,92.9101181030273
2014,cmr,75.8136978149414
2014,chl,69.9789962768555
2014,chn,55.9958992004395
2014,col,73.9436874389648
2014,cod,68.085823059082
2014,cri,69.5001907348633
2014,civ,85.0105209350586
2014,hrv,29.2571506500244
2014,cub,55.0263900756836
2014,cyp,84.8946304321289
2014,cze,26.5848693847656
2014,dnk,57.8367691040039
2014,dji,87.2158966064453
2014,dma,100.0
2014,dom,92.36148071289058
2014,egy,53.399471282959006
2014,slv,52.9836502075195
2014,fin,29.617679595947298
2014,fra,57.3336181640625
2014,geo,89.9859619140625
2014,deu,52.217281341552706
2014,gha,94.8135299682617
2014,grd,100.0
2014,gtm,21.198810577392603
2014,gin,89.36380004882808
2014,hnd,40.9195785522461
2014,hkg,96.8186187744141
2014,hun,74.9304428100586
2014,idn,57.5906181335449
2014,irn,75.9442901611328
2014,isr,59.19673156738279
2014,jam,100.0
2014,kaz,61.024749755859396
2014,kgz,62.7537117004395
2014,lao,95.62661743164058
2014,lva,60.356529235839794
2014,lso,96.5780487060547
2014,lie,32.8651695251465
2014,ltu,73.3418197631836
2014,mac,91.498046875
2014,mdg,93.75904083251949
2014,mwi,100.0
2014,mys,78.7813415527344
2014,mli,58.86222839355471
2014,mlt,86.7493362426758
2014,mrt,95.95984649658199
2014,mus,91.10946655273442
2014,mda,60.507930755615206
2014,mco,72.1933135986328
2014,mng,76.9650497436523
2014,moz,91.1264190673828
2014,mmr,100.0
2014,nru,100.0
2014,npl,98.25299072265629
2014,nzl,66.0809173583984
2014,ner,61.929691314697294
2014,nor,49.2560501098633
2014,omn,99.9218902587891
2014,pak,92.3955535888672
2014,plw,100.0
2014,per,100.0
2014,prt,54.0071601867676
2014,qat,98.5655364990234
2014,rou,42.7848510742188
2014,rus,47.4516181945801
2014,rwa,65.6457366943359
2014,wsm,100.0
2014,stp,80.7382431030273
2014,sau,94.8655776977539
2014,srb,24.7984104156494
2014,syc,89.0243911743164
2014,sxm,41.837409973144496
2014,svk,31.010839462280302
2014,svn,33.1977500915527
2014,zaf,87.79296112060551
2014,esp,65.58457183837889
2014,kna,100.0
2014,lca,100.0
2014,swe,56.27555847167971
2014,che,34.3082695007324
2014,tls,88.8663101196289
2014,tun,90.6973419189453
2014,tkm,78.2992706298828
2014,tca,100.0
2014,tuv,100.0
2014,ukr,69.7778167724609
2014,are,96.1703414916992
2014,gbr,57.3253784179688
2014,usa,100.0
2014,ven,85.0509262084961
2014,pse,98.0818405151367
2015,dji,79.5944900512695
2015,gha,94.9013290405273
2015,kaz,59.5191802978516
2015,mne,32.819099426269496
2015,npl,98.2530288696289
2015,stp,77.9881820678711
2015,tca,100.0
