year,country,uis_repp_2_gpv_g4
1976,are,9.86784
1976,bel,26.239659999999997
1976,ben,18.37067
1976,bfa,20.9752
1976,bgr,0.83872
1976,bhr,12.99335
1976,blr,0.9833
1976,bra,7.10582
1976,brn,2.18182
1976,btn,42.1875
1976,chl,8.99935
1976,civ,16.9467
1976,cmr,17.87231
1976,cog,19.98562
1976,cub,3.01649
1976,cyp,1.39425
1976,dji,10.30303
1976,dza,10.233310000000001
1976,ecu,10.519039999999999
1976,egy,4.5498
1976,gmb,2.11765
1976,gnb,12.32877
1976,grc,5.37511
1976,gtm,2.6733599999999997
1976,guy,6.54141
1976,hun,0.3399
1976,irq,7.66085
1976,ita,4.08953
1976,jam,2.151
1976,kor,0.25411999999999996
1976,kwt,10.11011
1976,lka,29.249000000000002
1976,lux,4.38549
1976,mar,27.77863
1976,mli,3.36836
1976,mlt,0.8312200000000001
1976,mng,1.39175
1976,mus,9.214139999999999
1976,ner,11.643839999999999
1976,nld,11.22984
1976,omn,0.9434
1976,pan,6.705189999999999
1976,per,5.64086
1976,pol,3.98335
1976,prt,4.43238
1976,qat,9.0739
1976,rwa,2.77228
1976,sgp,6.90959
1976,slv,0.6674
1976,smr,5.55556
1976,sur,9.129660000000001
1976,swz,5.026
1976,tgo,26.598879999999998
1976,tha,10.858130000000001
1976,tur,26.793609999999997
1976,uga,3.5971900000000003
1976,ukr,0.16342
1976,ven,8.5766
1976,zmb,0.03394
1977,afg,27.78698
1977,are,6.779660000000001
1977,bdi,9.48509
1977,bel,24.57978
1977,ben,24.93824
1977,bfa,21.49495
1977,bgr,0.76245
1977,bhr,10.294780000000001
1977,blr,1.09395
1977,bra,7.25997
1977,brn,2.7528099999999998
1977,btn,7.82609
1977,chl,7.8936399999999995
1977,civ,14.994570000000001
1977,cmr,19.672639999999998
1977,cog,21.84889
1977,cub,1.8356700000000001
1977,cyp,4.303030000000001
1977,dza,11.80374
1977,ecu,10.14741
1977,egy,6.06095
1977,fji,13.614360000000001
1977,fra,8.1654
1977,gmb,4.75515
1977,grc,5.70106
1977,hti,6.7366
1977,hun,0.25046
1977,irq,5.08169
1977,ita,4.3939900000000005
1977,jam,1.07102
1977,kor,0.21798
1977,kwt,4.49346
1977,lka,23.786939999999998
1977,lux,9.26259
1977,mar,26.15014
1977,mex,6.458130000000001
1977,mlt,1.59243
1977,mus,15.03972
1977,ner,11.60881
1977,nld,11.29054
1977,pan,6.2375300000000005
1977,per,4.65235
1977,pol,4.20231
1977,prt,6.34736
1977,qat,8.08362
1977,rwa,2.32558
1977,sen,19.33556
1977,sgp,7.93515
1977,stp,14.87889
1977,sur,13.26883
1977,swz,3.125
1977,syr,3.58691
1977,tgo,21.19416
1977,tha,1.53518
1977,tur,24.75284
1977,uga,3.5901400000000003
1977,ukr,0.19199000000000002
1977,ven,8.93458
1977,zmb,0.04312
1978,afg,20.8703
1978,are,2.2022
1978,bdi,12.409930000000001
1978,ben,25.15723
1978,bgr,0.6026
1978,bhr,9.08699
1978,blr,0.8469899999999999
1978,bra,9.68783
1978,brn,2.31006
1978,btn,31.547620000000002
1978,caf,30.130059999999997
1978,civ,13.666939999999999
1978,cmr,18.0034
1978,cog,28.47744
1978,cyp,1.86451
1978,dza,10.563139999999999
1978,ecu,12.300310000000001
1978,egy,4.71391
1978,fra,7.82084
1978,gmb,8.07143
1978,gnb,19.45607
1978,grc,8.69992
1978,guy,8.03222
1978,hti,11.50232
1978,hun,0.18336
1978,irq,9.65498
1978,ita,5.09564
1978,kor,0.1754
1978,kwt,5.86083
1978,lbr,9.19357
1978,lux,9.42828
1978,mar,23.87061
1978,mex,3.73411
1978,mli,8.82643
1978,mlt,2.7725299999999997
1978,mng,1.51708
1978,mrt,3.74404
1978,mus,13.78331
1978,ner,16.83792
1978,nld,12.33375
1978,omn,1.7391299999999998
1978,pan,6.733
1978,per,7.9996
1978,pol,3.4970199999999996
1978,prt,6.116219999999999
1978,qat,10.78622
1978,rwa,5.32787
1978,sgp,6.34925
1978,sle,18.23028
1978,stp,6.94981
1978,sur,13.147079999999999
1978,swz,2.01097
1978,syc,2.2082
1978,syr,4.49299
1978,tgo,24.309260000000002
1978,ukr,0.17390999999999998
1978,ven,9.42109
1978,zmb,0.20022
1979,bdi,9.417810000000001
1979,ben,23.85665
1979,bfa,22.6585
1979,bgr,0.63672
1979,bhr,6.5022400000000005
1979,blr,0.8787299999999999
1979,bra,9.97161
1979,brn,2.46637
1979,btn,0.71942
1979,civ,15.032829999999999
1979,cmr,20.6541
1979,cog,36.06962
1979,cub,3.3488300000000004
1979,cyp,1.94599
1979,dza,10.076789999999999
1979,ecu,28.39835
1979,egy,4.834630000000001
1979,fji,15.573089999999999
1979,fra,7.53728
1979,gmb,3.6636599999999997
1979,gnb,35.96059
1979,grc,7.24026
1979,gtm,1.88592
1979,guy,26.394809999999996
1979,hti,5.163119999999999
1979,hun,0.16036
1979,irq,7.815060000000001
1979,ita,4.1799
1979,kor,0.12145999999999998
1979,kwt,6.5556399999999995
1979,lka,3.88314
1979,lux,8.04388
1979,mar,22.66108
1979,mex,3.69067
1979,mlt,4.94016
1979,mng,0.51918
1979,mrt,4.032769999999999
1979,mus,11.841389999999999
1979,ner,14.481829999999999
1979,nic,20.73667
1979,nld,12.37115
1979,omn,1.71233
1979,pan,8.651060000000001
1979,per,7.5737
1979,pol,3.09135
1979,qat,12.46898
1979,sau,6.30129
1979,sen,21.35885
1979,sgp,7.54595
1979,sle,17.55196
1979,swz,2.03375
1979,syr,5.00494
1979,tgo,29.72696
1979,tun,8.78619
1979,ukr,0.17294
1979,ven,9.246260000000001
1979,vnm,3.9235800000000003
1979,zmb,0.07193
1980,afg,18.26233
1980,are,4.9676800000000005
1980,bdi,11.49826
1980,ben,24.2863
1980,bfa,17.49383
1980,bgr,0.7186
1980,bhr,47.98206
1980,blr,0.84034
1980,bra,10.87865
1980,brn,6.26579
1980,civ,15.22543
1980,cmr,25.5777
1980,cpv,8.235289999999999
1980,cri,13.38061
1980,cub,3.89371
1980,cyp,2.65152
1980,dza,12.7275
1980,egy,4.32457
1980,esp,8.8633
1980,fji,14.41821
1980,fra,7.5002
1980,gab,21.0251
1980,gin,32.32098
1980,gmb,2.4547
1980,grc,3.48987
1980,gtm,2.79426
1980,guy,23.543120000000002
1980,hkg,7.12122
1980,hti,3.3528
1980,hun,0.24703000000000003
1980,irq,12.29089
1980,ita,5.70389
1980,jam,0.49851999999999996
1980,kor,0.06554
1980,kwt,3.7789
1980,lka,4.8533
1980,lux,8.86778
1980,mar,26.19987
1980,mex,3.69072
1980,mlt,4.43114
1980,mng,0.29730999999999996
1980,mrt,1.83897
1980,nld,13.137329999999999
1980,per,6.18999
1980,pol,2.79568
1980,qat,8.72222
1980,sen,22.67438
1980,slb,1.1560700000000002
1980,swz,3.3737699999999995
1980,syr,5.92715
1980,tgo,36.27559
1980,tun,8.06886
1980,ukr,0.14245
1980,ven,9.10631
1980,zmb,0.40164
1981,afg,3.3632400000000002
1981,bdi,8.839780000000001
1981,ben,16.40942
1981,bfa,19.82565
1981,bgr,0.72395
1981,bhr,6.24333
1981,blr,0.8072699999999999
1981,bra,11.17539
1981,brn,4.2876900000000004
1981,caf,26.7396
1981,civ,15.82598
1981,cmr,28.73275
1981,cog,43.1106
1981,com,26.43678
1981,cpv,11.489360000000001
1981,cri,12.70994
1981,cub,2.9432400000000003
1981,cyp,2.4858599999999997
1981,ecu,11.85968
1981,esp,10.46088
1981,fji,14.73071
1981,gab,22.01867
1981,gin,35.99883
1981,gmb,4.43243
1981,guy,5.078119999999999
1981,hkg,6.19998
1981,hti,4.20084
1981,hun,0.18442999999999998
1981,ita,5.8362300000000005
1981,jam,0.93537
1981,kwt,3.45114
1981,lka,3.37869
1981,lux,10.56978
1981,mar,26.461370000000002
1981,mex,2.20017
1981,mli,12.27217
1981,mlt,1.21232
1981,mrt,6.7640899999999995
1981,mus,12.52858
1981,ner,15.096770000000001
1981,nld,13.61803
1981,per,6.83085
1981,pol,2.71067
1981,qat,7.159680000000001
1981,sen,18.39235
1981,sgp,13.740879999999999
1981,sur,26.03005
1981,swz,4.23905
1981,syr,2.8435099999999998
1981,tgo,43.63292
1981,tun,8.37528
1981,ukr,0.14601
1981,ven,9.14306
1981,zmb,0.14734
1982,afg,3.50164
1982,ago,19.39789
1982,are,2.1097
1982,bdi,7.974480000000001
1982,bfa,20.66467
1982,bgr,0.8177
1982,bhr,3.95062
1982,blr,0.85929
1982,bra,11.89328
1982,brn,4.2759599999999995
1982,caf,21.73112
1982,civ,17.34468
1982,cmr,28.67786
1982,cog,43.84888
1982,cpv,4.69974
1982,cri,13.691329999999999
1982,cub,3.79
1982,cyp,2.0884099999999997
1982,dza,16.23133
1982,ecu,11.64275
1982,esp,11.192260000000001
1982,fra,12.73105
1982,gmb,3.7631699999999997
1982,gnb,47.688559999999995
1982,grc,2.93193
1982,guy,4.9018
1982,hkg,5.78874
1982,hti,6.42915
1982,hun,0.23797
1982,ita,6.01959
1982,kor,0.039310000000000005
1982,kwt,2.9714400000000003
1982,lka,2.76452
1982,lux,13.548879999999999
1982,mex,4.669980000000001
1982,mlt,1.0025899999999999
1982,mus,17.11496
1982,nld,13.707939999999999
1982,pan,8.904639999999999
1982,pol,3.6992599999999998
1982,qat,12.95812
1982,sen,21.86726
1982,sgp,16.49768
1982,sur,25.84139
1982,swz,5.82524
1982,syr,3.3322
1982,tgo,45.459109999999995
1982,ton,11.083739999999999
1982,tun,10.555760000000001
1982,tur,37.7696
1982,ukr,0.16335
1982,ven,8.89686
1983,are,3.75043
1983,bdi,8.19564
1983,ben,15.78686
1983,bfa,20.25591
1983,bgr,0.72935
1983,bhr,4.161919999999999
1983,blr,1.04167
1983,brn,5.23295
1983,caf,26.483829999999998
1983,chl,7.32395
1983,civ,16.65082
1983,cmr,29.0574
1983,cog,49.4182
1983,col,5.01065
1983,cri,15.03866
1983,cub,3.65328
1983,cyp,3.46006
1983,ecu,12.69618
1983,egy,5.20255
1983,esp,12.42253
1983,fji,14.480329999999999
1983,fra,12.47349
1983,gab,23.926379999999998
1983,gmb,5.3579300000000005
1983,gnb,4.78655
1983,grc,4.98336
1983,grd,14.03509
1983,guy,5.87597
1983,hkg,8.12255
1983,hti,8.84983
1983,hun,0.259
1983,irq,25.479110000000002
1983,ita,5.6447400000000005
1983,jam,1.45776
1983,kir,2.91262
1983,kor,0.18853
1983,kwt,1.19849
1983,lca,13.475179999999998
1983,lka,2.3628400000000003
1983,mar,24.55246
1983,mex,4.877619999999999
1983,mli,8.43501
1983,mlt,3.07004
1983,moz,13.967239999999999
1983,mrt,5.54324
1983,nld,13.882670000000001
1983,omn,2.0451599999999996
1983,pan,9.49905
1983,pol,3.60829
1983,qat,9.58315
1983,sen,27.712770000000003
1983,sgp,15.30759
1983,slv,0.81489
1983,sur,29.054409999999997
1983,swz,6.37664
1983,syr,3.10639
1983,tgo,51.79291
1983,ton,7.19861
1983,tun,9.72076
1983,tur,45.05168
1983,ukr,0.17959
1983,ven,9.07522
1983,zmb,0.16856
1984,afg,3.39906
1984,are,6.25265
1984,bdi,10.60932
1984,ben,38.31457
1984,bfa,23.420070000000003
1984,bgr,1.08761
1984,bhr,2.5510200000000003
1984,blr,1.20773
1984,bra,8.92867
1984,brn,6.3515
1984,civ,21.80331
1984,cmr,25.82723
1984,cog,46.23242
1984,col,9.79992
1984,cpv,12.064969999999999
1984,cri,16.01146
1984,cub,2.19596
1984,cyp,4.11417
1984,dza,18.92657
1984,ecu,13.54485
1984,esp,12.28394
1984,fji,12.47599
1984,gab,19.75508
1984,gmb,7.06605
1984,gnb,14.564829999999999
1984,grc,6.24787
1984,guy,5.69855
1984,hkg,8.40883
1984,hun,0.32823
1984,idn,1.43323
1984,irn,6.15466
1984,ita,5.19223
1984,jam,1.2489299999999999
1984,kir,1.7391299999999998
1984,kor,0.030410000000000003
1984,kwt,2.2826299999999997
1984,lca,19.236420000000003
1984,lka,2.29434
1984,mli,13.521479999999999
1984,mlt,2.05162
1984,mus,24.932760000000002
1984,nld,12.72285
1984,omn,4.03178
1984,pan,8.63205
1984,pol,3.97687
1984,qat,12.40976
1984,sen,23.678620000000002
1984,sgp,12.71499
1984,slv,0.81975
1984,sur,26.251140000000003
1984,swz,6.063269999999999
1984,syr,3.11901
1984,tgo,51.97525
1984,ton,9.11885
1984,tun,9.80604
1984,tur,32.27182
1984,ukr,0.21683000000000002
1984,ven,8.777619999999999
1984,zmb,0.37859
1984,zwe,0.44383999999999996
1985,afg,3.49948
1985,are,7.5196
1985,bdi,10.60932
1985,ben,39.09639
1985,bgr,1.29694
1985,bhr,2.7684599999999997
1985,blr,1.02696
1985,bra,14.69409
1985,bwa,0.04392
1985,civ,23.6826
1985,cmr,28.977959999999996
1985,col,9.6206
1985,cpv,1.7326700000000002
1985,cri,14.0916
1985,cub,2.91905
1985,cyp,3.15928
1985,dza,16.84885
1985,ecu,13.282279999999998
1985,esp,12.81258
1985,fji,10.025310000000001
1985,fra,13.496870000000001
1985,gab,18.425929999999997
1985,gin,31.463309999999996
1985,gmb,4.83816
1985,gnb,55.92105
1985,grc,6.14921
1985,hkg,8.96031
1985,hti,6.52255
1985,hun,0.36211
1985,idn,1.2969700000000002
1985,irn,9.29216
1985,irq,15.118870000000001
1985,ita,5.83446
1985,jam,0.9480299999999999
1985,kor,0.01245
1985,kwt,3.2821
1985,lka,1.82129
1985,lux,13.339220000000001
1985,mar,31.192759999999996
1985,mdg,34.17161
1985,mex,4.537730000000001
1985,mli,11.44
1985,mlt,1.58287
1985,moz,14.179910000000001
1985,mrt,6.49295
1985,mus,23.31665
1985,nld,12.286660000000001
1985,omn,3.82665
1985,pan,10.4114
1985,per,6.799989999999999
1985,pol,3.22745
1985,prt,18.046310000000002
1985,qat,16.01942
1985,smr,4.7619
1985,sur,27.153190000000002
1985,swz,9.1225
1985,syr,2.95329
1985,tgo,49.076609999999995
1985,ton,2.88
1985,tto,0.03433
1985,tun,10.88358
1985,ukr,0.22795
1985,ven,9.47278
1986,are,10.99062
1986,bdi,17.650679999999998
1986,ben,31.35465
1986,bfa,22.82669
1986,bgr,1.20899
1986,bhr,3.3253199999999996
1986,blr,1.27389
1986,bwa,0.03925
1986,caf,18.02028
1986,civ,30.129579999999997
1986,cmr,27.816340000000004
1986,col,9.620619999999999
1986,com,26.235329999999998
1986,cri,12.28256
1986,cub,2.7961
1986,cyp,4.1871599999999995
1986,dji,19.38232
1986,esp,12.20043
1986,fji,6.49696
1986,fra,13.824229999999998
1986,gab,23.23884
1986,gin,41.76817
1986,gmb,1.43436
1986,grc,5.8158
1986,hti,7.539439999999999
1986,hun,0.33754
1986,idn,1.30403
1986,irn,8.59361
1986,irq,9.5433
1986,ita,5.94385
1986,jam,0.78677
1986,kir,0.38911
1986,kor,0.013999999999999999
1986,lca,10.08677
1986,lka,4.63623
1986,lso,5.9565
1986,mar,30.37316
1986,mex,4.25218
1986,mli,10.36812
1986,mlt,3.71945
1986,moz,20.46399
1986,mrt,9.02009
1986,mus,21.60543
1986,ner,22.563489999999998
1986,nld,12.73373
1986,omn,9.30607
1986,pan,9.93162
1986,pol,2.81358
1986,qat,11.49589
1986,rwa,4.82993
1986,sen,24.27892
1986,smr,11.71875
1986,swz,9.54936
1986,syr,4.62633
1986,tgo,48.98409
1986,tun,15.18566
1986,tur,31.78483
1986,ukr,0.30546999999999996
1986,ven,9.40225
1987,are,8.34079
1987,bdi,16.232770000000002
1987,ben,37.86275
1987,bgr,1.19252
1987,bra,11.07935
1987,caf,24.39913
1987,civ,29.63462
1987,cmr,27.383440000000004
1987,cog,56.522059999999996
1987,col,9.62068
1987,com,44.96743
1987,cri,10.87994
1987,cub,5.4968699999999995
1987,cyp,3.9098300000000004
1987,dji,17.11378
1987,esp,14.25225
1987,eth,10.99869
1987,fin,4.55256
1987,fra,14.151129999999998
1987,gab,25.503729999999997
1987,gin,45.01625
1987,gmb,2.66552
1987,gnb,16.71388
1987,grc,5.29137
1987,guy,11.827960000000001
1987,hti,7.295260000000001
1987,hun,0.27433
1987,ind,5.93126
1987,irn,13.07305
1987,irq,16.95918
1987,ita,6.07674
1987,kor,0.01034
1987,lca,3.6123300000000005
1987,lka,3.6493599999999997
1987,lso,5.39545
1987,lux,10.55363
1987,mar,37.49347
1987,mex,5.13834
1987,mli,29.197340000000004
1987,mlt,4.62668
1987,mrt,9.14672
1987,mus,24.09215
1987,nic,4.1992400000000005
1987,nld,12.484580000000001
1987,omn,5.99418
1987,pan,9.35699
1987,pol,2.67273
1987,qat,16.7638
1987,rwa,5.68562
1987,swz,10.31097
1987,syr,2.0613
1987,tgo,41.99042
1987,tun,17.25574
1987,tur,34.33365
1987,ven,10.45476
1988,are,10.48059
1988,bdi,15.30683
1988,bfa,29.05541
1988,bgr,1.14385
1988,bhr,1.8779299999999999
1988,blr,0.63131
1988,btn,0.20876999999999998
1988,bwa,0.12312000000000001
1988,caf,27.58285
1988,civ,31.67602
1988,cmr,26.807129999999997
1988,col,9.62047
1988,cpv,3.9735099999999997
1988,cri,10.320110000000001
1988,cub,2.4539299999999997
1988,cyp,3.25333
1988,dji,17.67318
1988,dma,6.78808
1988,esp,14.57003
1988,eth,12.60718
1988,fin,4.5561300000000005
1988,gab,28.308159999999997
1988,gin,36.59875
1988,grc,3.9554400000000003
1988,hti,7.43265
1988,hun,0.23506
1988,idn,0.9893
1988,ind,6.937139999999999
1988,irn,11.24491
1988,irq,9.81841
1988,ita,6.11871
1988,jor,7.65132
1988,kor,0.00971
1988,kwt,3.3666300000000002
1988,lao,11.64436
1988,lux,11.18952
1988,mar,37.29695
1988,mdg,33.298970000000004
1988,mex,4.730659999999999
1988,mli,20.15137
1988,mlt,4.94665
1988,mrt,8.103760000000001
1988,mus,21.17099
1988,mwi,2.5162400000000003
1988,nic,2.2412
1988,nld,11.69035
1988,npl,7.292210000000001
1988,omn,3.81746
1988,pan,7.450989999999999
1988,pol,2.16851
1988,qat,16.86926
1988,rwa,5.11278
1988,sen,20.44782
1988,slv,0.76741
1988,swz,11.602319999999999
1988,syr,1.8770200000000001
1988,tcd,24.783820000000002
1988,tgo,44.20668
1988,tto,0.05602000000000001
1988,tun,13.43782
1988,tur,40.1599
1988,ukr,0.39194
1988,ven,11.23012
1989,are,9.23434
1989,bdi,19.3977
1989,bfa,28.50975
1989,bgr,1.6401700000000001
1989,blr,0.4914
1989,bwa,0.04508
1989,caf,23.17611
1989,civ,31.14927
1989,cog,63.697390000000006
1989,col,9.620569999999999
1989,cri,13.91448
1989,cub,3.69927
1989,dji,14.21446
1989,dza,6.44854
1989,esp,13.855939999999999
1989,fin,5.1105599999999995
1989,fra,11.99702
1989,gha,1.13208
1989,gin,30.567829999999997
1989,gnb,15.384620000000002
1989,grc,2.63142
1989,hti,7.432519999999999
1989,hun,0.22211
1989,ind,8.52627
1989,irn,8.33732
1989,irq,12.54392
1989,ita,6.199990000000001
1989,jor,4.14884
1989,kir,0.45351
1989,lka,2.31497
1989,mar,35.572720000000004
1989,mdg,29.14612
1989,mex,5.18469
1989,mlt,1.6910599999999998
1989,mrt,13.574910000000001
1989,mus,20.11885
1989,ner,36.54095
1989,nic,4.687880000000001
1989,nld,11.08024
1989,omn,7.393660000000001
1989,pol,2.11077
1989,qat,15.2934
1989,rwa,6.39924
1989,sen,20.548939999999998
1989,slv,1.1501700000000001
1989,swz,9.22551
1989,syr,3.96593
1989,tcd,30.096829999999997
1989,tgo,38.63987
1989,tur,36.39266
1989,ven,10.778089999999999
1990,are,11.65029
1990,bdi,18.89095
1990,ben,45.8968
1990,bfa,29.11458
1990,bgd,8.7968
1990,bgr,1.89475
1990,blr,0.48603
1990,bol,4.70751
1990,bwa,0.20681
1990,caf,30.7947
1990,chn,1.09756
1990,civ,31.31852
1990,cmr,15.264579999999999
1990,com,41.19249
1990,cpv,2.1276599999999997
1990,cri,12.74212
1990,cub,3.5740199999999995
1990,cyp,2.4176900000000003
1990,dza,10.887780000000001
1990,esp,14.318220000000002
1990,fin,4.83437
1990,fra,10.23748
1990,gin,40.87245
1990,grc,3.7977800000000004
1990,hti,7.43461
1990,hun,0.32034
1990,irn,16.05159
1990,ita,6.05147
1990,jam,0.95071
1990,kir,4.53564
1990,lao,9.016
1990,lka,2.40352
1990,mac,4.70685
1990,mar,38.66298
1990,mdg,28.02223
1990,mex,4.79361
1990,mli,13.813460000000001
1990,mlt,2.79188
1990,moz,27.02218
1990,mus,16.64329
1990,ner,38.52453
1990,nld,12.76418
1990,omn,4.44495
1990,phl,0.9860899999999999
1990,pol,2.05456
1990,prt,25.4512
1990,qat,20.76535
1990,rwa,7.295719999999999
1990,sen,13.968279999999998
1990,swz,12.3279
1990,syr,1.9403299999999999
1990,tcd,26.27188
1990,tgo,28.35572
1990,tun,14.75281
1990,tur,34.61298
1990,ukr,0.58537
1990,ven,9.06167
1991,are,13.689789999999999
1991,bfa,35.237109999999994
1991,bgr,2.7854
1991,bhr,2.6878599999999997
1991,blr,1.2848
1991,brn,3.88381
1991,bwa,0.18403
1991,caf,27.06669
1991,chn,1.0256399999999999
1991,civ,22.10782
1991,cmr,26.13492
1991,cri,13.884229999999999
1991,cub,4.16983
1991,dza,11.47076
1991,fin,3.6721800000000004
1991,fra,9.04744
1991,gha,2.77619
1991,gin,28.77297
1991,grc,4.39347
1991,guy,5.05489
1991,hkg,6.14456
1991,hnd,7.35699
1991,hti,7.432810000000001
1991,hun,0.3715
1991,irn,14.7022
1991,ita,5.84468
1991,jam,1.15149
1991,kir,1.15741
1991,lka,2.3827700000000003
1991,mar,11.68411
1991,mdg,32.31306
1991,mex,4.92777
1991,mlt,0.63725
1991,mrt,11.2943
1991,mus,20.86359
1991,ner,29.90359
1991,nic,3.9253699999999996
1991,nld,12.42918
1991,npl,8.00089
1991,pol,1.96114
1991,prt,12.87522
1991,qat,13.88606
1991,rwa,8.97325
1991,slv,5.71045
1991,swz,12.25004
1991,syr,0.86185
1991,tcd,30.1312
1991,tgo,37.252559999999995
1991,tun,12.622060000000001
1991,tur,34.83137
1991,ukr,0.9774799999999999
1991,ven,9.08976
1991,zaf,17.72114
1992,are,14.08565
1992,atg,12.1519
1992,bdi,18.802020000000002
1992,bfa,37.29973
1992,bgr,3.43914
1992,bhr,1.7748099999999998
1992,blr,1.3005799999999998
1992,bra,9.17385
1992,brn,3.8109800000000003
1992,bwa,0.23235999999999998
1992,chn,0.8107
1992,civ,27.15189
1992,com,26.06342
1992,cri,11.6958
1992,cub,3.10831
1992,dji,13.98305
1992,dza,11.342830000000001
1992,fin,3.2778699999999996
1992,fra,8.28877
1992,gha,1.87723
1992,gin,26.70795
1992,grc,4.07142
1992,guy,8.932939999999999
1992,hkg,6.415719999999999
1992,hun,0.49093000000000003
1992,ita,5.627999999999999
1992,kir,0.18939
1992,kwt,3.3296300000000003
1992,lao,6.24219
1992,lka,2.22016
1992,mac,5.50162
1992,mar,14.57505
1992,mco,5.8651
1992,mex,4.488
1992,mlt,2.1103099999999997
1992,moz,23.74755
1992,mrt,9.611310000000001
1992,mus,24.078470000000003
1992,nam,11.4164
1992,ner,35.90292
1992,nic,6.939839999999999
1992,nld,10.96671
1992,npl,8.225060000000001
1992,omn,8.0229
1992,phl,0.9823700000000001
1992,pol,1.41669
1992,qat,14.40177
1992,rwa,10.63415
1992,sen,13.471029999999999
1992,slv,1.5284
1992,swz,9.413739999999999
1992,syr,0.56865
1992,tgo,37.32608
1992,tun,9.94232
1992,tur,18.48079
1992,ukr,0.9714299999999999
1992,ven,8.19303
1992,zar,10.68286
1993,afg,5.00093
1993,are,14.71751
1993,aze,0.40531
1993,bdi,18.00275
1993,bel,8.33509
1993,bfa,37.16977
1993,bgr,3.7261800000000003
1993,bhr,0.9761200000000001
1993,blr,1.68895
1993,bra,9.19565
1993,brn,4.7333
1993,btn,0.84175
1993,bwa,0.31129
1993,chn,0.59172
1993,civ,25.7552
1993,cog,46.74078
1993,col,4.299869999999999
1993,com,26.732229999999998
1993,cri,10.95266
1993,cub,2.46283
1993,cyp,2.55626
1993,deu,4.57549
1993,dji,22.57835
1993,dza,7.60112
1993,esp,11.98085
1993,fin,3.31126
1993,fra,8.368360000000001
1993,gin,38.16803
1993,grd,13.16508
1993,guy,9.79223
1993,hkg,5.44575
1993,hun,0.46232
1993,irn,13.01793
1993,irq,21.280920000000002
1993,ita,5.21286
1993,jam,0.72582
1993,lao,5.04561
1993,mac,7.142860000000001
1993,mar,14.706539999999999
1993,mex,5.079280000000001
1993,mkd,1.4265700000000001
1993,mlt,0.94742
1993,moz,22.438470000000002
1993,mrt,9.66216
1993,mus,26.10824
1993,nic,7.18923
1993,qat,10.759780000000001
1993,rom,4.5601400000000005
1993,slv,1.95302
1993,svk,0.33551
1993,svn,0.16066
1993,swz,11.89962
1993,syr,0.90756
1993,ton,9.53912
1993,tun,13.703120000000002
1993,ukr,1.12065
1993,ven,6.98663
1993,zar,6.0564599999999995
1994,are,9.501389999999999
1994,arm,0.44318
1994,aze,0.5372
1994,bel,8.02538
1994,bfa,36.5639
1994,bgr,3.35857
1994,blr,1.7147299999999999
1994,blz,7.14014
1994,bra,9.71083
1994,brn,6.9725600000000005
1994,btn,0.14265
1994,bwa,0.34889000000000003
1994,chn,0.39199
1994,civ,26.520559999999996
1994,cog,57.535819999999994
1994,cpv,0.11947
1994,cri,10.085280000000001
1994,cub,1.40631
1994,cyp,2.62435
1994,cze,0.43285
1994,deu,4.23917
1994,dza,9.146139999999999
1994,ecu,9.243210000000001
1994,egy,4.75169
1994,eri,18.70015
1994,esp,14.263370000000002
1994,eth,16.609070000000003
1994,fin,3.39946
1994,fra,9.56932
1994,gin,31.42525
1994,hkg,5.7428099999999995
1994,hrv,0.5402399999999999
1994,irn,15.021370000000001
1994,ita,5.7742
1994,kaz,1.35811
1994,kwt,5.08512
1994,lao,4.5193900000000005
1994,mar,14.016329999999998
1994,mdg,37.15657
1994,mex,5.44137
1994,mkd,0.85835
1994,mlt,1.85145
1994,moz,26.591040000000003
1994,mrt,9.546339999999999
1994,mus,20.48852
1994,nam,0.52809
1994,nic,5.745430000000001
1994,omn,6.56262
1994,qat,8.4118
1994,rus,1.9940200000000001
1994,svk,0.28131999999999996
1994,svn,0.07826
1994,swz,14.46645
1994,syr,0.49122
1994,tcd,20.92663
1994,tgo,45.948809999999995
1994,tun,13.56342
1994,ukr,0.9648200000000001
1994,vut,1.09051
1994,wsm,0.18639
1994,zar,20.241789999999998
1995,are,10.63838
1995,bgr,3.13446
1995,blr,1.11989
1995,blz,8.43145
1995,bwa,0.42804
1995,chn,0.19366
1995,civ,24.29959
1995,cri,12.39058
1995,cub,1.69511
1995,cyp,2.29169
1995,cze,0.42296999999999996
1995,deu,4.17528
1995,dza,9.24427
1995,eri,15.31155
1995,est,1.8381599999999998
1995,eth,17.13446
1995,fra,9.945219999999999
1995,gab,26.16059
1995,geo,0.53617
1995,hkg,5.21989
1995,hrv,0.61205
1995,idn,1.7513599999999998
1995,ita,5.32425
1995,kgz,0.76436
1995,kor,0.24373000000000003
1995,kwt,4.07889
1995,ltu,1.45899
1995,lva,2.87522
1995,mar,14.9961
1995,mda,1.7744099999999998
1995,mex,4.00207
1995,mkd,0.9757100000000001
1995,mlt,1.66631
1995,mng,0.17363
1995,moz,27.43723
1995,mrt,7.9041
1995,mus,19.47662
1995,nam,0.5422100000000001
1995,nic,6.713539999999999
1995,omn,9.45377
1995,per,5.6498800000000005
1995,pol,1.81045
1995,qat,14.95726
1995,slv,1.0459100000000001
1995,svn,0.1391
1995,swz,15.639520000000001
1995,tcd,29.14299
1995,tgo,40.93295
1995,tjk,0.60696
1995,tun,12.304210000000001
1995,uga,3.11971
1995,wsm,1.13493
1996,alb,3.23292
1996,aze,0.91799
1996,bgr,2.0582700000000003
1996,blr,1.23288
1996,chn,0.15200999999999998
1996,civ,27.13043
1996,cog,45.67217
1996,cri,11.680639999999999
1996,cub,2.09776
1996,cyp,2.10422
1996,cze,0.6511399999999999
1996,deu,4.118469999999999
1996,dji,19.05019
1996,dza,10.2932
1996,eri,17.93122
1996,est,1.88126
1996,eth,16.93168
1996,fra,9.93965
1996,geo,0.81275
1996,guy,8.605839999999999
1996,hkg,5.30915
1996,hrv,0.42075
1996,irl,2.25526
1996,ita,5.6448599999999995
1996,kwt,3.2956
1996,ltu,2.81655
1996,lva,2.62257
1996,mda,1.78703
1996,mdg,31.521009999999997
1996,mkd,0.6452
1996,mlt,2.17077
1996,mng,0.2738
1996,mus,22.25509
1996,nam,0.10935
1996,omn,9.21828
1996,qat,16.39405
1996,rom,1.52334
1996,sen,22.17091
1996,svn,0.11612
1996,swz,16.13428
1996,tcd,24.32375
1996,tgo,38.83076
1996,tto,0.25411
1996,tun,12.435260000000001
1996,ven,7.197610000000001
1996,wsm,0.50853
1997,are,10.42548
1997,aze,1.33776
1997,bgr,1.82617
1997,blr,0.8855200000000001
1997,chn,0.13848
1997,civ,23.32838
1997,cub,2.0944700000000003
1997,cyp,2.48693
1997,deu,4.34512
1997,dji,27.59392
1997,dza,14.31117
1997,eri,22.0545
1997,geo,0.76613
1997,guy,7.72117
1997,hrv,0.30296999999999996
1997,hti,8.46472
1997,hun,0.49038999999999994
1997,irl,2.0400099999999997
1997,ita,5.72105
1997,kaz,1.1534799999999998
1997,khm,1.08717
1997,kwt,2.14892
1997,lao,3.3875599999999997
1997,lbn,11.9886
1997,ltu,2.20054
1997,lva,1.83645
1997,mar,17.188779999999998
1997,mex,4.23074
1997,mkd,0.32299
1997,mli,22.757920000000002
1997,mlt,1.09418
1997,mng,0.16623
1997,mus,22.66788
1997,nam,0.16165
1997,ner,24.90162
1997,omn,11.8167
1997,rom,1.4457
1997,sen,22.96269
1997,svk,0.29946999999999996
1997,tca,5.16432
1997,tjk,2.0608400000000002
1997,tto,0.16319
1997,tun,18.12387
1997,ven,6.35378
1997,wsm,0.7761600000000001
1998,btn,0.21711
1998,civ,27.6073
1998,col,2.86163
1998,gin,49.39118
1998,lka,2.22875
1998,mlt,1.41117
1998,vut,0.4878
1999,aze,1.4594
1999,bgr,2.5866700000000002
1999,blr,0.60259
1999,blz,7.810460000000001
1999,btn,0.34629
1999,dji,22.515060000000002
1999,eth,13.597220000000002
1999,geo,0.5119600000000001
1999,hrv,0.26918000000000003
1999,kgz,0.64294
1999,kwt,2.85465
1999,lbn,9.38931
1999,ltu,1.29891
1999,mda,1.09594
1999,mkd,0.22355999999999998
1999,mlt,1.3996899999999999
1999,mmr,1.49722
1999,mng,0.18953
1999,rom,1.19589
1999,rus,1.2654
1999,svn,0.1725
1999,tgo,22.56053
1999,tjk,1.38899
1999,ton,10.661760000000001
1999,ukr,0.86771
1999,uzb,0.6839
1999,vnm,1.0997700000000001
1999,wbg,2.88177
2000,alb,4.4882
2000,aze,0.5970300000000001
2000,ben,26.573290000000004
2000,bfa,42.12413
2000,blr,0.54419
2000,blz,7.48044
2000,btn,3.6839
2000,civ,29.10077
2000,cog,35.707240000000006
2000,dji,24.79973
2000,geo,0.41231
2000,gin,38.307520000000004
2000,gnq,18.402060000000002
2000,hrv,0.26966999999999997
2000,kaz,0.36266
2000,kgz,0.12024000000000001
2000,kwt,3.7997099999999997
2000,lbn,10.321010000000001
2000,ltu,1.16993
2000,mda,2.09334
2000,mdg,26.29062
2000,mkd,0.23865999999999998
2000,mlt,1.25786
2000,mmr,1.34606
2000,mng,0.11102000000000001
2000,ner,28.18879
2000,sen,22.961579999999998
2000,svn,0.10979000000000001
2000,tcd,19.89476
2000,tgo,23.63428
2000,tjk,1.11051
2000,uga,1.87215
2000,ukr,0.73632
2000,uzb,0.061489999999999996
2000,vnm,0.8719600000000001
2000,wbg,2.69025
2001,alb,4.23779
2001,aze,0.70924
2001,ben,30.06522
2001,bfa,37.571870000000004
2001,bgr,1.57206
2001,blr,0.55967
2001,blz,7.96908
2001,btn,2.31702
2001,civ,30.34893
2001,cog,29.240270000000002
2001,col,4.78357
2001,geo,0.42951000000000006
2001,gin,33.54725
2001,hrv,0.18599000000000002
2001,kaz,0.32001999999999997
2001,kgz,0.24103000000000002
2001,kwt,3.59913
2001,lka,0.7811100000000001
2001,ltu,0.9398700000000001
2001,mda,1.83972
2001,mdg,33.17011
2001,mkd,0.17915999999999999
2001,mlt,0.8925299999999999
2001,mmr,1.5774700000000001
2001,ner,34.82158
2001,rom,1.2629
2001,rus,1.05483
2001,sen,24.76463
2001,svn,0.12043
2001,tgo,19.72714
2001,tjk,1.17345
2001,ton,2.07278
2001,uga,2.5434900000000003
2001,ukr,0.53541
2001,uzb,0.10362
2001,vnm,0.70929
2001,wbg,2.57199
2002,arm,0.38934
2002,aze,0.67572
2002,ben,31.4549
2002,bgr,1.8539599999999998
2002,blr,0.49317
2002,civ,30.34925
2002,cog,40.143209999999996
2002,col,4.85416
2002,com,17.66388
2002,cze,0.30489
2002,dji,13.55114
2002,geo,0.33654
2002,hrv,0.1794
2002,jor,0.28761
2002,kaz,0.27101
2002,kgz,0.21696999999999997
2002,kwt,3.18109
2002,lka,0.49062
2002,ltu,0.95681
2002,mda,1.25875
2002,mdg,23.947110000000002
2002,mkd,0.16629000000000002
2002,mlt,1.51569
2002,mmr,1.57991
2002,mng,0.03518
2002,ner,37.53249
2002,rom,1.41196
2002,rus,1.0505200000000001
2002,sen,24.5866
2002,svn,0.11673
2002,tcd,20.0313
2002,tgo,19.83456
2002,tjk,0.8048
2002,tza,0.28154
2002,uga,2.1357
2002,ukr,0.07633
2002,uzb,0.08068
2002,vnm,0.42923
2002,wbg,2.28755
2003,alb,2.38028
2003,are,6.060969999999999
2003,arm,0.38124
2003,aze,0.80379
2003,bfa,42.78201
2003,bgr,1.92533
2003,blr,0.37922
2003,blz,7.106210000000001
2003,cmr,24.48238
2003,cog,32.79168
2003,com,17.07317
2003,cze,0.23717
2003,fji,1.90247
2003,geo,0.31542
2003,gin,26.67929
2003,hrv,0.18624000000000002
2003,jor,0.24697
2003,kaz,0.26208000000000004
2003,kgz,0.18709
2003,kwt,3.06351
2003,lka,0.6056699999999999
2003,ltu,1.0629600000000001
2003,mda,0.43201000000000006
2003,mdg,24.68945
2003,mkd,0.17756
2003,mlt,0.6098600000000001
2003,mmr,1.58
2003,mng,0.07177
2003,ner,38.39712
2003,rom,1.38691
2003,rus,0.98535
2003,sen,4.0387
2003,svn,0.10019
2003,syr,4.46615
2003,tcd,22.37799
2003,tgo,26.976370000000003
2003,tjk,0.57857
2003,ton,5.82731
2003,tza,0.28794000000000003
2003,uga,3.6499099999999998
2003,ukr,0.06713
2003,uzb,0.07343999999999999
2003,wbg,1.7017799999999998
2004,are,4.05396
2004,arm,0.32933
2004,aze,0.67324
2004,bdi,19.97353
2004,bgr,2.1756599999999997
2004,blr,0.07442
2004,blz,7.0335600000000005
2004,bra,18.30001
2004,btn,1.2728700000000002
2004,cog,28.35701
2004,col,2.10208
2004,com,15.377870000000001
2004,cze,0.22838000000000003
2004,deu,4.4070800000000006
2004,fji,1.97128
2004,gin,13.94789
2004,jor,2.61057
2004,kaz,0.23249
2004,kgz,0.15567
2004,kwt,2.24938
2004,mda,0.48633999999999994
2004,mdg,24.51212
2004,mkd,0.20769
2004,mlt,1.00719
2004,mmr,1.10474
2004,mng,0.0402
2004,ner,24.55519
2004,rom,1.53601
2004,rus,0.9443
2004,sen,19.13312
2004,svk,1.4017
2004,syr,3.6592599999999997
2004,tcd,18.782770000000003
2004,tgo,26.81046
2004,tjk,0.49682
2004,ton,9.33544
2004,tza,0.28758
2004,uga,3.3516
2004,ukr,0.06225
2004,uzb,0.06261
2004,wbg,2.33906
2005,are,4.5591
2005,arm,0.32725
2005,aze,0.6198899999999999
2005,bdi,22.05635
2005,bfa,32.02837
2005,bgr,2.41377
2005,blr,0.06456
2005,blz,8.25494
2005,caf,20.5576
2005,col,2.3912
2005,cze,0.2146
2005,deu,4.13685
2005,dji,23.56119
2005,eth,1.9107900000000002
2005,fra,6.39311
2005,gin,20.770970000000002
2005,gnq,14.65985
2005,hrv,0.15045999999999998
2005,kaz,0.22341999999999998
2005,kgz,0.13185999999999998
2005,kwt,2.26133
2005,lka,0.60734
2005,mda,0.26503000000000004
2005,mdg,19.549960000000002
2005,mkd,0.11145999999999999
2005,mlt,0.65551
2005,mmr,1.53955
2005,mng,0.23246999999999998
2005,mwi,6.2828800000000005
2005,ner,27.126079999999998
2005,rom,1.67248
2005,rus,0.9678100000000001
2005,sen,19.13374
2005,svk,1.46541
2005,syr,6.42385
2005,tgo,18.36634
2005,tjk,0.48253999999999997
2005,tza,0.28752
2005,ukr,0.05065
2005,uzb,0.04102
2005,vnm,0.16926
2006,are,4.5242
2006,arm,0.33878
2006,aze,0.60917
2006,bdi,22.88278
2006,ben,26.9348
2006,bfa,34.87968
2006,bgr,2.8915599999999997
2006,blr,0.04598
2006,blz,7.33862
2006,btn,0.4084
2006,civ,20.92194
2006,cmr,24.916829999999997
2006,col,2.51474
2006,cze,0.21216999999999997
2006,dji,20.30334
2006,fra,5.8998099999999996
2006,gin,19.18073
2006,hrv,0.15247
2006,jor,2.9837700000000003
2006,kaz,0.19368
2006,kgz,0.18545999999999999
2006,kwt,11.14068
2006,lka,0.7419899999999999
2006,mda,0.19383
2006,mdg,22.47316
2006,mkd,0.28675
2006,mlt,0.99708
2006,mmr,1.22522
2006,mng,0.02705
2006,mwi,5.971
2006,ner,26.77617
2006,rom,1.9881
2006,rus,0.8548600000000001
2006,sen,20.76419
2006,svk,1.53801
2006,svn,0.09997
2006,syr,5.4635
2006,tcd,19.66626
2006,tgo,29.073520000000002
2006,tjk,0.52925
2006,uga,3.6222
2006,ukr,0.04485
2006,uzb,0.04562
2006,vut,1.66305
2006,wbg,2.47951
2007,ado,8.38926
2007,alb,1.22122
2007,are,4.30234
2007,arm,0.27781999999999996
2007,aze,0.6063
2007,bfa,37.16039
2007,bgr,2.94228
2007,blr,0.02431
2007,blz,9.0381
2007,btn,0.93616
2007,civ,21.03924
2007,cmr,23.76341
2007,col,2.37358
2007,cze,0.21939
2007,deu,3.91859
2007,dji,18.81168
2007,dza,3.1503200000000002
2007,fra,6.17744
2007,gin,16.842979999999997
2007,hrv,0.16319
2007,jor,1.9398799999999998
2007,kaz,0.17882
2007,kgz,0.13765
2007,kwt,2.3166
2007,lka,0.7698
2007,mda,0.14501
2007,mdg,20.78347
2007,mkd,0.1326
2007,mlt,0.7398100000000001
2007,mmr,3.1981900000000003
2007,mng,0.0657
2007,mwi,9.751389999999999
2007,ner,40.318090000000005
2007,rom,1.8344900000000002
2007,rus,0.68692
2007,srb,0.1555
2007,sur,22.713929999999998
2007,svk,1.4592200000000002
2007,syr,4.51885
2007,tgo,26.211679999999998
2007,tjk,0.45546000000000003
2007,uga,4.59622
2007,ukr,0.03743
2007,wbg,2.3911599999999997
2008,ado,10.68447
2008,alb,1.03367
2008,aze,0.67943
2008,bdi,22.95731
2008,bfa,38.15696
2008,bgr,3.17125
2008,blr,0.011609999999999999
2008,blz,10.81272
2008,btn,1.1305100000000001
2008,civ,15.97034
2008,cmr,25.42724
2008,cog,31.76793
2008,col,2.53252
2008,cze,0.21715
2008,deu,3.6742800000000004
2008,dji,16.91281
2008,dza,27.4052
2008,eth,2.03248
2008,fji,2.0371200000000003
2008,fra,5.87522
2008,hrv,0.1973
2008,jor,1.2079600000000001
2008,kaz,0.17182
2008,kgz,0.15168
2008,kwt,2.96044
2008,lka,1.27985
2008,mdg,21.1047
2008,mkd,0.14795999999999998
2008,mlt,0.6049100000000001
2008,mng,0.00573
2008,mwi,11.466510000000001
2008,ner,34.44559
2008,rom,1.9459799999999998
2008,rus,0.59315
2008,sen,22.80578
2008,srb,0.13432
2008,sur,29.54128
2008,svk,1.84725
2008,syr,4.47191
2008,tgo,31.78245
2008,tjk,0.5634100000000001
2008,tza,1.9398799999999998
2008,uga,4.33622
2008,ukr,0.037000000000000005
2008,uzb,0.022369999999999998
2008,wbg,2.66129
2009,ado,5.20325
2009,are,2.23664
2009,aze,0.69018
2009,bdi,22.21358
2009,bfa,38.11745
2009,bgr,3.4126
2009,blr,0.00686
2009,blz,7.6534
2009,bra,17.68425
2009,btn,0.5938100000000001
2009,caf,16.96322
2009,civ,26.23943
2009,cmr,27.632070000000002
2009,cog,31.48735
2009,col,2.04909
2009,cze,0.18885
2009,deu,3.4733400000000003
2009,dji,8.38095
2009,dza,18.90268
2009,esp,10.76083
2009,eth,2.03251
2009,fji,1.0861399999999999
2009,fra,5.4652
2009,gin,23.93991
2009,hrv,0.23865
2009,kaz,0.1479
2009,kgz,0.10382000000000001
2009,kwt,2.54395
2009,lka,1.08627
2009,mdg,20.08635
2009,mkd,0.20790999999999998
2009,mlt,0.67682
2009,mmr,0.94673
2009,mng,0.0207
2009,mrt,11.98397
2009,mwi,9.975010000000001
2009,ner,33.39222
2009,rom,1.75856
2009,rus,0.48912
2009,sen,23.44455
2009,srb,0.17184000000000002
2009,sur,27.328940000000003
2009,svk,1.80285
2009,syr,4.38416
2009,tcd,18.090999999999998
2009,tjk,0.61824
2009,tza,1.99537
2009,uga,3.83313
2009,ukr,0.00983
2009,uzb,0.017769999999999998
2009,wbg,2.7591099999999997
2010,ado,3.7168099999999997
2010,alb,0.96524
2010,are,2.16482
2010,aze,0.6592899999999999
2010,bdi,24.9406
2010,bfa,39.57817
2010,bgr,3.6646699999999996
2010,bih,0.12554
2010,blr,0.00415
2010,blz,9.08328
2010,bra,16.52514
2010,btn,0.38861
2010,cog,34.22077
2010,col,2.14249
2010,cze,0.21135
2010,deu,3.17612
2010,dza,20.1852
2010,esp,11.21723
2010,eth,2.62743
2010,fra,4.94463
2010,gin,20.13269
2010,hrv,0.19608
2010,kaz,0.10071000000000001
2010,kgz,0.08094
2010,kwt,2.3447299999999998
2010,lao,0.88549
2010,lka,0.9118700000000001
2010,mdg,15.58143
2010,mkd,0.31361999999999995
2010,mlt,0.54655
2010,mmr,1.3806399999999999
2010,mng,0.02387
2010,mwi,8.21326
2010,ner,35.568329999999996
2010,rom,1.73205
2010,sen,23.054289999999998
2010,srb,0.11884000000000002
2010,svk,1.65462
2010,syr,4.6993599999999995
2010,tcd,20.09585
2010,tgo,26.9377
2010,tjk,0.52662
2010,uga,4.05054
2010,ukr,0.012240000000000001
2010,uzb,0.01995
2010,vut,3.6234599999999997
2010,wbg,2.7637099999999997
2011,ado,4.2881599999999995
2011,alb,0.88536
2011,are,2.08374
2011,aut,2.68928
2011,aze,0.8194799999999999
2011,bdi,26.637159999999998
2011,ben,32.94818
2011,bfa,40.40739
2011,bgr,3.7637099999999997
2011,bih,0.12646
2011,blr,0.00556
2011,blz,9.26877
2011,bra,15.953629999999999
2011,btn,0.76079
2011,civ,28.218529999999998
2011,cmr,19.1777
2011,cog,24.94718
2011,col,4.293019999999999
2011,cze,0.196
2011,deu,2.87942
2011,dji,8.74083
2011,dza,12.236930000000001
2011,fji,0.1041
2011,fra,4.79251
2011,gin,20.84818
2011,gnq,11.6746
2011,hrv,0.24854
2011,jor,1.66172
2011,kaz,0.06731000000000001
2011,kgz,0.07629
2011,lao,0.9437200000000001
2011,lka,0.9995799999999999
2011,ltu,0.9005
2011,mdg,18.72739
2011,mlt,0.26263000000000003
2011,mne,0.04583
2011,mwi,6.767
2011,ner,31.27522
2011,rom,1.26875
2011,rus,0.52163
2011,sen,21.410970000000002
2011,sur,21.0084
2011,svk,1.3282200000000002
2011,syr,5.21975
2011,tcd,19.939339999999998
2011,tgo,27.62323
2011,tjk,0.39989
2011,uga,5.00261
2011,ukr,0.01222
2011,uzb,0.01706
2011,vnm,0.45656
2011,wbg,2.56632
2012,ado,4.477609999999999
2012,alb,0.9819700000000001
2012,are,1.7464400000000002
2012,aut,2.75421
2012,aze,0.8811899999999999
2012,bdi,28.853340000000003
2012,bfa,38.21225
2012,bgr,4.394769999999999
2012,bih,0.13369
2012,blr,0.00678
2012,blz,6.66667
2012,btn,0.4747
2012,caf,13.74975
2012,civ,27.279329999999998
2012,cog,17.30344
2012,col,3.8393800000000002
2012,cze,0.21038
2012,deu,2.92952
2012,dji,15.02074
2012,dza,7.593610000000001
2012,eth,1.9773900000000002
2012,fji,0.21655
2012,fra,4.3364400000000005
2012,gin,25.91875
2012,gnq,11.58708
2012,hrv,0.23845999999999998
2012,jor,2.35869
2012,kaz,0.05248
2012,kgz,0.057
2012,kwt,1.50112
2012,lao,0.70189
2012,lka,0.85544
2012,ltu,1.0279
2012,mdg,20.42626
2012,mne,0.19817
2012,mrt,14.88945
2012,mwi,6.671930000000001
2012,ner,28.89408
2012,rom,1.83274
2012,rus,0.50793
2012,sen,20.9672
2012,srb,0.11584000000000001
2012,svk,1.56788
2012,syr,3.73639
2012,tcd,21.29525
2012,tjk,0.413
2012,tza,1.15952
2012,ukr,0.006809999999999999
2012,vnm,0.35206
2012,wbg,2.6970400000000003
2013,ado,4.57227
2013,alb,0.90623
2013,are,1.3580299999999998
2013,aut,2.65055
2013,aze,0.6630699999999999
2013,bdi,24.65457
2013,ben,31.60156
2013,bfa,32.23721
2013,bgr,3.7785599999999997
2013,bih,0.10682
2013,blr,0.0099
2013,blz,6.92236
2013,btn,0.6038100000000001
2013,cmr,18.90321
2013,col,2.15935
2013,com,17.19365
2013,cze,0.17318
2013,deu,2.94709
2013,dnk,3.39808
2013,dza,15.354610000000001
2013,fra,4.04991
2013,gin,31.25023
2013,hun,1.26102
2013,kaz,0.04326
2013,kgz,0.045489999999999996
2013,kwt,1.50142
2013,lao,0.91859
2013,lka,0.8959600000000001
2013,ltu,0.8916200000000001
2013,mdg,19.28031
2013,mwi,6.900689999999999
2013,ner,26.04448
2013,rom,1.85726
2013,rus,0.4528
2013,srb,0.13339
2013,sur,18.573829999999997
2013,svk,1.61984
2013,syr,7.77128
2013,tcd,22.570079999999997
2013,tgo,26.74565
2013,tur,0.8606600000000001
2013,tza,0.86245
2013,uga,1.61343
2013,ukr,0.00469
2013,vnm,0.19341
2013,vut,4.93662
2013,wbg,1.95775
2014,ado,3.49345
2014,alb,0.8666
2014,are,1.53852
2014,aut,2.63961
2014,aze,1.32997
2014,bdi,24.3604
2014,ben,32.50785
2014,bfa,35.3672
2014,bgr,3.3971400000000003
2014,bih,0.12817
2014,blr,0.00773
2014,blz,8.6315
2014,btn,3.15425
2014,civ,35.83359
2014,cmr,32.723209999999995
2014,col,2.02582
2014,dji,17.81468
2014,dza,21.39491
2014,eth,2.1183400000000003
2014,gin,28.73964
2014,kaz,0.04732
2014,kgz,0.05306
2014,lao,0.76354
2014,mdg,23.537779999999998
2014,mmr,1.44929
2014,mrt,10.703510000000001
2014,ner,32.61872
2014,omn,4.16869
2014,sen,21.703039999999998
2014,srb,0.10833
2014,sur,22.289260000000002
2014,syr,6.30125
2014,tgo,26.551140000000004
2014,tjk,0.16664
2014,ukr,0.0058
2014,vnm,0.16366
2014,wbg,2.15809
2015,dji,14.37929
2015,kaz,0.04658
2015,mne,0.01335
2015,tjk,0.08453
