year,country,prj_pop_1519_ned_mf
2010,wld,57599.92
2010,abw,0.13
2010,alb,3.18
2010,are,11.56
2010,arg,18.36
2010,arm,0.75
2010,aus,1.28
2010,aut,0.0
2010,aze,0.45
2010,bdi,167.22
2010,bel,0.66
2010,ben,313.84
2010,bfa,1117.93
2010,bgd,1839.17
2010,bgr,2.48
2010,bhr,0.34
2010,bhs,0.02
2010,bih,2.17
2010,blr,2.3
2010,blz,1.14
2010,bol,32.88
2010,bra,487.23
2010,btn,17.48
2010,caf,77.89
2010,can,2.73
2010,che,0.0
2010,chl,5.98
2010,chn,1290.49
2010,civ,620.22
2010,cmr,168.14
2010,cog,7.74
2010,col,103.03
2010,com,7.1
2010,cpv,1.02
2010,cri,3.93
2010,cub,1.83
2010,cyp,0.36
2010,cze,0.61
2010,deu,34.57
2010,dnk,0.0
2010,dom,2.24
2010,dza,126.59
2010,ecu,28.68
2010,egy,744.8
2010,esp,3.45
2010,est,0.02
2010,eth,1793.47
2010,fin,0.0
2010,fra,61.84
2010,gab,1.97
2010,gbr,16.4
2010,geo,0.25
2010,gha,545.55
2010,gin,534.64
2010,gmb,46.2
2010,gnb,57.54
2010,gnq,2.78
2010,grc,1.99
2010,gtm,200.61
2010,guy,0.72
2010,hkg,1.52
2010,hnd,62.74
2010,hrv,0.61
2010,hti,60.87
2010,hun,1.46
2010,idn,328.14
2010,ind,20481.89
2010,irl,1.0
2010,irn,217.63
2010,irq,320.42
2010,isl,0.0
2010,isr,1.41
2010,ita,1.15
2010,jam,1.37
2010,jor,14.0
2010,jpn,6.05
2010,kaz,3.6
2010,ken,183.54
2010,kgz,0.16
2010,khm,182.9
2010,kor,1.63
2010,kwt,1.68
2010,lao,95.4
2010,lbn,4.22
2010,lbr,260.8
2010,lca,0.04
2010,lso,8.97
2010,ltu,0.87
2010,lux,0.18
2010,lva,0.66
2010,mac,0.01
2010,mar,703.1
2010,mda,0.16
2010,mdg,327.69
2010,mdv,0.27
2010,mex,126.94
2010,mkd,1.6
2010,mli,1139.52
2010,mlt,0.09
2010,mmr,142.27
2010,mne,0.91
2010,mng,7.93
2010,moz,1233.37
2010,mus,0.48
2010,mwi,171.62
2010,mys,33.54
2010,nam,7.95
2010,ncl,0.23
2010,ner,1018.71
2010,nga,3236.85
2010,nic,61.15
2010,nld,22.16
2010,nor,0.0
2010,npl,600.06
2010,nzl,0.16
2010,pak,6769.48
2010,pan,5.59
2010,per,30.78
2010,phl,78.86
2010,pol,14.56
2010,pri,0.67
2010,prt,1.74
2010,pry,15.5
2010,pyf,0.1
2010,qat,1.93
2010,rom,18.81
2010,rus,13.41
2010,rwa,175.76
2010,sau,28.82
2010,sdn,2109.13
2010,sen,602.49
2010,sgp,0.39
2010,sle,262.83
2010,slv,39.88
2010,som,374.84
2010,srb,1.34
2010,stp,0.37
2010,sur,0.06
2010,svk,0.81
2010,svn,0.01
2010,swe,0.0
2010,swz,3.54
2010,syr,123.22
2010,tcd,627.89
2010,tha,26.06
2010,tjk,14.98
2010,tkm,0.0
2010,tmp,15.26
2010,ton,0.02
2010,tto,0.27
2010,tun,20.62
2010,tur,72.78
2010,tza,765.04
2010,uga,411.11
2010,ukr,2.5
2010,ury,0.51
2010,usa,45.6
2010,vct,0.14
2010,ven,35.52
2010,vnm,182.82
2010,vut,2.67
2010,wbg,6.98
2010,wsm,0.07
2010,zaf,36.18
2010,zar,565.22
2010,zmb,51.01
2010,zwe,5.82
2015,wld,55717.21
2015,abw,0.13
2015,alb,2.56
2015,are,41.47
2015,arg,14.09
2015,arm,0.36
2015,aus,0.84
2015,aut,0.0
2015,aze,6.97
2015,bdi,221.17
2015,bel,0.6
2015,ben,328.28
2015,bfa,1183.59
2015,bgd,1662.66
2015,bgr,1.59
2015,bhr,1.05
2015,bhs,0.01
2015,bih,1.08
2015,blr,1.7
2015,blz,1.27
2015,bol,14.5
2015,bra,373.45
2015,btn,13.53
2015,caf,62.86
2015,can,0.18
2015,che,0.0
2015,chl,3.58
2015,chn,2969.67
2015,civ,556.43
2015,cmr,117.48
2015,cog,4.32
2015,col,79.76
2015,com,5.3
2015,cpv,8.41
2015,cri,2.59
2015,cub,1.13
2015,cyp,0.08
2015,cze,0.61
2015,deu,25.94
2015,dnk,0.19
2015,dom,6.95
2015,dza,61.54
2015,ecu,24.29
2015,egy,585.31
2015,esp,2.69
2015,est,0.0
2015,eth,2529.7
2015,fin,0.0
2015,fra,55.7
2015,gab,0.87
2015,gbr,21.17
2015,geo,0.21
2015,gha,600.74
2015,gin,570.89
2015,gmb,44.97
2015,gnb,54.03
2015,gnq,3.04
2015,grc,1.25
2015,gtm,198.53
2015,guy,2.69
2015,hkg,0.58
2015,hnd,49.81
2015,hrv,1.19
2015,hti,47.55
2015,hun,1.1
2015,idn,647.28
2015,ind,17299.9
2015,irl,0.98
2015,irn,90.07
2015,irq,282.16
2015,isl,0.0
2015,isr,0.96
2015,ita,1.1
2015,jam,7.51
2015,jor,21.49
2015,jpn,15.78
2015,kaz,4.9
2015,ken,116.3
2015,kgz,0.0
2015,khm,150.6
2015,kor,2.81
2015,kwt,3.98
2015,lao,109.43
2015,lbn,9.97
2015,lbr,285.9
2015,lca,0.23
2015,lso,8.0
2015,ltu,0.62
2015,lux,0.18
2015,lva,0.6
2015,mac,0.02
2015,mar,508.82
2015,mda,0.09
2015,mdg,539.84
2015,mdv,0.75
2015,mex,163.07
2015,mkd,0.89
2015,mli,1266.69
2015,mlt,0.11
2015,mmr,183.0
2015,mne,0.62
2015,mng,5.65
2015,moz,1318.2
2015,mus,0.88
2015,mwi,212.38
2015,mys,91.17
2015,nam,5.46
2015,ncl,0.19
2015,ner,1201.05
2015,nga,2345.65
2015,nic,49.94
2015,nld,16.05
2015,nor,0.17
2015,npl,500.81
2015,nzl,0.75
2015,pak,6150.19
2015,pan,4.23
2015,per,20.19
2015,phl,65.34
2015,pol,7.19
2015,pri,0.55
2015,prt,5.05
2015,pry,28.16
2015,pyf,0.19
2015,qat,1.75
2015,rom,11.73
2015,rus,8.19
2015,rwa,167.55
2015,sau,19.75
2015,sdn,2034.6
2015,sen,587.08
2015,sgp,0.0
2015,sle,279.41
2015,slv,30.87
2015,som,386.21
2015,srb,0.76
2015,stp,1.61
2015,sur,0.09
2015,svk,0.53
2015,svn,0.02
2015,swe,0.83
2015,swz,2.35
2015,syr,139.52
2015,tcd,686.47
2015,tha,59.46
2015,tjk,10.52
2015,tkm,0.31
2015,tmp,11.84
2015,ton,0.04
2015,tto,0.2
2015,tun,28.19
2015,tur,31.99
2015,tza,788.38
2015,uga,411.61
2015,ukr,1.79
2015,ury,0.59
2015,usa,59.92
2015,vct,0.53
2015,ven,26.08
2015,vnm,495.54
2015,vut,2.21
2015,wbg,4.38
2015,wsm,0.07
2015,zaf,25.62
2015,zar,467.37
2015,zmb,34.65
2015,zwe,0.6
2020,wld,48579.4
2020,abw,0.09
2020,alb,1.92
2020,are,35.9
2020,arg,9.41
2020,arm,0.3
2020,aus,0.74
2020,aut,0.0
2020,aze,7.06
2020,bdi,196.45
2020,bel,0.62
2020,ben,334.28
2020,bfa,1233.81
2020,bgd,1392.95
2020,bgr,1.25
2020,bhr,0.84
2020,bhs,0.01
2020,bih,0.61
2020,blr,1.57
2020,blz,1.08
2020,bol,11.36
2020,bra,263.51
2020,btn,10.69
2020,caf,49.15
2020,can,0.0
2020,che,0.0
2020,chl,2.04
2020,chn,2338.52
2020,civ,487.96
2020,cmr,86.25
2020,cog,2.45
2020,col,57.35
2020,com,4.09
2020,cpv,8.01
2020,cri,1.59
2020,cub,0.77
2020,cyp,0.06
2020,cze,0.55
2020,deu,18.61
2020,dnk,0.13
2020,dom,6.01
2020,dza,41.32
2020,ecu,17.11
2020,egy,435.71
2020,esp,2.28
2020,est,0.0
2020,eth,2251.73
2020,fin,0.0
2020,fra,45.22
2020,gab,0.44
2020,gbr,20.21
2020,geo,0.17
2020,gha,573.34
2020,gin,564.96
2020,gmb,41.92
2020,gnb,50.51
2020,gnq,2.69
2020,grc,0.83
2020,gtm,182.92
2020,guy,2.11
2020,hkg,0.29
2020,hnd,37.67
2020,hrv,0.93
2020,hti,34.78
2020,hun,0.82
2020,idn,621.72
2020,ind,14106.71
2020,irl,0.94
2020,irn,48.1
2020,irq,249.51
2020,isl,0.0
2020,isr,0.66
2020,ita,1.12
2020,jam,5.8
2020,jor,16.71
2020,jpn,13.65
2020,kaz,4.91
2020,ken,82.76
2020,kgz,0.0
2020,khm,111.67
2020,kor,2.11
2020,kwt,4.62
2020,lao,88.47
2020,lbn,7.98
2020,lbr,306.82
2020,lca,0.17
2020,lso,5.88
2020,ltu,0.52
2020,lux,0.14
2020,lva,0.62
2020,mac,0.02
2020,mar,370.41
2020,mda,0.06
2020,mdg,563.35
2020,mdv,0.59
2020,mex,129.28
2020,mkd,0.52
2020,mli,1375.89
2020,mlt,0.09
2020,mmr,142.73
2020,mne,0.44
2020,mng,4.72
2020,moz,1403.03
2020,mus,0.73
2020,mwi,201.05
2020,mys,85.44
2020,nam,3.82
2020,ncl,0.12
2020,ner,1330.18
2020,nga,1974.37
2020,nic,38.49
2020,nld,12.9
2020,nor,0.16
2020,npl,375.39
2020,nzl,0.64
2020,pak,4981.76
2020,pan,3.01
2020,per,12.91
2020,phl,48.71
2020,pol,4.03
2020,pri,0.35
2020,prt,3.87
2020,pry,26.94
2020,pyf,0.13
2020,qat,1.62
2020,rom,7.81
2020,rus,7.1
2020,rwa,155.11
2020,sau,14.84
2020,sdn,1878.92
2020,sen,567.53
2020,sgp,0.0
2020,sle,281.57
2020,slv,19.7
2020,som,384.31
2020,srb,0.71
2020,stp,1.7
2020,sur,0.08
2020,svk,0.4
2020,svn,0.02
2020,swe,0.72
2020,swz,1.53
2020,syr,118.82
2020,tcd,747.74
2020,tha,53.95
2020,tjk,7.25
2020,tkm,0.29
2020,tmp,7.2
2020,ton,0.04
2020,tto,0.14
2020,tun,22.16
2020,tur,16.2
2020,tza,883.89
2020,uga,402.05
2020,ukr,1.43
2020,ury,0.47
2020,usa,47.6
2020,vct,0.43
2020,ven,18.8
2020,vnm,439.63
2020,vut,1.76
2020,wbg,2.95
2020,wsm,0.06
2020,zaf,17.39
2020,zar,369.69
2020,zmb,23.75
2020,zwe,0.0
2025,wld,42432.35
2025,abw,0.07
2025,alb,1.38
2025,are,37.13
2025,arg,6.48
2025,arm,0.26
2025,aus,0.82
2025,aut,0.0
2025,aze,10.06
2025,bdi,186.19
2025,bel,0.64
2025,ben,338.55
2025,bfa,1263.58
2025,bgd,1072.93
2025,bgr,1.1
2025,bhr,0.84
2025,bhs,0.01
2025,bih,0.38
2025,blr,1.68
2025,blz,0.95
2025,bol,8.33
2025,bra,160.85
2025,btn,8.13
2025,caf,36.01
2025,can,0.0
2025,che,0.0
2025,chl,1.2
2025,chn,2010.0
2025,civ,401.0
2025,cmr,60.63
2025,cog,1.34
2025,col,40.98
2025,com,2.85
2025,cpv,7.86
2025,cri,0.95
2025,cub,0.55
2025,cyp,0.06
2025,cze,0.63
2025,deu,15.39
2025,dnk,0.09
2025,dom,5.02
2025,dza,29.85
2025,ecu,12.0
2025,egy,317.37
2025,esp,2.43
2025,est,0.0
2025,eth,1864.09
2025,fin,0.0
2025,fra,37.79
2025,gab,0.2
2025,gbr,21.91
2025,geo,0.16
2025,gha,540.44
2025,gin,546.96
2025,gmb,37.71
2025,gnb,46.0
2025,gnq,2.43
2025,grc,0.73
2025,gtm,159.12
2025,guy,1.27
2025,hkg,0.25
2025,hnd,28.26
2025,hrv,0.85
2025,hti,24.85
2025,hun,0.68
2025,idn,580.13
2025,ind,11382.04
2025,irl,1.01
2025,irn,29.07
2025,irq,218.52
2025,isl,0.0
2025,isr,0.46
2025,ita,1.17
2025,jam,5.2
2025,jor,13.11
2025,jpn,12.08
2025,kaz,6.38
2025,ken,57.35
2025,kgz,0.0
2025,khm,88.82
2025,kor,2.11
2025,kwt,4.88
2025,lao,74.33
2025,lbn,7.29
2025,lbr,317.82
2025,lca,0.16
2025,lso,4.37
2025,ltu,0.57
2025,lux,0.11
2025,lva,0.72
2025,mac,0.02
2025,mar,281.36
2025,mda,0.06
2025,mdg,584.37
2025,mdv,0.51
2025,mex,99.1
2025,mkd,0.33
2025,mli,1435.09
2025,mlt,0.09
2025,mmr,119.51
2025,mne,0.31
2025,mng,5.65
2025,moz,1312.07
2025,mus,0.55
2025,mwi,196.48
2025,mys,76.31
2025,nam,2.61
2025,ncl,0.09
2025,ner,1438.55
2025,nga,1588.92
2025,nic,30.66
2025,nld,9.45
2025,nor,0.17
2025,npl,251.03
2025,nzl,0.61
2025,pak,4485.64
2025,pan,2.02
2025,per,7.97
2025,phl,32.73
2025,pol,2.93
2025,pri,0.25
2025,prt,2.73
2025,pry,25.66
2025,pyf,0.11
2025,qat,1.51
2025,rom,5.63
2025,rus,7.28
2025,rwa,151.47
2025,sau,14.24
2025,sdn,1635.15
2025,sen,533.04
2025,sgp,0.0
2025,sle,272.0
2025,slv,14.07
2025,som,364.11
2025,srb,0.62
2025,stp,1.7
2025,sur,0.06
2025,svk,0.37
2025,svn,0.02
2025,swe,0.66
2025,swz,1.02
2025,syr,91.77
2025,tcd,774.22
2025,tha,50.0
2025,tjk,5.11
2025,tkm,0.27
2025,tmp,4.98
2025,ton,0.03
2025,tto,0.12
2025,tun,20.87
2025,tur,9.89
2025,tza,999.57
2025,uga,375.94
2025,ukr,1.52
2025,ury,0.41
2025,usa,35.72
2025,vct,0.38
2025,ven,13.27
2025,vnm,424.93
2025,vut,1.37
2025,wbg,2.45
2025,wsm,0.05
2025,zaf,11.18
2025,zar,270.68
2025,zmb,16.3
2025,zwe,0.0
2030,wld,36056.14
2030,abw,0.05
2030,alb,1.06
2030,are,37.81
2030,arg,4.2
2030,arm,0.19
2030,aus,0.85
2030,aut,0.0
2030,aze,12.46
2030,bdi,179.96
2030,bel,0.64
2030,ben,315.31
2030,bfa,1223.1
2030,bgd,895.15
2030,bgr,0.78
2030,bhr,0.77
2030,bhs,0.01
2030,bih,0.29
2030,blr,1.68
2030,blz,0.84
2030,bol,5.9
2030,bra,106.87
2030,btn,6.47
2030,caf,25.54
2030,can,0.0
2030,che,0.0
2030,chl,0.7
2030,chn,1566.71
2030,civ,309.64
2030,cmr,38.33
2030,cog,0.79
2030,col,27.7
2030,com,1.71
2030,cpv,7.92
2030,cri,0.6
2030,cub,0.48
2030,cyp,0.05
2030,cze,0.61
2030,deu,12.8
2030,dnk,0.06
2030,dom,4.0
2030,dza,21.82
2030,ecu,8.53
2030,egy,221.51
2030,esp,2.04
2030,est,0.0
2030,eth,1651.09
2030,fin,0.0
2030,fra,31.05
2030,gab,0.1
2030,gbr,22.77
2030,geo,0.15
2030,gha,476.52
2030,gin,481.7
2030,gmb,32.28
2030,gnb,39.19
2030,gnq,2.04
2030,grc,0.58
2030,gtm,127.58
2030,guy,1.06
2030,hkg,0.29
2030,hnd,19.94
2030,hrv,0.75
2030,hti,16.44
2030,hun,0.49
2030,idn,546.67
2030,ind,8781.59
2030,irl,0.85
2030,irn,17.28
2030,irq,174.68
2030,isl,0.0
2030,isr,0.34
2030,ita,1.05
2030,jam,4.61
2030,jor,9.2
2030,jpn,10.57
2030,kaz,5.83
2030,ken,37.06
2030,kgz,0.0
2030,khm,71.85
2030,kor,1.99
2030,kwt,3.94
2030,lao,68.27
2030,lbn,6.76
2030,lbr,304.27
2030,lca,0.13
2030,lso,3.17
2030,ltu,0.66
2030,lux,0.07
2030,lva,0.66
2030,mac,0.01
2030,mar,203.42
2030,mda,0.04
2030,mdg,579.18
2030,mdv,0.51
2030,mex,77.7
2030,mkd,0.24
2030,mli,1418.95
2030,mlt,0.1
2030,mmr,99.11
2030,mne,0.22
2030,mng,5.22
2030,moz,1162.45
2030,mus,0.43
2030,mwi,177.03
2030,mys,72.24
2030,nam,1.65
2030,ncl,0.07
2030,ner,1499.94
2030,nga,1204.83
2030,nic,22.83
2030,nld,7.04
2030,nor,0.16
2030,npl,182.5
2030,nzl,0.53
2030,pak,3958.73
2030,pan,1.25
2030,per,4.65
2030,phl,21.9
2030,pol,2.25
2030,pri,0.17
2030,prt,1.77
2030,pry,24.02
2030,pyf,0.1
2030,qat,1.15
2030,rom,3.58
2030,rus,7.01
2030,rwa,129.63
2030,sau,13.11
2030,sdn,1357.45
2030,sen,460.0
2030,sgp,0.0
2030,sle,237.57
2030,slv,10.0
2030,som,319.2
2030,srb,0.48
2030,stp,1.61
2030,sur,0.05
2030,svk,0.37
2030,svn,0.01
2030,swe,0.56
2030,swz,0.65
2030,syr,66.01
2030,tcd,788.7
2030,tha,47.72
2030,tjk,3.44
2030,tkm,0.27
2030,tmp,3.25
2030,ton,0.03
2030,tto,0.09
2030,tun,18.1
2030,tur,6.19
2030,tza,1021.46
2030,uga,333.76
2030,ukr,1.42
2030,ury,0.38
2030,usa,20.92
2030,vct,0.33
2030,ven,8.75
2030,vnm,381.95
2030,vut,0.95
2030,wbg,2.36
2030,wsm,0.04
2030,zaf,7.2
2030,zar,195.17
2030,zmb,10.64
2030,zwe,0.0
2035,wld,30050.91
2035,abw,0.05
2035,alb,0.91
2035,are,35.83
2035,arg,2.64
2035,arm,0.16
2035,aus,0.9
2035,aut,0.0
2035,aze,10.85
2035,bdi,159.53
2035,bel,0.65
2035,ben,285.91
2035,bfa,1146.97
2035,bgd,724.87
2035,bgr,0.59
2035,bhr,0.57
2035,bhs,0.01
2035,bih,0.21
2035,blr,1.44
2035,blz,0.72
2035,bol,4.17
2035,bra,70.3
2035,btn,4.9
2035,caf,17.17
2035,can,0.0
2035,che,0.0
2035,chl,0.49
2035,chn,1271.29
2035,civ,228.85
2035,cmr,23.06
2035,cog,0.57
2035,col,18.93
2035,com,0.98
2035,cpv,7.7
2035,cri,0.39
2035,cub,0.44
2035,cyp,0.06
2035,cze,0.59
2035,deu,11.26
2035,dnk,0.04
2035,dom,3.21
2035,dza,16.34
2035,ecu,6.4
2035,egy,145.1
2035,esp,1.87
2035,est,0.0
2035,eth,1405.44
2035,fin,0.0
2035,fra,26.75
2035,gab,0.04
2035,gbr,22.83
2035,geo,0.12
2035,gha,412.39
2035,gin,402.89
2035,gmb,26.34
2035,gnb,31.65
2035,gnq,1.69
2035,grc,0.49
2035,gtm,98.74
2035,guy,0.9
2035,hkg,0.24
2035,hnd,13.77
2035,hrv,0.67
2035,hti,10.71
2035,hun,0.42
2035,idn,522.06
2035,ind,6527.09
2035,irl,0.73
2035,irn,8.42
2035,irq,140.76
2035,isl,0.0
2035,isr,0.31
2035,ita,1.01
2035,jam,4.13
2035,jor,7.07
2035,jpn,9.02
2035,kaz,5.26
2035,ken,24.62
2035,kgz,0.0
2035,khm,55.3
2035,kor,1.92
2035,kwt,3.68
2035,lao,64.12
2035,lbn,6.5
2035,lbr,291.32
2035,lca,0.11
2035,lso,2.28
2035,ltu,0.66
2035,lux,0.06
2035,lva,0.66
2035,mac,0.01
2035,mar,144.54
2035,mda,0.03
2035,mdg,564.47
2035,mdv,0.49
2035,mex,62.09
2035,mkd,0.21
2035,mli,1339.55
2035,mlt,0.1
2035,mmr,84.35
2035,mne,0.16
2035,mng,4.58
2035,moz,1022.39
2035,mus,0.38
2035,mwi,155.37
2035,mys,69.92
2035,nam,1.05
2035,ncl,0.06
2035,ner,1517.83
2035,nga,897.55
2035,nic,16.5
2035,nld,5.8
2035,nor,0.17
2035,npl,126.81
2035,nzl,0.48
2035,pak,3290.1
2035,pan,0.78
2035,per,2.61
2035,phl,14.36
2035,pol,1.94
2035,pri,0.15
2035,prt,1.27
2035,pry,22.86
2035,pyf,0.08
2035,qat,0.73
2035,rom,2.51
2035,rus,5.88
2035,rwa,105.6
2035,sau,13.87
2035,sdn,1079.42
2035,sen,379.23
2035,sgp,0.0
2035,sle,206.15
2035,slv,6.87
2035,som,268.52
2035,srb,0.45
2035,stp,1.49
2035,sur,0.04
2035,svk,0.34
2035,svn,0.01
2035,swe,0.51
2035,swz,0.39
2035,syr,53.97
2035,tcd,775.44
2035,tha,48.48
2035,tjk,2.32
2035,tkm,0.27
2035,tmp,2.15
2035,ton,0.02
2035,tto,0.09
2035,tun,16.1
2035,tur,6.05
2035,tza,1034.72
2035,uga,284.17
2035,ukr,1.24
2035,ury,0.37
2035,usa,14.37
2035,vct,0.28
2035,ven,5.68
2035,vnm,327.49
2035,vut,0.64
2035,wbg,2.5
2035,wsm,0.04
2035,zaf,4.59
2035,zar,134.75
2035,zmb,6.55
2035,zwe,0.0
2040,wld,24442.68
2040,abw,0.05
2040,alb,0.74
2040,are,32.11
2040,arg,1.59
2040,arm,0.13
2040,aus,0.93
2040,aut,0.0
2040,aze,8.58
2040,bdi,129.75
2040,bel,0.65
2040,ben,247.77
2040,bfa,1042.85
2040,bgd,566.65
2040,bgr,0.45
2040,bhr,0.39
2040,bhs,0.01
2040,bih,0.15
2040,blr,1.19
2040,blz,0.59
2040,bol,2.82
2040,bra,44.4
2040,btn,3.6
2040,caf,10.91
2040,can,0.0
2040,che,0.0
2040,chl,0.4
2040,chn,999.29
2040,civ,163.13
2040,cmr,13.51
2040,cog,0.5
2040,col,12.65
2040,com,0.58
2040,cpv,7.34
2040,cri,0.27
2040,cub,0.39
2040,cyp,0.06
2040,cze,0.55
2040,deu,9.71
2040,dnk,0.03
2040,dom,2.6
2040,dza,12.84
2040,ecu,5.15
2040,egy,91.29
2040,esp,1.73
2040,est,0.0
2040,eth,1121.7
2040,fin,0.0
2040,fra,23.83
2040,gab,0.01
2040,gbr,22.65
2040,geo,0.1
2040,gha,350.48
2040,gin,331.07
2040,gmb,21.07
2040,gnb,24.43
2040,gnq,1.34
2040,grc,0.44
2040,gtm,75.92
2040,guy,0.76
2040,hkg,0.2
2040,hnd,9.24
2040,hrv,0.59
2040,hti,6.69
2040,hun,0.37
2040,idn,497.19
2040,ind,4662.75
2040,irl,0.6
2040,irn,6.51
2040,irq,116.17
2040,isl,0.0
2040,isr,0.3
2040,ita,1.0
2040,jam,3.6
2040,jor,5.07
2040,jpn,7.89
2040,kaz,4.71
2040,ken,18.17
2040,kgz,0.0
2040,khm,39.71
2040,kor,1.85
2040,kwt,3.48
2040,lao,58.54
2040,lbn,6.16
2040,lbr,262.23
2040,lca,0.09
2040,lso,1.59
2040,ltu,0.62
2040,lux,0.05
2040,lva,0.61
2040,mac,0.01
2040,mar,98.54
2040,mda,0.03
2040,mdg,541.46
2040,mdv,0.44
2040,mex,49.67
2040,mkd,0.17
2040,mli,1223.99
2040,mlt,0.09
2040,mmr,72.12
2040,mne,0.11
2040,mng,3.8
2040,moz,878.67
2040,mus,0.34
2040,mwi,130.52
2040,mys,67.94
2040,nam,0.66
2040,ncl,0.05
2040,ner,1491.64
2040,nga,655.42
2040,nic,11.72
2040,nld,5.07
2040,nor,0.18
2040,npl,82.08
2040,nzl,0.43
2040,pak,2551.55
2040,pan,0.48
2040,per,1.44
2040,phl,9.17
2040,pol,1.66
2040,pri,0.13
2040,prt,0.91
2040,pry,21.39
2040,pyf,0.07
2040,qat,0.44
2040,rom,1.76
2040,rus,4.94
2040,rwa,81.8
2040,sau,14.43
2040,sdn,827.62
2040,sen,303.51
2040,sgp,0.0
2040,sle,172.52
2040,slv,4.46
2040,som,230.48
2040,srb,0.42
2040,stp,1.39
2040,sur,0.04
2040,svk,0.31
2040,svn,0.01
2040,swe,0.46
2040,swz,0.24
2040,syr,42.65
2040,tcd,744.57
2040,tha,46.91
2040,tjk,1.6
2040,tkm,0.26
2040,tmp,1.41
2040,ton,0.02
2040,tto,0.08
2040,tun,13.92
2040,tur,5.86
2040,tza,1028.54
2040,uga,235.01
2040,ukr,1.06
2040,ury,0.37
2040,usa,8.33
2040,vct,0.24
2040,ven,3.78
2040,vnm,265.52
2040,vut,0.44
2040,wbg,2.63
2040,wsm,0.04
2040,zaf,2.93
2040,zar,88.09
2040,zmb,4.12
2040,zwe,0.0
2045,wld,19555.78
2045,abw,0.04
2045,alb,0.59
2045,are,28.84
2045,arg,1.01
2045,arm,0.12
2045,aus,0.94
2045,aut,0.0
2045,aze,7.26
2045,bdi,104.44
2045,bel,0.66
2045,ben,204.36
2045,bfa,910.74
2045,bgd,424.44
2045,bgr,0.37
2045,bhr,0.24
2045,bhs,0.01
2045,bih,0.11
2045,blr,1.0
2045,blz,0.48
2045,bol,1.72
2045,bra,26.75
2045,btn,2.63
2045,caf,6.65
2045,can,0.0
2045,che,0.0
2045,chl,0.38
2045,chn,777.86
2045,civ,116.37
2045,cmr,8.0
2045,cog,0.51
2045,col,8.35
2045,com,0.38
2045,cpv,6.9
2045,cri,0.2
2045,cub,0.35
2045,cyp,0.05
2045,cze,0.52
2045,deu,8.26
2045,dnk,0.02
2045,dom,2.12
2045,dza,9.87
2045,ecu,4.39
2045,egy,56.37
2045,esp,1.7
2045,est,0.0
2045,eth,831.49
2045,fin,0.0
2045,fra,21.91
2045,gab,0.0
2045,gbr,22.3
2045,geo,0.08
2045,gha,295.33
2045,gin,266.04
2045,gmb,16.8
2045,gnb,18.29
2045,gnq,1.05
2045,grc,0.42
2045,gtm,56.54
2045,guy,0.61
2045,hkg,0.16
2045,hnd,5.96
2045,hrv,0.52
2045,hti,4.01
2045,hun,0.33
2045,idn,469.24
2045,ind,3242.65
2045,irl,0.49
2045,irn,5.52
2045,irq,98.96
2045,isl,0.0
2045,isr,0.31
2045,ita,1.0
2045,jam,2.99
2045,jor,3.28
2045,jpn,7.13
2045,kaz,4.33
2045,ken,14.55
2045,kgz,0.0
2045,khm,27.68
2045,kor,1.77
2045,kwt,3.38
2045,lao,52.91
2045,lbn,5.64
2045,lbr,224.21
2045,lca,0.07
2045,lso,1.06
2045,ltu,0.55
2045,lux,0.05
2045,lva,0.55
2045,mac,0.01
2045,mar,64.54
2045,mda,0.02
2045,mdg,515.52
2045,mdv,0.37
2045,mex,40.41
2045,mkd,0.14
2045,mli,1073.45
2045,mlt,0.09
2045,mmr,62.19
2045,mne,0.08
2045,mng,3.13
2045,moz,729.71
2045,mus,0.29
2045,mwi,106.1
2045,mys,66.24
2045,nam,0.4
2045,ncl,0.04
2045,ner,1427.71
2045,nga,475.82
2045,nic,8.24
2045,nld,4.76
2045,nor,0.19
2045,npl,49.61
2045,nzl,0.38
2045,pak,1870.64
2045,pan,0.28
2045,per,0.77
2045,phl,6.24
2045,pol,1.41
2045,pri,0.11
2045,prt,0.67
2045,pry,19.87
2045,pyf,0.06
2045,qat,0.22
2045,rom,1.29
2045,rus,4.41
2045,rwa,63.35
2045,sau,15.2
2045,sdn,621.81
2045,sen,237.9
2045,sgp,0.0
2045,sle,139.44
2045,slv,2.75
2045,som,199.78
2045,srb,0.4
2045,stp,1.31
2045,sur,0.03
2045,svk,0.27
2045,svn,0.01
2045,swe,0.41
2045,swz,0.14
2045,syr,32.21
2045,tcd,683.15
2045,tha,45.33
2045,tjk,1.2
2045,tkm,0.24
2045,tmp,0.96
2045,ton,0.01
2045,tto,0.07
2045,tun,11.72
2045,tur,5.63
2045,tza,1009.54
2045,uga,188.37
2045,ukr,0.93
2045,ury,0.36
2045,usa,2.48
2045,vct,0.2
2045,ven,2.6
2045,vnm,213.18
2045,vut,0.29
2045,wbg,2.75
2045,wsm,0.04
2045,zaf,2.07
2045,zar,53.79
2045,zmb,2.97
2045,zwe,0.0
2050,wld,15561.73
2050,abw,0.04
2050,alb,0.46
2050,are,26.32
2050,arg,0.73
2050,arm,0.11
2050,aus,0.94
2050,aut,0.0
2050,aze,7.45
2050,bdi,85.77
2050,bel,0.66
2050,ben,164.81
2050,bfa,762.2
2050,bgd,311.62
2050,bgr,0.32
2050,bhr,0.12
2050,bhs,0.01
2050,bih,0.1
2050,blr,0.91
2050,blz,0.37
2050,bol,0.87
2050,bra,16.13
2050,btn,1.96
2050,caf,3.85
2050,can,0.0
2050,che,0.0
2050,chl,0.36
2050,chn,602.0
2050,civ,81.83
2050,cmr,4.76
2050,cog,0.52
2050,col,5.57
2050,com,0.27
2050,cpv,6.41
2050,cri,0.18
2050,cub,0.31
2050,cyp,0.05
2050,cze,0.5
2050,deu,6.97
2050,dnk,0.01
2050,dom,1.72
2050,dza,7.99
2050,ecu,4.09
2050,egy,34.49
2050,esp,1.77
2050,est,0.0
2050,eth,585.77
2050,fin,0.0
2050,fra,20.83
2050,gab,0.0
2050,gbr,22.02
2050,geo,0.08
2050,gha,247.18
2050,gin,212.1
2050,gmb,13.74
2050,gnb,13.58
2050,gnq,0.85
2050,grc,0.43
2050,gtm,40.03
2050,guy,0.47
2050,hkg,0.14
2050,hnd,3.8
2050,hrv,0.46
2050,hti,2.3
2050,hun,0.31
2050,idn,442.9
2050,ind,2228.56
2050,irl,0.38
2050,irn,5.14
2050,irq,84.91
2050,isl,0.0
2050,isr,0.33
2050,ita,1.01
2050,jam,2.49
2050,jor,1.9
2050,jpn,6.6
2050,kaz,4.29
2050,ken,13.01
2050,kgz,0.0
2050,khm,19.27
2050,kor,1.64
2050,kwt,3.29
2050,lao,47.14
2050,lbn,5.01
2050,lbr,187.16
2050,lca,0.06
2050,lso,0.69
2050,ltu,0.49
2050,lux,0.05
2050,lva,0.52
2050,mac,0.01
2050,mar,42.52
2050,mda,0.02
2050,mdg,479.44
2050,mdv,0.31
2050,mex,33.42
2050,mkd,0.12
2050,mli,902.66
2050,mlt,0.08
2050,mmr,52.55
2050,mne,0.07
2050,mng,2.79
2050,moz,588.07
2050,mus,0.23
2050,mwi,82.62
2050,mys,64.06
2050,nam,0.25
2050,ncl,0.03
2050,ner,1339.56
2050,nga,350.17
2050,nic,5.71
2050,nld,4.52
2050,nor,0.19
2050,npl,29.56
2050,nzl,0.35
2050,pak,1353.05
2050,pan,0.17
2050,per,0.58
2050,phl,4.49
2050,pol,1.23
2050,pri,0.1
2050,prt,0.49
2050,pry,18.61
2050,pyf,0.05
2050,qat,0.05
2050,rom,1.03
2050,rus,4.44
2050,rwa,49.49
2050,sau,16.0
2050,sdn,446.64
2050,sen,184.2
2050,sgp,0.0
2050,sle,110.91
2050,slv,1.68
2050,som,170.98
2050,srb,0.38
2050,stp,1.2
2050,sur,0.02
2050,svk,0.24
2050,svn,0.0
2050,swe,0.38
2050,swz,0.08
2050,syr,23.24
2050,tcd,601.47
2050,tha,42.78
2050,tjk,0.95
2050,tkm,0.23
2050,tmp,0.65
2050,ton,0.01
2050,tto,0.07
2050,tun,10.07
2050,tur,5.4
2050,tza,975.76
2050,uga,145.01
2050,ukr,0.9
2050,ury,0.34
2050,usa,0.0
2050,vct,0.17
2050,ven,1.77
2050,vnm,177.17
2050,vut,0.19
2050,wbg,2.85
2050,wsm,0.04
2050,zaf,1.52
2050,zar,31.48
2050,zmb,2.2
2050,zwe,0.0
2055,wld,12258.99
2055,abw,0.03
2055,alb,0.36
2055,are,24.42
2055,arg,0.68
2055,arm,0.1
2055,aus,0.96
2055,aut,0.0
2055,aze,8.16
2055,bdi,71.92
2055,bel,0.67
2055,ben,129.96
2055,bfa,613.72
2055,bgd,226.16
2055,bgr,0.28
2055,bhr,0.01
2055,bhs,0.01
2055,bih,0.09
2055,blr,0.88
2055,blz,0.29
2055,bol,0.23
2055,bra,10.98
2055,btn,1.55
2055,caf,2.17
2055,can,0.0
2055,che,0.0
2055,chl,0.34
2055,chn,461.72
2055,civ,56.21
2055,cmr,3.33
2055,cog,0.52
2055,col,3.99
2055,com,0.24
2055,cpv,6.04
2055,cri,0.16
2055,cub,0.27
2055,cyp,0.05
2055,cze,0.5
2055,deu,5.95
2055,dnk,0.0
2055,dom,1.38
2055,dza,6.82
2055,ecu,4.01
2055,egy,20.7
2055,esp,1.86
2055,est,0.0
2055,eth,400.0
2055,fin,0.0
2055,fra,20.19
2055,gab,0.0
2055,gbr,22.16
2055,geo,0.07
2055,gha,204.3
2055,gin,165.0
2055,gmb,11.38
2055,gnb,9.69
2055,gnq,0.68
2055,grc,0.43
2055,gtm,26.88
2055,guy,0.35
2055,hkg,0.12
2055,hnd,2.35
2055,hrv,0.41
2055,hti,1.3
2055,hun,0.29
2055,idn,412.57
2055,ind,1473.1
2055,irl,0.26
2055,irn,5.1
2055,irq,72.8
2055,isl,0.0
2055,isr,0.36
2055,ita,0.99
2055,jam,2.08
2055,jor,0.76
2055,jpn,6.14
2055,kaz,4.33
2055,ken,11.59
2055,kgz,0.0
2055,khm,13.5
2055,kor,1.49
2055,kwt,3.1
2055,lao,43.13
2055,lbn,4.51
2055,lbr,152.21
2055,lca,0.05
2055,lso,0.44
2055,ltu,0.49
2055,lux,0.05
2055,lva,0.54
2055,mac,0.01
2055,mar,28.5
2055,mda,0.02
2055,mdg,442.93
2055,mdv,0.28
2055,mex,27.42
2055,mkd,0.1
2055,mli,730.45
2055,mlt,0.07
2055,mmr,44.24
2055,mne,0.05
2055,mng,2.63
2055,moz,458.81
2055,mus,0.19
2055,mwi,61.71
2055,mys,60.86
2055,nam,0.16
2055,ncl,0.03
2055,ner,1210.11
2055,nga,267.09
2055,nic,3.91
2055,nld,4.44
2055,nor,0.19
2055,npl,17.24
2055,nzl,0.32
2055,pak,966.48
2055,pan,0.14
2055,per,0.56
2055,phl,3.31
2055,pol,1.18
2055,pri,0.09
2055,prt,0.35
2055,pry,17.4
2055,pyf,0.04
2055,qat,0.0
2055,rom,0.86
2055,rus,4.81
2055,rwa,37.85
2055,sau,16.54
2055,sdn,309.46
2055,sen,136.66
2055,sgp,0.0
2055,sle,84.7
2055,slv,1.01
2055,som,141.08
2055,srb,0.35
2055,stp,1.09
2055,sur,0.02
2055,svk,0.23
2055,svn,0.0
2055,swe,0.36
2055,swz,0.03
2055,syr,15.83
2055,tcd,505.02
2055,tha,39.98
2055,tjk,0.8
2055,tkm,0.22
2055,tmp,0.47
2055,ton,0.01
2055,tto,0.07
2055,tun,9.17
2055,tur,5.18
2055,tza,926.94
2055,uga,107.04
2055,ukr,0.93
2055,ury,0.32
2055,usa,0.0
2055,vct,0.14
2055,ven,1.23
2055,vnm,150.11
2055,vut,0.12
2055,wbg,2.9
2055,wsm,0.04
2055,zaf,1.34
2055,zar,17.84
2055,zmb,1.96
2055,zwe,0.0
2060,wld,9538.37
2060,abw,0.03
2060,alb,0.29
2060,are,22.13
2060,arg,0.65
2060,arm,0.09
2060,aus,1.0
2060,aut,0.0
2060,aze,8.1
2060,bdi,59.98
2060,bel,0.68
2060,ben,99.44
2060,bfa,472.62
2060,bgd,159.86
2060,bgr,0.25
2060,bhr,0.0
2060,bhs,0.01
2060,bih,0.08
2060,blr,0.84
2060,blz,0.22
2060,bol,0.0
2060,bra,7.7
2060,btn,1.29
2060,caf,1.17
2060,can,0.0
2060,che,0.0
2060,chl,0.33
2060,chn,353.35
2060,civ,37.96
2060,cmr,2.37
2060,cog,0.51
2060,col,2.9
2060,com,0.22
2060,cpv,5.71
2060,cri,0.15
2060,cub,0.25
2060,cyp,0.05
2060,cze,0.52
2060,deu,5.23
2060,dnk,0.0
2060,dom,1.13
2060,dza,5.92
2060,ecu,3.97
2060,egy,12.85
2060,esp,1.87
2060,est,0.0
2060,eth,263.34
2060,fin,0.0
2060,fra,19.85
2060,gab,0.0
2060,gbr,22.61
2060,geo,0.07
2060,gha,165.5
2060,gin,125.79
2060,gmb,9.35
2060,gnb,6.6
2060,gnq,0.55
2060,grc,0.43
2060,gtm,17.72
2060,guy,0.27
2060,hkg,0.13
2060,hnd,1.4
2060,hrv,0.37
2060,hti,0.71
2060,hun,0.28
2060,idn,376.48
2060,ind,938.29
2060,irl,0.26
2060,irn,4.97
2060,irq,61.14
2060,isl,0.0
2060,isr,0.38
2060,ita,0.97
2060,jam,1.75
2060,jor,0.0
2060,jpn,5.68
2060,kaz,4.17
2060,ken,10.38
2060,kgz,0.0
2060,khm,9.62
2060,kor,1.38
2060,kwt,2.81
2060,lao,40.52
2060,lbn,4.12
2060,lbr,121.63
2060,lca,0.04
2060,lso,0.28
2060,ltu,0.52
2060,lux,0.05
2060,lva,0.55
2060,mac,0.01
2060,mar,18.95
2060,mda,0.01
2060,mdg,399.71
2060,mdv,0.25
2060,mex,22.27
2060,mkd,0.09
2060,mli,571.33
2060,mlt,0.07
2060,mmr,37.25
2060,mne,0.04
2060,mng,2.41
2060,moz,343.2
2060,mus,0.15
2060,mwi,43.87
2060,mys,58.77
2060,nam,0.11
2060,ncl,0.03
2060,ner,1049.21
2060,nga,216.7
2060,nic,2.71
2060,nld,4.36
2060,nor,0.19
2060,npl,9.75
2060,nzl,0.31
2060,pak,668.77
2060,pan,0.14
2060,per,0.53
2060,phl,2.66
2060,pol,1.2
2060,pri,0.08
2060,prt,0.24
2060,pry,16.17
2060,pyf,0.04
2060,qat,0.0
2060,rom,0.73
2060,rus,4.99
2060,rwa,27.6
2060,sau,16.67
2060,sdn,205.47
2060,sen,98.22
2060,sgp,0.0
2060,sle,61.55
2060,slv,0.59
2060,som,116.31
2060,srb,0.32
2060,stp,0.97
2060,sur,0.02
2060,svk,0.24
2060,svn,0.0
2060,swe,0.36
2060,swz,0.0
2060,syr,10.23
2060,tcd,416.69
2060,tha,37.47
2060,tjk,0.69
2060,tkm,0.22
2060,tmp,0.37
2060,ton,0.01
2060,tto,0.06
2060,tun,8.5
2060,tur,4.95
2060,tza,852.1
2060,uga,76.04
2060,ukr,0.94
2060,ury,0.3
2060,usa,0.0
2060,vct,0.12
2060,ven,0.89
2060,vnm,125.14
2060,vut,0.07
2060,wbg,2.88
2060,wsm,0.04
2060,zaf,1.23
2060,zar,10.94
2060,zmb,1.97
2060,zwe,0.0
2065,wld,7351.16
2065,abw,0.03
2065,alb,0.25
2065,are,19.81
2065,arg,0.63
2065,arm,0.09
2065,aus,1.02
2065,aut,0.0
2065,aze,7.34
2065,bdi,49.41
2065,bel,0.69
2065,ben,72.49
2065,bfa,354.7
2065,bgd,109.54
2065,bgr,0.23
2065,bhr,0.0
2065,bhs,0.01
2065,bih,0.08
2065,blr,0.76
2065,blz,0.17
2065,bol,0.0
2065,bra,5.61
2065,btn,1.11
2065,caf,0.6
2065,can,0.0
2065,che,0.0
2065,chl,0.31
2065,chn,269.92
2065,civ,26.03
2065,cmr,1.79
2065,cog,0.51
2065,col,2.25
2065,com,0.22
2065,cpv,5.34
2065,cri,0.14
2065,cub,0.23
2065,cyp,0.05
2065,cze,0.53
2065,deu,4.71
2065,dnk,0.0
2065,dom,0.96
2065,dza,4.99
2065,ecu,3.93
2065,egy,9.23
2065,esp,1.82
2065,est,0.0
2065,eth,162.19
2065,fin,0.0
2065,fra,19.54
2065,gab,0.0
2065,gbr,22.8
2065,geo,0.06
2065,gha,131.84
2065,gin,93.66
2065,gmb,7.81
2065,gnb,4.26
2065,gnq,0.43
2065,grc,0.41
2065,gtm,11.19
2065,guy,0.21
2065,hkg,0.13
2065,hnd,0.9
2065,hrv,0.34
2065,hti,0.37
2065,hun,0.27
2065,idn,340.17
2065,ind,572.46
2065,irl,0.26
2065,irn,4.57
2065,irq,51.51
2065,isl,0.0
2065,isr,0.4
2065,ita,0.94
2065,jam,1.44
2065,jor,0.0
2065,jpn,5.2
2065,kaz,3.82
2065,ken,9.32
2065,kgz,0.0
2065,khm,6.64
2065,kor,1.31
2065,kwt,2.51
2065,lao,38.38
2065,lbn,3.81
2065,lbr,93.54
2065,lca,0.03
2065,lso,0.18
2065,ltu,0.54
2065,lux,0.05
2065,lva,0.54
2065,mac,0.01
2065,mar,12.48
2065,mda,0.01
2065,mdg,355.2
2065,mdv,0.23
2065,mex,17.98
2065,mkd,0.08
2065,mli,427.41
2065,mlt,0.07
2065,mmr,31.16
2065,mne,0.04
2065,mng,2.11
2065,moz,249.96
2065,mus,0.12
2065,mwi,29.96
2065,mys,57.28
2065,nam,0.08
2065,ncl,0.03
2065,ner,869.17
2065,nga,189.83
2065,nic,1.92
2065,nld,4.34
2065,nor,0.2
2065,npl,5.37
2065,nzl,0.29
2065,pak,440.73
2065,pan,0.13
2065,per,0.5
2065,phl,2.54
2065,pol,1.21
2065,pri,0.07
2065,prt,0.18
2065,pry,15.03
2065,pyf,0.03
2065,qat,0.0
2065,rom,0.64
2065,rus,4.85
2065,rwa,19.13
2065,sau,16.87
2065,sdn,132.99
2065,sen,68.15
2065,sgp,0.0
2065,sle,42.79
2065,slv,0.33
2065,som,98.64
2065,srb,0.31
2065,stp,0.85
2065,sur,0.01
2065,svk,0.25
2065,svn,0.0
2065,swe,0.37
2065,swz,0.0
2065,syr,6.15
2065,tcd,333.55
2065,tha,35.24
2065,tjk,0.61
2065,tkm,0.21
2065,tmp,0.31
2065,ton,0.01
2065,tto,0.06
2065,tun,7.8
2065,tur,4.68
2065,tza,775.25
2065,uga,52.3
2065,ukr,0.9
2065,ury,0.28
2065,usa,0.0
2065,vct,0.1
2065,ven,0.81
2065,vnm,98.9
2065,vut,0.05
2065,wbg,2.86
2065,wsm,0.03
2065,zaf,1.15
2065,zar,8.43
2065,zmb,1.99
2065,zwe,0.0
2070,wld,5643.84
2070,abw,0.03
2070,alb,0.21
2070,are,17.43
2070,arg,0.6
2070,arm,0.08
2070,aus,1.04
2070,aut,0.0
2070,aze,6.52
2070,bdi,40.28
2070,bel,0.69
2070,ben,50.62
2070,bfa,255.2
2070,bgd,72.05
2070,bgr,0.21
2070,bhr,0.0
2070,bhs,0.01
2070,bih,0.07
2070,blr,0.66
2070,blz,0.12
2070,bol,0.0
2070,bra,5.16
2070,btn,0.97
2070,caf,0.35
2070,can,0.0
2070,che,0.0
2070,chl,0.3
2070,chn,206.35
2070,civ,17.88
2070,cmr,1.65
2070,cog,0.5
2070,col,1.93
2070,com,0.23
2070,cpv,4.94
2070,cri,0.14
2070,cub,0.21
2070,cyp,0.05
2070,cze,0.52
2070,deu,4.29
2070,dnk,0.0
2070,dom,0.81
2070,dza,4.16
2070,ecu,3.86
2070,egy,8.07
2070,esp,1.76
2070,est,0.0
2070,eth,91.66
2070,fin,0.0
2070,fra,19.35
2070,gab,0.0
2070,gbr,22.8
2070,geo,0.06
2070,gha,103.11
2070,gin,68.99
2070,gmb,6.79
2070,gnb,2.67
2070,gnq,0.35
2070,grc,0.39
2070,gtm,6.84
2070,guy,0.16
2070,hkg,0.13
2070,hnd,0.59
2070,hrv,0.3
2070,hti,0.23
2070,hun,0.27
2070,idn,317.37
2070,ind,341.41
2070,irl,0.27
2070,irn,4.12
2070,irq,44.88
2070,isl,0.0
2070,isr,0.41
2070,ita,0.91
2070,jam,1.16
2070,jor,0.0
2070,jpn,4.77
2070,kaz,3.48
2070,ken,8.42
2070,kgz,0.0
2070,khm,4.45
2070,kor,1.27
2070,kwt,2.27
2070,lao,35.85
2070,lbn,3.57
2070,lbr,69.72
2070,lca,0.02
2070,lso,0.11
2070,ltu,0.52
2070,lux,0.05
2070,lva,0.52
2070,mac,0.01
2070,mar,8.3
2070,mda,0.01
2070,mdg,317.67
2070,mdv,0.21
2070,mex,14.4
2070,mkd,0.07
2070,mli,310.19
2070,mlt,0.06
2070,mmr,26.52
2070,mne,0.03
2070,mng,1.78
2070,moz,179.39
2070,mus,0.1
2070,mwi,19.46
2070,mys,55.81
2070,nam,0.08
2070,ncl,0.02
2070,ner,668.47
2070,nga,183.91
2070,nic,1.41
2070,nld,4.41
2070,nor,0.21
2070,npl,3.43
2070,nzl,0.28
2070,pak,272.97
2070,pan,0.13
2070,per,0.47
2070,phl,2.47
2070,pol,1.2
2070,pri,0.07
2070,prt,0.13
2070,pry,14.1
2070,pyf,0.03
2070,qat,0.0
2070,rom,0.59
2070,rus,4.51
2070,rwa,12.35
2070,sau,17.12
2070,sdn,85.26
2070,sen,46.07
2070,sgp,0.0
2070,sle,29.14
2070,slv,0.19
2070,som,85.87
2070,srb,0.3
2070,stp,0.75
2070,sur,0.01
2070,svk,0.24
2070,svn,0.0
2070,swe,0.38
2070,swz,0.0
2070,syr,3.06
2070,tcd,259.17
2070,tha,33.17
2070,tjk,0.57
2070,tkm,0.19
2070,tmp,0.27
2070,ton,0.01
2070,tto,0.06
2070,tun,7.12
2070,tur,4.48
2070,tza,685.76
2070,uga,34.54
2070,ukr,0.84
2070,ury,0.25
2070,usa,0.0
2070,vct,0.09
2070,ven,0.78
2070,vnm,79.44
2070,vut,0.03
2070,wbg,2.79
2070,wsm,0.03
2070,zaf,1.06
2070,zar,7.5
2070,zmb,1.98
2070,zwe,0.0
2075,wld,4351.94
2075,abw,0.03
2075,alb,0.18
2075,are,15.11
2075,arg,0.57
2075,arm,0.08
2075,aus,1.04
2075,aut,0.0
2075,aze,6.17
2075,bdi,32.44
2075,bel,0.69
2075,ben,34.61
2075,bfa,175.86
2075,bgd,44.99
2075,bgr,0.2
2075,bhr,0.0
2075,bhs,0.01
2075,bih,0.07
2075,blr,0.58
2075,blz,0.09
2075,bol,0.0
2075,bra,4.94
2075,btn,0.87
2075,caf,0.34
2075,can,0.0
2075,che,0.0
2075,chl,0.29
2075,chn,158.41
2075,civ,12.54
2075,cmr,1.59
2075,cog,0.49
2075,col,1.7
2075,com,0.24
2075,cpv,4.51
2075,cri,0.13
2075,cub,0.19
2075,cyp,0.05
2075,cze,0.5
2075,deu,3.93
2075,dnk,0.0
2075,dom,0.69
2075,dza,3.51
2075,ecu,3.78
2075,egy,7.29
2075,esp,1.73
2075,est,0.0
2075,eth,42.86
2075,fin,0.0
2075,fra,19.34
2075,gab,0.0
2075,gbr,22.74
2075,geo,0.05
2075,gha,81.45
2075,gin,51.5
2075,gmb,6.16
2075,gnb,1.63
2075,gnq,0.29
2075,grc,0.39
2075,gtm,4.0
2075,guy,0.12
2075,hkg,0.13
2075,hnd,0.41
2075,hrv,0.27
2075,hti,0.22
2075,hun,0.26
2075,idn,294.29
2075,ind,195.64
2075,irl,0.27
2075,irn,3.82
2075,irq,40.01
2075,isl,0.0
2075,isr,0.43
2075,ita,0.9
2075,jam,0.94
2075,jor,0.0
2075,jpn,4.44
2075,kaz,3.27
2075,ken,7.86
2075,kgz,0.0
2075,khm,2.99
2075,kor,1.22
2075,kwt,2.09
2075,lao,32.53
2075,lbn,3.3
2075,lbr,51.59
2075,lca,0.02
2075,lso,0.07
2075,ltu,0.48
2075,lux,0.05
2075,lva,0.48
2075,mac,0.01
2075,mar,5.67
2075,mda,0.01
2075,mdg,280.44
2075,mdv,0.18
2075,mex,11.35
2075,mkd,0.07
2075,mli,215.99
2075,mlt,0.06
2075,mmr,22.32
2075,mne,0.03
2075,mng,1.52
2075,moz,127.37
2075,mus,0.08
2075,mwi,12.34
2075,mys,54.16
2075,nam,0.08
2075,ncl,0.02
2075,ner,499.46
2075,nga,189.05
2075,nic,1.12
2075,nld,4.51
2075,nor,0.21
2075,npl,3.13
2075,nzl,0.27
2075,pak,163.36
2075,pan,0.12
2075,per,0.44
2075,phl,2.4
2075,pol,1.16
2075,pri,0.06
2075,prt,0.1
2075,pry,13.13
2075,pyf,0.02
2075,qat,0.0
2075,rom,0.56
2075,rus,4.25
2075,rwa,7.79
2075,sau,16.96
2075,sdn,52.45
2075,sen,30.66
2075,sgp,0.0
2075,sle,19.38
2075,slv,0.13
2075,som,75.14
2075,srb,0.29
2075,stp,0.66
2075,sur,0.01
2075,svk,0.23
2075,svn,0.0
2075,swe,0.38
2075,swz,0.0
2075,syr,0.71
2075,tcd,191.48
2075,tha,30.89
2075,tjk,0.53
2075,tkm,0.18
2075,tmp,0.23
2075,ton,0.01
2075,tto,0.05
2075,tun,6.4
2075,tur,4.33
2075,tza,599.62
2075,uga,22.2
2075,ukr,0.79
2075,ury,0.23
2075,usa,0.0
2075,vct,0.08
2075,ven,0.75
2075,vnm,63.45
2075,vut,0.02
2075,wbg,2.74
2075,wsm,0.03
2075,zaf,0.99
2075,zar,7.21
2075,zmb,1.96
2075,zwe,0.0
2080,wld,3403.97
2080,abw,0.03
2080,alb,0.15
2080,are,13.03
2080,arg,0.55
2080,arm,0.08
2080,aus,1.04
2080,aut,0.0
2080,aze,6.18
2080,bdi,26.59
2080,bel,0.69
2080,ben,22.98
2080,bfa,115.99
2080,bgd,26.84
2080,bgr,0.2
2080,bhr,0.0
2080,bhs,0.01
2080,bih,0.06
2080,blr,0.53
2080,blz,0.06
2080,bol,0.0
2080,bra,4.72
2080,btn,0.81
2080,caf,0.33
2080,can,0.0
2080,che,0.0
2080,chl,0.28
2080,chn,122.1
2080,civ,8.99
2080,cmr,1.54
2080,cog,0.48
2080,col,1.49
2080,com,0.25
2080,cpv,4.14
2080,cri,0.12
2080,cub,0.18
2080,cyp,0.05
2080,cze,0.49
2080,deu,3.64
2080,dnk,0.0
2080,dom,0.59
2080,dza,3.1
2080,ecu,3.72
2080,egy,6.67
2080,esp,1.74
2080,est,0.0
2080,eth,10.7
2080,fin,0.0
2080,fra,19.47
2080,gab,0.0
2080,gbr,22.62
2080,geo,0.05
2080,gha,64.11
2080,gin,38.7
2080,gmb,5.7
2080,gnb,0.95
2080,gnq,0.24
2080,grc,0.38
2080,gtm,2.29
2080,guy,0.09
2080,hkg,0.12
2080,hnd,0.33
2080,hrv,0.24
2080,hti,0.21
2080,hun,0.25
2080,idn,271.34
2080,ind,109.86
2080,irl,0.28
2080,irn,3.68
2080,irq,35.8
2080,isl,0.0
2080,isr,0.44
2080,ita,0.89
2080,jam,0.75
2080,jor,0.0
2080,jpn,4.19
2080,kaz,3.13
2080,ken,7.44
2080,kgz,0.0
2080,khm,2.11
2080,kor,1.16
2080,kwt,1.95
2080,lao,29.24
2080,lbn,3.03
2080,lbr,37.8
2080,lca,0.02
2080,lso,0.05
2080,ltu,0.44
2080,lux,0.05
2080,lva,0.45
2080,mac,0.01
2080,mar,3.83
2080,mda,0.01
2080,mdg,242.97
2080,mdv,0.16
2080,mex,9.04
2080,mkd,0.06
2080,mli,146.76
2080,mlt,0.05
2080,mmr,18.51
2080,mne,0.03
2080,mng,1.36
2080,moz,88.16
2080,mus,0.07
2080,mwi,7.53
2080,mys,52.47
2080,nam,0.07
2080,ncl,0.02
2080,ner,369.99
2080,nga,195.48
2080,nic,0.94
2080,nld,4.56
2080,nor,0.21
2080,npl,2.86
2080,nzl,0.26
2080,pak,95.31
2080,pan,0.12
2080,per,0.42
2080,phl,2.29
2080,pol,1.1
2080,pri,0.05
2080,prt,0.08
2080,pry,12.27
2080,pyf,0.02
2080,qat,0.0
2080,rom,0.54
2080,rus,4.21
2080,rwa,4.57
2080,sau,16.91
2080,sdn,31.57
2080,sen,20.13
2080,sgp,0.0
2080,sle,12.24
2080,slv,0.1
2080,som,65.72
2080,srb,0.28
2080,stp,0.58
2080,sur,0.01
2080,svk,0.22
2080,svn,0.0
2080,swe,0.38
2080,swz,0.0
2080,syr,0.0
2080,tcd,135.72
2080,tha,28.47
2080,tjk,0.49
2080,tkm,0.17
2080,tmp,0.2
2080,ton,0.01
2080,tto,0.05
2080,tun,5.75
2080,tur,4.17
2080,tza,527.11
2080,uga,13.9
2080,ukr,0.77
2080,ury,0.21
2080,usa,0.0
2080,vct,0.07
2080,ven,0.71
2080,vnm,51.17
2080,vut,0.02
2080,wbg,2.68
2080,wsm,0.03
2080,zaf,0.94
2080,zar,7.06
2080,zmb,1.9
2080,zwe,0.0
2085,wld,2731.19
2085,abw,0.03
2085,alb,0.13
2085,are,11.05
2085,arg,0.53
2085,arm,0.08
2085,aus,1.03
2085,aut,0.0
2085,aze,6.15
2085,bdi,22.24
2085,bel,0.68
2085,ben,14.62
2085,bfa,74.85
2085,bgd,14.62
2085,bgr,0.19
2085,bhr,0.0
2085,bhs,0.01
2085,bih,0.06
2085,blr,0.5
2085,blz,0.04
2085,bol,0.0
2085,bra,4.5
2085,btn,0.79
2085,caf,0.32
2085,can,0.0
2085,che,0.0
2085,chl,0.26
2085,chn,94.88
2085,civ,6.67
2085,cmr,1.5
2085,cog,0.47
2085,col,1.33
2085,com,0.26
2085,cpv,3.9
2085,cri,0.11
2085,cub,0.16
2085,cyp,0.05
2085,cze,0.48
2085,deu,3.38
2085,dnk,0.0
2085,dom,0.52
2085,dza,2.8
2085,ecu,3.68
2085,egy,6.13
2085,esp,1.75
2085,est,0.0
2085,eth,0.0
2085,fin,0.0
2085,fra,19.62
2085,gab,0.0
2085,gbr,22.53
2085,geo,0.05
2085,gha,49.8
2085,gin,29.0
2085,gmb,5.37
2085,gnb,0.55
2085,gnq,0.19
2085,grc,0.38
2085,gtm,1.26
2085,guy,0.07
2085,hkg,0.12
2085,hnd,0.31
2085,hrv,0.22
2085,hti,0.19
2085,hun,0.24
2085,idn,248.97
2085,ind,76.38
2085,irl,0.29
2085,irn,3.6
2085,irq,32.72
2085,isl,0.0
2085,isr,0.46
2085,ita,0.88
2085,jam,0.6
2085,jor,0.0
2085,jpn,3.98
2085,kaz,2.96
2085,ken,7.01
2085,kgz,0.0
2085,khm,1.54
2085,kor,1.09
2085,kwt,1.78
2085,lao,26.6
2085,lbn,2.79
2085,lbr,27.08
2085,lca,0.01
2085,lso,0.04
2085,ltu,0.43
2085,lux,0.05
2085,lva,0.45
2085,mac,0.01
2085,mar,2.55
2085,mda,0.01
2085,mdg,210.31
2085,mdv,0.15
2085,mex,7.31
2085,mkd,0.06
2085,mli,97.06
2085,mlt,0.05
2085,mmr,15.16
2085,mne,0.03
2085,mng,1.24
2085,moz,59.87
2085,mus,0.05
2085,mwi,4.42
2085,mys,51.24
2085,nam,0.07
2085,ncl,0.02
2085,ner,266.66
2085,nga,199.38
2085,nic,0.84
2085,nld,4.53
2085,nor,0.21
2085,npl,2.66
2085,nzl,0.25
2085,pak,54.23
2085,pan,0.12
2085,per,0.4
2085,phl,2.2
2085,pol,1.04
2085,pri,0.05
2085,prt,0.07
2085,pry,11.57
2085,pyf,0.02
2085,qat,0.0
2085,rom,0.51
2085,rus,4.27
2085,rwa,2.17
2085,sau,16.5
2085,sdn,18.8
2085,sen,12.79
2085,sgp,0.0
2085,sle,7.48
2085,slv,0.09
2085,som,58.48
2085,srb,0.27
2085,stp,0.5
2085,sur,0.0
2085,svk,0.21
2085,svn,0.0
2085,swe,0.38
2085,swz,0.0
2085,syr,0.0
2085,tcd,94.36
2085,tha,26.1
2085,tjk,0.47
2085,tkm,0.16
2085,tmp,0.18
2085,ton,0.0
2085,tto,0.05
2085,tun,5.27
2085,tur,4.01
2085,tza,460.34
2085,uga,9.33
2085,ukr,0.76
2085,ury,0.19
2085,usa,0.0
2085,vct,0.06
2085,ven,0.67
2085,vnm,41.38
2085,vut,0.02
2085,wbg,2.59
2085,wsm,0.03
2085,zaf,0.88
2085,zar,6.89
2085,zmb,1.87
2085,zwe,0.0
2090,wld,2233.38
2090,abw,0.03
2090,alb,0.11
2090,are,9.22
2090,arg,0.5
2090,arm,0.07
2090,aus,1.02
2090,aut,0.0
2090,aze,5.84
2090,bdi,18.52
2090,bel,0.67
2090,ben,9.08
2090,bfa,46.14
2090,bgd,6.09
2090,bgr,0.18
2090,bhr,0.0
2090,bhs,0.01
2090,bih,0.06
2090,blr,0.47
2090,blz,0.03
2090,bol,0.0
2090,bra,4.28
2090,btn,0.76
2090,caf,0.3
2090,can,0.0
2090,che,0.0
2090,chl,0.25
2090,chn,74.7
2090,civ,5.15
2090,cmr,1.47
2090,cog,0.46
2090,col,1.2
2090,com,0.26
2090,cpv,3.65
2090,cri,0.11
2090,cub,0.15
2090,cyp,0.05
2090,cze,0.48
2090,deu,3.16
2090,dnk,0.0
2090,dom,0.46
2090,dza,2.58
2090,ecu,3.6
2090,egy,5.7
2090,esp,1.74
2090,est,0.0
2090,eth,0.0
2090,fin,0.0
2090,fra,19.62
2090,gab,0.0
2090,gbr,22.49
2090,geo,0.05
2090,gha,38.32
2090,gin,21.88
2090,gmb,5.02
2090,gnb,0.33
2090,gnq,0.16
2090,grc,0.37
2090,gtm,0.77
2090,guy,0.05
2090,hkg,0.11
2090,hnd,0.29
2090,hrv,0.2
2090,hti,0.18
2090,hun,0.24
2090,idn,228.25
2090,ind,65.44
2090,irl,0.29
2090,irn,3.47
2090,irq,29.66
2090,isl,0.0
2090,isr,0.47
2090,ita,0.85
2090,jam,0.48
2090,jor,0.0
2090,jpn,3.76
2090,kaz,2.75
2090,ken,6.67
2090,kgz,0.0
2090,khm,1.12
2090,kor,1.02
2090,kwt,1.58
2090,lao,24.66
2090,lbn,2.58
2090,lbr,19.3
2090,lca,0.01
2090,lso,0.04
2090,ltu,0.44
2090,lux,0.05
2090,lva,0.45
2090,mac,0.01
2090,mar,1.64
2090,mda,0.01
2090,mdg,180.41
2090,mdv,0.14
2090,mex,5.89
2090,mkd,0.05
2090,mli,60.82
2090,mlt,0.05
2090,mmr,12.34
2090,mne,0.02
2090,mng,1.15
2090,moz,40.96
2090,mus,0.04
2090,mwi,2.89
2090,mys,49.62
2090,nam,0.07
2090,ncl,0.02
2090,ner,185.43
2090,nga,199.9
2090,nic,0.77
2090,nld,4.44
2090,nor,0.21
2090,npl,2.51
2090,nzl,0.24
2090,pak,30.19
2090,pan,0.11
2090,per,0.38
2090,phl,2.09
2090,pol,1.02
2090,pri,0.05
2090,prt,0.07
2090,pry,11.0
2090,pyf,0.02
2090,qat,0.0
2090,rom,0.49
2090,rus,4.27
2090,rwa,0.38
2090,sau,16.06
2090,sdn,11.69
2090,sen,8.25
2090,sgp,0.0
2090,sle,4.45
2090,slv,0.08
2090,som,52.57
2090,srb,0.26
2090,stp,0.43
2090,sur,0.0
2090,svk,0.21
2090,svn,0.0
2090,swe,0.38
2090,swz,0.0
2090,syr,0.0
2090,tcd,63.82
2090,tha,23.92
2090,tjk,0.44
2090,tkm,0.16
2090,tmp,0.17
2090,ton,0.0
2090,tto,0.05
2090,tun,4.94
2090,tur,3.84
2090,tza,393.36
2090,uga,6.51
2090,ukr,0.75
2090,ury,0.17
2090,usa,0.0
2090,vct,0.05
2090,ven,0.63
2090,vnm,32.98
2090,vut,0.02
2090,wbg,2.52
2090,wsm,0.03
2090,zaf,0.83
2090,zar,6.76
2090,zmb,1.81
2090,zwe,0.0
2095,wld,1863.16
2095,abw,0.03
2095,alb,0.1
2095,are,7.62
2095,arg,0.47
2095,arm,0.07
2095,aus,1.01
2095,aut,0.0
2095,aze,5.38
2095,bdi,15.19
2095,bel,0.66
2095,ben,5.33
2095,bfa,27.66
2095,bgd,0.34
2095,bgr,0.17
2095,bhr,0.0
2095,bhs,0.01
2095,bih,0.06
2095,blr,0.43
2095,blz,0.02
2095,bol,0.0
2095,bra,4.08
2095,btn,0.71
2095,caf,0.29
2095,can,0.0
2095,che,0.0
2095,chl,0.24
2095,chn,59.81
2095,civ,4.02
2095,cmr,1.4
2095,cog,0.44
2095,col,1.09
2095,com,0.26
2095,cpv,3.41
2095,cri,0.1
2095,cub,0.14
2095,cyp,0.05
2095,cze,0.47
2095,deu,2.99
2095,dnk,0.0
2095,dom,0.41
2095,dza,2.37
2095,ecu,3.5
2095,egy,5.5
2095,esp,1.68
2095,est,0.0
2095,eth,0.0
2095,fin,0.0
2095,fra,19.47
2095,gab,0.0
2095,gbr,22.42
2095,geo,0.05
2095,gha,29.29
2095,gin,16.26
2095,gmb,4.8
2095,gnb,0.2
2095,gnq,0.13
2095,grc,0.35
2095,gtm,0.68
2095,guy,0.04
2095,hkg,0.11
2095,hnd,0.28
2095,hrv,0.18
2095,hti,0.18
2095,hun,0.23
2095,idn,209.89
2095,ind,62.02
2095,irl,0.3
2095,irn,3.28
2095,irq,27.32
2095,isl,0.0
2095,isr,0.48
2095,ita,0.82
2095,jam,0.38
2095,jor,0.0
2095,jpn,3.53
2095,kaz,2.5
2095,ken,6.29
2095,kgz,0.0
2095,khm,0.82
2095,kor,0.97
2095,kwt,1.4
2095,lao,22.97
2095,lbn,2.41
2095,lbr,13.48
2095,lca,0.01
2095,lso,0.03
2095,ltu,0.45
2095,lux,0.05
2095,lva,0.44
2095,mac,0.0
2095,mar,1.01
2095,mda,0.01
2095,mdg,150.5
2095,mdv,0.13
2095,mex,4.71
2095,mkd,0.05
2095,mli,36.96
2095,mlt,0.04
2095,mmr,10.05
2095,mne,0.02
2095,mng,1.04
2095,moz,28.23
2095,mus,0.03
2095,mwi,2.12
2095,mys,47.55
2095,nam,0.06
2095,ncl,0.02
2095,ner,123.64
2095,nga,200.19
2095,nic,0.74
2095,nld,4.33
2095,nor,0.21
2095,npl,2.34
2095,nzl,0.24
2095,pak,18.28
2095,pan,0.1
2095,per,0.36
2095,phl,2.01
2095,pol,1.01
2095,pri,0.05
2095,prt,0.07
2095,pry,10.4
2095,pyf,0.02
2095,qat,0.0
2095,rom,0.46
2095,rus,4.12
2095,rwa,0.0
2095,sau,15.55
2095,sdn,7.83
2095,sen,5.48
2095,sgp,0.0
2095,sle,2.53
2095,slv,0.08
2095,som,47.7
2095,srb,0.25
2095,stp,0.36
2095,sur,0.0
2095,svk,0.21
2095,svn,0.0
2095,swe,0.38
2095,swz,0.0
2095,syr,0.0
2095,tcd,41.08
2095,tha,21.96
2095,tjk,0.42
2095,tkm,0.15
2095,tmp,0.17
2095,ton,0.0
2095,tto,0.05
2095,tun,4.66
2095,tur,3.68
2095,tza,337.61
2095,uga,4.7
2095,ukr,0.72
2095,ury,0.16
2095,usa,0.0
2095,vct,0.05
2095,ven,0.61
2095,vnm,25.89
2095,vut,0.02
2095,wbg,2.42
2095,wsm,0.03
2095,zaf,0.78
2095,zar,6.57
2095,zmb,1.77
2095,zwe,0.0
2100,wld,1590.7
2100,abw,0.03
2100,alb,0.09
2100,are,6.29
2100,arg,0.46
2100,arm,0.07
2100,aus,0.99
2100,aut,0.0
2100,aze,4.99
2100,bdi,12.19
2100,bel,0.65
2100,ben,3.0
2100,bfa,16.03
2100,bgd,0.0
2100,bgr,0.17
2100,bhr,0.0
2100,bhs,0.01
2100,bih,0.05
2100,blr,0.39
2100,blz,0.01
2100,bol,0.0
2100,bra,3.9
2100,btn,0.67
2100,caf,0.28
2100,can,0.0
2100,che,0.0
2100,chl,0.23
2100,chn,48.82
2100,civ,3.16
2100,cmr,1.33
2100,cog,0.42
2100,col,1.0
2100,com,0.26
2100,cpv,3.16
2100,cri,0.1
2100,cub,0.14
2100,cyp,0.04
2100,cze,0.46
2100,deu,2.85
2100,dnk,0.0
2100,dom,0.37
2100,dza,2.16
2100,ecu,3.36
2100,egy,5.25
2100,esp,1.61
2100,est,0.0
2100,eth,0.0
2100,fin,0.0
2100,fra,19.26
2100,gab,0.0
2100,gbr,22.21
2100,geo,0.04
2100,gha,22.54
2100,gin,12.3
2100,gmb,4.56
2100,gnb,0.14
2100,gnq,0.11
2100,grc,0.34
2100,gtm,0.64
2100,guy,0.03
2100,hkg,0.11
2100,hnd,0.27
2100,hrv,0.16
2100,hti,0.17
2100,hun,0.22
2100,idn,193.92
2100,ind,58.11
2100,irl,0.3
2100,irn,3.08
2100,irq,25.26
2100,isl,0.0
2100,isr,0.49
2100,ita,0.78
2100,jam,0.3
2100,jor,0.0
2100,jpn,3.3
2100,kaz,2.31
2100,ken,5.94
2100,kgz,0.0
2100,khm,0.69
2100,kor,0.93
2100,kwt,1.24
2100,lao,20.99
2100,lbn,2.26
2100,lbr,9.33
2100,lca,0.01
2100,lso,0.03
2100,ltu,0.44
2100,lux,0.05
2100,lva,0.43
2100,mac,0.0
2100,mar,0.57
2100,mda,0.01
2100,mdg,123.88
2100,mdv,0.12
2100,mex,3.81
2100,mkd,0.05
2100,mli,22.17
2100,mlt,0.04
2100,mmr,8.2
2100,mne,0.02
2100,mng,0.92
2100,moz,19.34
2100,mus,0.03
2100,mwi,1.87
2100,mys,45.5
2100,nam,0.06
2100,ncl,0.02
2100,ner,81.15
2100,nga,198.42
2100,nic,0.73
2100,nld,4.25
2100,nor,0.21
2100,npl,2.19
2100,nzl,0.23
2100,pak,15.35
2100,pan,0.1
2100,per,0.34
2100,phl,1.92
2100,pol,1.01
2100,pri,0.04
2100,prt,0.07
2100,pry,9.75
2100,pyf,0.02
2100,qat,0.0
2100,rom,0.44
2100,rus,3.89
2100,rwa,0.0
2100,sau,14.99
2100,sdn,5.45
2100,sen,3.65
2100,sgp,0.0
2100,sle,1.4
2100,slv,0.08
2100,som,43.73
2100,srb,0.24
2100,stp,0.31
2100,sur,0.0
2100,svk,0.21
2100,svn,0.0
2100,swe,0.38
2100,swz,0.0
2100,syr,0.0
2100,tcd,25.42
2100,tha,20.11
2100,tjk,0.41
2100,tkm,0.15
2100,tmp,0.16
2100,ton,0.0
2100,tto,0.05
2100,tun,4.36
2100,tur,3.54
2100,tza,290.84
2100,uga,3.53
2100,ukr,0.68
2100,ury,0.14
2100,usa,0.0
2100,vct,0.05
2100,ven,0.58
2100,vnm,20.19
2100,vut,0.02
2100,wbg,2.33
2100,wsm,0.03
2100,zaf,0.74
2100,zar,6.37
2100,zmb,1.73
2100,zwe,0.0
