year,country,uis_e_1_g5
1976,arb,2764995.25
1976,eca,1128083.75
1976,ecs,6411890.5
1976,emu,3521917.75
1976,euu,5128358.5
1976,fcs,2570796.25
1976,hic,12940208.0
1976,hpc,2608867.25
1976,lac,4092609.25
1976,lcn,4527093.0
1976,ldc,3747919.75
1976,lic,3329256.0
1976,lmc,16947870.0
1976,lmy,49041092.0
1976,mea,3165359.0
1976,mic,45711836.0
1976,mna,2978121.0
1976,nac,3890994.0
1976,noc,465731.65625
1976,oec,12474477.0
1976,oed,14817680.0
1976,sas,10096344.0
1976,ssa,4513603.5
1976,ssf,4518645.5
1976,wld,61981300.0
1976,afg,89162.0
1976,are,6278.0
1976,arg,449496.0
1976,asm,755.0
1976,atg,1613.0
1976,aus,246757.0
1976,bdi,19561.0
1976,bel,159173.0
1976,ben,30821.0
1976,bfa,16599.0
1976,bgd,1035745.0
1976,bhr,6933.0
1976,blr,166745.0
1976,blz,3624.0
1976,bmu,826.0
1976,bol,85101.0
1976,brb,5530.0
1976,brn,5159.0
1976,btn,938.0
1976,bwa,13211.0
1976,caf,23247.0
1976,can,430168.0
1976,che,90794.0
1976,chl,287022.0
1976,civ,97156.0
1976,cmr,133873.0
1976,cog,39896.0
1976,col,450443.0
1976,cpv,2481.0
1976,cri,61117.0
1976,cub,292962.0
1976,cym,340.0
1976,cyp,8687.0
1976,dji,1272.0
1976,dma,2507.0
1976,dnk,82081.0
1976,dza,385514.0
1976,ecu,147794.0
1976,egy,619536.0
1976,esp,728207.0
1976,eth,113169.0
1976,fin,79932.0
1976,fji,17187.0
1976,fra,906339.0
1976,fsm,3704.0
1976,gab,13185.0
1976,gha,165211.0
1976,gin,21777.0
1976,gmb,3117.0
1976,gnb,2015.0
1976,grc,150278.0
1976,grd,3109.0
1976,gtm,57820.0
1976,gum,2393.0
1976,guy,19942.0
1976,hkg,117806.0
1976,hnd,43481.0
1976,idn,2067480.0
1976,ind,7848656.0
1976,irl,67354.0
1976,irn,718313.0
1976,irq,274335.0
1976,isl,4568.0
1976,isr,67463.0
1976,ita,991380.0
1976,jam,59032.0
1976,jor,61735.0
1976,jpn,1728619.0
1976,ken,300670.0
1976,kor,918376.0
1976,lbr,11837.0
1976,lby,94810.0
1976,lca,3583.0
1976,lka,176768.0
1976,lso,24490.0
1976,lux,4939.0
1976,mar,289554.0
1976,mex,1381865.0
1976,mli,31690.0
1976,mlt,5075.0
1976,mmr,338492.0
1976,mrt,5456.0
1976,mus,22886.0
1976,mwi,51094.0
1976,ncl,3912.0
1976,ner,14800.0
1976,nic,33590.0
1976,nld,240118.0
1976,nor,63929.0
1976,nzl,62184.0
1976,omn,5117.0
1976,pan,49730.0
1976,per,395153.0
1976,phl,1097831.0
1976,png,33211.0
1976,pol,561755.0
1976,pri,65615.0
1976,prt,162039.0
1976,pry,50249.0
1976,pyf,3631.0
1976,qat,3245.0
1976,rwa,47327.0
1976,sgp,54032.0
1976,slb,3770.0
1976,sle,22481.0
1976,slv,66973.0
1976,smr,344.0
1976,sur,12210.0
1976,swe,118235.0
1976,swz,11454.0
1976,syc,1607.0
1976,syr,186349.0
1976,tcd,17612.0
1976,tgo,40987.0
1976,tha,604895.0
1976,ton,2603.0
1976,tto,23460.0
1976,tun,151157.0
1976,tza,182624.0
1976,uga,117762.0
1976,ury,41024.0
1976,usa,3460000.0
1976,vct,2978.0
1976,ven,285700.0
1976,vir,2227.0
1976,vut,2599.0
1976,wsm,4587.0
1976,zar,416879.0
1976,zmb,113326.0
1976,zwe,114225.0
1977,arb,2850771.5
1977,eas,30341710.0
1977,eca,1194067.0
1977,ecs,6416274.0
1977,emu,3490584.0
1977,euu,5072740.0
1977,fcs,2680497.5
1977,hic,12598153.0
1977,hpc,2742444.25
1977,lac,4258731.5
1977,lcn,4693946.0
1977,ldc,3632751.5
1977,lic,3232913.0
1977,lmc,17800428.0
1977,lmy,50946944.0
1977,mea,3310840.25
1977,mic,47714032.0
1977,mna,3116813.25
1977,nac,3680170.0
1977,noc,464879.375
1977,oec,12133274.0
1977,oed,14626559.0
1977,sas,10249574.0
1977,ssa,4847600.5
1977,ssf,4852581.5
1977,wld,63545096.0
1977,afg,93863.0
1977,are,7105.0
1977,arg,457039.0
1977,asm,696.0
1977,aus,249594.0
1977,bdi,19592.0
1977,bel,157248.0
1977,ben,34084.0
1977,bfa,17884.0
1977,bgd,772312.0
1977,bhr,7402.0
1977,blr,156736.0
1977,blz,3982.0
1977,bmu,791.0
1977,bol,88933.0
1977,brb,5744.0
1977,brn,5093.0
1977,btn,1109.0
1977,bwa,18381.0
1977,caf,25447.0
1977,can,398379.0
1977,che,83050.0
1977,chl,289137.0
1977,civ,99526.0
1977,cmr,138625.0
1977,cog,42144.0
1977,col,466811.0
1977,cpv,2181.0
1977,cri,58352.0
1977,cub,308411.0
1977,cyp,9242.0
1977,dma,2600.0
1977,dnk,85466.0
1977,dza,408268.0
1977,ecu,154499.0
1977,egy,601869.0
1977,esp,718314.0
1977,eth,115295.0
1977,fin,76394.0
1977,fji,17800.0
1977,fra,897436.0
1977,fsm,3870.0
1977,gab,13180.0
1977,gha,174384.0
1977,gin,25360.0
1977,gmb,3564.0
1977,grc,156155.0
1977,grd,2888.0
1977,gtm,60996.0
1977,gum,2464.0
1977,guy,22164.0
1977,hkg,112291.0
1977,hnd,44940.0
1977,idn,2228298.0
1977,ind,8187777.0
1977,irl,66949.0
1977,irn,782543.0
1977,irq,291021.0
1977,isl,4544.0
1977,isr,67322.0
1977,ita,981126.0
1977,jam,59343.0
1977,jor,65423.0
1977,jpn,1682771.0
1977,ken,338841.0
1977,kir,1756.0
1977,kor,891610.0
1977,lao,36236.0
1977,lby,98287.0
1977,lca,3724.0
1977,lka,222466.0
1977,lso,24930.0
1977,lux,4728.0
1977,mar,316015.0
1977,mex,1455954.0
1977,mli,31582.0
1977,mlt,4808.0
1977,mmr,359999.0
1977,mrt,7930.0
1977,mus,20933.0
1977,mwi,58166.0
1977,ncl,3871.0
1977,ner,17467.0
1977,nic,34977.0
1977,nld,236287.0
1977,nor,65438.0
1977,nzl,61739.0
1977,omn,6662.0
1977,pan,49999.0
1977,per,410970.0
1977,phl,1131995.0
1977,png,36568.0
1977,pol,542480.0
1977,pri,66965.0
1977,pry,52059.0
1977,pyf,3586.0
1977,qat,3601.0
1977,rwa,46061.0
1977,sgp,53236.0
1977,slb,3726.0
1977,sle,24346.0
1977,slv,69925.0
1977,smr,368.0
1977,som,10425.0
1977,sur,13361.0
1977,swe,119875.0
1977,swz,12029.0
1977,syc,1752.0
1977,syr,197466.0
1977,tcd,18114.0
1977,tha,657314.0
1977,ton,2603.0
1977,tto,21832.0
1977,tun,154251.0
1977,tur,1037331.0
1977,tza,197719.0
1977,uga,129798.0
1977,ury,40010.0
1977,usa,3281000.0
1977,ven,293643.0
1977,vir,2323.0
1977,vnm,1109203.0
1977,vut,2676.0
1977,wsm,4592.0
1977,zar,439609.0
1977,zmb,115864.0
1977,zwe,111736.0
1978,arb,2849339.75
1978,eca,1095622.0
1978,ecs,6261613.0
1978,emu,3465445.25
1978,euu,5019815.5
1978,fcs,2790026.75
1978,hic,12302876.0
1978,hpc,2890643.25
1978,lac,4417746.5
1978,lcn,4851223.0
1978,ldc,3693262.75
1978,lic,3368947.0
1978,lmc,18656116.0
1978,lmy,52847540.0
1978,mea,3366403.5
1978,mic,49478596.0
1978,mna,3165128.0
1978,nac,3548019.0
1978,noc,456181.40625
1978,oec,11846695.0
1978,oed,14340953.0
1978,sas,10547524.0
1978,ssa,5254219.0
1978,ssf,5259180.5
1978,wld,65150416.0
1978,afg,105997.0
1978,are,8278.0
1978,arg,466330.0
1978,asm,624.0
1978,aus,252994.0
1978,bdi,22098.0
1978,bel,149676.0
1978,ben,35681.0
1978,bfa,19446.0
1978,bgd,771472.0
1978,bhr,7651.0
1978,blr,153567.0
1978,blz,3871.0
1978,bmu,731.0
1978,bol,93167.0
1978,brb,5651.0
1978,brn,5242.0
1978,btn,1215.0
1978,bwa,18666.0
1978,caf,26205.0
1978,can,379288.0
1978,che,79277.0
1978,chl,289946.0
1978,civ,105401.0
1978,cmr,146400.0
1978,cog,45025.0
1978,col,475493.0
1978,cpv,2465.0
1978,cri,55446.0
1978,cub,290974.0
1978,cym,267.0
1978,cyp,9839.0
1978,dma,2515.0
1978,dnk,86439.0
1978,dza,412869.0
1978,ecu,161690.0
1978,egy,541765.0
1978,esp,719397.0
1978,eth,103823.0
1978,fin,74118.0
1978,fji,16739.0
1978,fra,909416.0
1978,fsm,3732.0
1978,gab,14154.0
1978,gha,177610.0
1978,gin,23947.0
1978,gmb,3825.0
1978,gnb,4094.0
1978,grc,159081.0
1978,grd,2776.0
1978,gtm,64082.0
1978,guy,21703.0
1978,hkg,101550.0
1978,hnd,47298.0
1978,hti,45752.0
1978,idn,2589230.0
1978,ind,8374954.0
1978,irl,67222.0
1978,irn,842496.0
1978,irq,310704.0
1978,isr,66794.0
1978,ita,949395.0
1978,jam,60454.0
1978,jor,67450.0
1978,jpn,1560887.0
1978,ken,433726.0
1978,kir,1809.0
1978,kor,911330.0
1978,lao,35935.0
1978,lbr,14963.0
1978,lby,88794.0
1978,lka,293601.0
1978,lso,25140.0
1978,lux,4695.0
1978,mar,348873.0
1978,mex,1552203.0
1978,mli,34643.0
1978,mlt,4979.0
1978,mmr,387855.0
1978,mrt,6577.0
1978,mus,21297.0
1978,mwi,62400.0
1978,ncl,3974.0
1978,ner,18538.0
1978,nic,35279.0
1978,nld,233722.0
1978,nor,66172.0
1978,nzl,62569.0
1978,omn,8325.0
1978,pan,50697.0
1978,per,437097.0
1978,phl,1123006.0
1978,png,34067.0
1978,pol,522505.0
1978,pry,55093.0
1978,pyf,3933.0
1978,qat,3556.0
1978,rwa,48050.0
1978,sen,50382.0
1978,sgp,49716.0
1978,slb,3931.0
1978,sle,25723.0
1978,slv,75955.0
1978,smr,347.0
1978,som,14154.0
1978,sur,12886.0
1978,swe,120711.0
1978,swz,12204.0
1978,syc,1686.0
1978,syr,194574.0
1978,tca,214.0
1978,tgo,48295.0
1978,tha,713322.0
1978,ton,2916.0
1978,tto,20888.0
1978,tun,150490.0
1978,tur,942055.0
1978,tza,235109.0
1978,uga,140068.0
1978,ury,39633.0
1978,usa,3168000.0
1978,ven,300376.0
1978,vir,2174.0
1978,vnm,1141156.0
1978,vut,2939.0
1978,wsm,4871.0
1978,zar,468431.0
1978,zmb,118796.0
1978,zwe,102959.0
1979,arb,3079580.75
1979,eap,29487620.0
1979,eas,32705490.0
1979,eca,1116686.0
1979,ecs,6200220.0
1979,emu,3440417.0
1979,euu,4939897.5
1979,fcs,2942936.5
1979,hic,12471483.0
1979,hpc,3204552.5
1979,lac,4606570.5
1979,lcn,5031450.5
1979,ldc,4002489.75
1979,lic,3679586.5
1979,lmc,19304156.0
1979,lmy,54981836.0
1979,mea,3584148.5
1979,mic,51302252.0
1979,mna,3370563.5
1979,nac,3526641.0
1979,noc,453627.25
1979,oec,12017856.0
1979,oed,14656047.0
1979,sas,10639526.0
1979,ssa,5760871.0
1979,ssf,5765843.5
1979,umc,31998096.0
1979,wld,67453320.0
1979,are,9217.0
1979,arg,484585.0
1979,atg,1250.0
1979,aus,264353.0
1979,bdi,21852.0
1979,bel,145467.0
1979,ben,39171.0
1979,bfa,19744.0
1979,bgd,772966.0
1979,bhr,7828.0
1979,blr,146300.0
1979,bmu,720.0
1979,bol,98773.0
1979,brb,5590.0
1979,brn,5047.0
1979,btn,1499.0
1979,bwa,22017.0
1979,can,368921.0
1979,che,77060.0
1979,chl,282335.0
1979,civ,113234.0
1979,cmr,152824.0
1979,cog,47962.0
1979,col,477137.0
1979,cpv,2755.0
1979,cri,55774.0
1979,cub,276988.0
1979,cym,329.0
1979,cyp,8536.0
1979,dji,1985.0
1979,dma,2408.0
1979,dnk,78033.0
1979,dza,420570.0
1979,ecu,172045.0
1979,egy,643167.0
1979,esp,718195.0
1979,eth,127326.0
1979,fin,72882.0
1979,fji,16481.0
1979,fra,905260.0
1979,fsm,3649.0
1979,gab,13803.0
1979,gha,183396.0
1979,gin,29534.0
1979,gmb,4185.0
1979,gnb,4227.0
1979,grc,157461.0
1979,grd,2623.0
1979,gtm,68751.0
1979,guy,20901.0
1979,hkg,94947.0
1979,hnd,52863.0
1979,hti,50008.0
1979,ind,8405726.0
1979,irl,66574.0
1979,irq,342597.0
1979,isr,69837.0
1979,ita,937730.0
1979,jam,58113.0
1979,jor,70870.0
1979,jpn,1856118.0
1979,ken,450940.0
1979,kir,1694.0
1979,kor,882622.0
1979,lao,37530.0
1979,lbr,16303.0
1979,lby,92553.0
1979,lka,311798.0
1979,lso,25587.0
1979,lux,4540.0
1979,mar,383052.0
1979,mex,1667805.0
1979,mli,35812.0
1979,mlt,4923.0
1979,mrt,8424.0
1979,mus,19813.0
1979,mwi,61446.0
1979,ncl,4183.0
1979,ner,22617.0
1979,nic,35011.0
1979,nld,232329.0
1979,nor,65826.0
1979,nzl,63016.0
1979,omn,11061.0
1979,pan,50119.0
1979,per,446054.0
1979,phl,1141731.0
1979,png,39721.0
1979,pol,503863.0
1979,pyf,4099.0
1979,qat,3560.0
1979,rwa,48515.0
1979,sau,107159.0
1979,sen,49129.0
1979,sgp,47125.0
1979,slb,4165.0
1979,slv,81726.0
1979,smr,356.0
1979,som,36507.0
1979,sur,12964.0
1979,swe,120653.0
1979,swz,12911.0
1979,syc,1678.0
1979,syr,199317.0
1979,tgo,53373.0
1979,tha,942953.0
1979,ton,4076.0
1979,tto,19715.0
1979,tun,154464.0
1979,tur,970386.0
1979,tza,390203.0
1979,uga,140619.0
1979,ury,40860.0
1979,usa,3157000.0
1979,ven,319278.0
1979,vnm,1146050.0
1979,vut,3138.0
1979,wsm,4826.0
1979,zar,486895.0
1979,zmb,123205.0
1979,zwe,100217.0
1980,arb,3273210.75
1980,eap,30360012.0
1980,eas,33665888.0
1980,eca,1126936.625
1980,ecs,6184921.0
1980,emu,3446941.5
1980,euu,4914739.0
1980,fcs,3166841.75
1980,hic,12926817.0
1980,hpc,3458329.75
1980,lac,4799975.5
1980,lcn,5212091.0
1980,ldc,4251601.0
1980,lic,3938845.0
1980,lmc,20331652.0
1980,lmy,57221840.0
1980,mea,3764995.75
1980,mic,53282992.0
1980,mna,3533170.75
1980,nac,3914042.0
1980,noc,461661.625
1980,oec,12465155.0
1980,oed,15237946.0
1980,sas,11140028.0
1980,ssa,6261715.0
1980,ssf,6266691.0
1980,umc,32951342.0
1980,wld,70148656.0
1980,afg,125634.0
1980,are,10573.0
1980,arg,499415.0
1980,aus,268817.0
1980,bdi,22727.0
1980,bel,143770.0
1980,ben,39392.0
1980,bfa,21398.0
1980,bgd,773430.0
1980,bhr,7914.0
1980,blr,142100.0
1980,blz,4186.0
1980,bmu,711.0
1980,bol,87848.0
1980,brn,5052.0
1980,bwa,22135.0
1980,caf,26760.0
1980,can,371331.0
1980,che,76277.0
1980,chl,269782.0
1980,chn,23160000.0
1980,civ,124012.0
1980,cmr,161652.0
1980,cog,53578.0
1980,col,535100.0
1980,cpv,3869.0
1980,cri,57277.0
1980,cub,252038.0
1980,cym,326.0
1980,cyp,10147.0
1980,dji,1976.0
1980,dma,2196.0
1980,dnk,72773.0
1980,dza,439139.0
1980,ecu,181214.0
1980,egy,665688.0
1980,esp,713959.0
1980,eth,143307.0
1980,fin,70299.0
1980,fji,16194.0
1980,fra,903937.0
1980,gab,14356.0
1980,gha,196380.0
1980,gin,35098.0
1980,gmb,4698.0
1980,gnb,5299.0
1980,grc,151408.0
1980,grd,2530.0
1980,gtm,72374.0
1980,guy,19305.0
1980,hkg,90020.0
1980,hnd,55775.0
1980,hti,53981.0
1980,ind,8850337.0
1980,irl,67452.0
1980,irq,405766.0
1980,isr,74728.0
1980,ita,945818.0
1980,jam,57146.0
1980,jor,73844.0
1980,jpn,1887018.0
1980,ken,456650.0
1980,kir,1713.0
1980,kor,941375.0
1980,lao,39520.0
1980,lbr,17683.0
1980,lby,97600.0
1980,lka,331094.0
1980,lso,26433.0
1980,lux,4390.0
1980,mar,412540.0
1980,mex,1787954.0
1980,mli,37054.0
1980,mlt,5722.0
1980,mrt,11362.0
1980,mus,20243.0
1980,mwi,64144.0
1980,mys,318188.0
1980,ner,28551.0
1980,nic,36202.0
1980,nld,239536.0
1980,nor,67042.0
1980,nzl,63675.0
1980,pan,49462.0
1980,per,442669.0
1980,phl,1120513.0
1980,pol,496206.0
1980,pry,58439.0
1980,pyf,4269.0
1980,qat,3593.0
1980,rwa,63806.0
1980,sen,52644.0
1980,sgp,45390.0
1980,slb,4204.0
1980,slv,80387.0
1980,smr,333.0
1980,som,60364.0
1980,swe,113432.0
1980,swz,13400.0
1980,syc,1554.0
1980,syr,206637.0
1980,tgo,57807.0
1980,tha,1066873.0
1980,tto,19163.0
1980,tun,155313.0
1980,tza,456604.0
1980,uga,146061.0
1980,ury,42316.0
1980,usa,3542000.0
1980,ven,335821.0
1980,vnm,1229728.0
1980,vut,3184.0
1980,wsm,4700.0
1980,zar,513674.0
1980,zmb,130706.0
1980,zwe,125958.0
1981,arb,3363103.0
1981,eap,30606740.0
1981,eas,33895816.0
1981,eca,1143231.0
1981,ecs,6119483.5
1981,emu,3408455.75
1981,euu,4840516.5
1981,fcs,3306572.75
1981,hic,13044628.0
1981,hpc,3637449.25
1981,lac,4955251.5
1981,lcn,5372476.5
1981,ldc,4406913.0
1981,lic,4115017.25
1981,lmc,21775056.0
1981,lmy,59075168.0
1981,mea,3906603.0
1981,mic,54960148.0
1981,mna,3656901.0
1981,nac,4107413.0
1981,noc,488376.40625
1981,oec,12556252.0
1981,oed,15444438.0
1981,sas,12057785.0
1981,ssa,6655258.5
1981,ssf,6660217.5
1981,umc,33185092.0
1981,wld,72119792.0
1981,afg,142446.0
1981,are,10948.0
1981,arg,521046.0
1981,aus,283008.0
1981,bdi,24977.0
1981,bel,141812.0
1981,ben,39231.0
1981,bfa,21995.0
1981,bgd,705931.0
1981,bhr,7606.0
1981,blr,140000.0
1981,blz,3942.0
1981,bmu,895.0
1981,bol,107078.0
1981,brb,5325.0
1981,brn,5052.0
1981,btn,2332.0
1981,bwa,20094.0
1981,caf,26415.0
1981,can,374518.0
1981,che,67906.0
1981,chl,270783.0
1981,chn,23101000.0
1981,civ,127870.0
1981,cmr,168020.0
1981,cog,55230.0
1981,col,543590.0
1981,com,7097.0
1981,cpv,3892.0
1981,cri,57490.0
1981,cub,224227.0
1981,cym,384.0
1981,cyp,8623.0
1981,dji,2585.0
1981,dma,2286.0
1981,dnk,70663.0
1981,dom,115549.0
1981,dza,461023.0
1981,ecu,193769.0
1981,egy,683202.0
1981,esp,710102.0
1981,eth,167976.0
1981,fin,64890.0
1981,fji,15991.0
1981,fra,910570.0
1981,gab,15523.0
1981,gha,209258.0
1981,gin,32849.0
1981,gmb,5303.0
1981,gnb,5314.0
1981,grc,147906.0
1981,grd,2612.0
1981,gtm,76978.0
1981,guy,21111.0
1981,hkg,88111.0
1981,hti,63577.0
1981,idn,3066905.0
1981,ind,9691274.0
1981,irl,68398.0
1981,irq,424858.0
1981,isr,79126.0
1981,ita,912908.0
1981,jam,56756.0
1981,jor,76527.0
1981,jpn,1885767.0
1981,ken,460997.0
1981,kir,1668.0
1981,kor,901227.0
1981,lao,44955.0
1981,lby,104163.0
1981,lca,3043.0
1981,lka,361436.0
1981,lso,27713.0
1981,lux,4345.0
1981,mar,442866.0
1981,mdg,152686.0
1981,mex,1884955.0
1981,mli,36676.0
1981,mlt,5324.0
1981,mrt,13545.0
1981,mus,18715.0
1981,mwi,61041.0
1981,mys,323866.0
1981,ncl,4395.0
1981,ner,30893.0
1981,nld,237819.0
1981,nor,67521.0
1981,nzl,63616.0
1981,omn,11965.0
1981,pan,48703.0
1981,per,438891.0
1981,phl,1176769.0
1981,png,43099.0
1981,pol,508917.0
1981,pry,60782.0
1981,qat,3945.0
1981,rwa,78258.0
1981,sen,55238.0
1981,sgp,57822.0
1981,slb,4067.0
1981,slv,65484.0
1981,smr,308.0
1981,som,18290.0
1981,sur,11319.0
1981,swe,107772.0
1981,swz,14382.0
1981,syc,1564.0
1981,syr,224356.0
1981,tgo,61616.0
1981,tha,1137013.0
1981,ton,2655.0
1981,tto,20980.0
1981,tun,151697.0
1981,tur,1003231.0
1981,tza,492127.0
1981,uga,155726.0
1981,usa,3732000.0
1981,ven,352522.0
1981,vir,2165.0
1981,vnm,1223952.0
1981,vut,3190.0
1981,wsm,4642.0
1981,zar,541926.0
1981,zmb,135761.0
1981,zwe,162540.0
1982,arb,3506009.5
1982,eap,31449482.0
1982,eas,34806588.0
1982,eca,1155276.0
1982,ecs,6148352.5
1982,emu,3430972.75
1982,euu,4862118.0
1982,fcs,3344695.25
1982,hic,12999326.0
1982,hpc,3901245.0
1982,lac,5118789.5
1982,lcn,5539724.5
1982,ldc,4748275.0
1982,lic,4483739.5
1982,lmc,22865290.0
1982,lmy,61346972.0
1982,mea,4058633.25
1982,mic,56863232.0
1982,mna,3786415.75
1982,nac,3951221.0
1982,noc,499628.71875
1982,oec,12499698.0
1982,oed,15501957.0
1982,sas,12539576.0
1982,ssa,7297433.0
1982,ssf,7302203.0
1982,umc,33997944.0
1982,wld,74346296.0
1982,afg,55553.0
1982,are,14709.0
1982,asm,712.0
1982,aus,281438.0
1982,bdi,28015.0
1982,bel,142844.0
1982,ben,48478.0
1982,bfa,24974.0
1982,bgd,724549.0
1982,bhr,7872.0
1982,bhs,5299.0
1982,blr,141800.0
1982,blz,4322.0
1982,bmu,863.0
1982,brb,5486.0
1982,brn,5346.0
1982,btn,2745.0
1982,bwa,20460.0
1982,caf,26908.0
1982,can,388358.0
1982,che,66093.0
1982,chl,271623.0
1982,chn,23611000.0
1982,civ,143517.0
1982,cmr,175052.0
1982,cog,57519.0
1982,col,521819.0
1982,cpv,4456.0
1982,cri,52921.0
1982,cub,240506.0
1982,cyp,8573.0
1982,dji,3427.0
1982,dma,2457.0
1982,dnk,70867.0
1982,dza,478019.0
1982,ecu,206840.0
1982,egy,721073.0
1982,esp,716136.0
1982,eth,192963.0
1982,fin,63250.0
1982,fra,936004.0
1982,gab,16386.0
1982,gha,208947.0
1982,gin,32967.0
1982,gmb,5893.0
1982,gnb,5813.0
1982,grc,146506.0
1982,grd,2514.0
1982,gtm,77208.0
1982,guy,21239.0
1982,hkg,87022.0
1982,hnd,65447.0
1982,hti,54591.0
1982,idn,3255387.0
1982,ind,10160185.0
1982,irl,70291.0
1982,irn,883462.0
1982,irq,427599.0
1982,isr,81883.0
1982,ita,910295.0
1982,jor,77753.0
1982,jpn,1937349.0
1982,ken,484869.0
1982,kir,1556.0
1982,kor,933069.0
1982,lca,3623.0
1982,lka,338735.0
1982,lso,28679.0
1982,lux,4184.0
1982,mar,469547.0
1982,mdg,153346.0
1982,mex,1988783.0
1982,mli,39135.0
1982,mlt,5417.0
1982,mus,18719.0
1982,mwi,64471.0
1982,mys,339107.0
1982,ncl,4682.0
1982,ner,31939.0
1982,nga,2075262.0
1982,nic,36146.0
1982,nld,228360.0
1982,nor,64672.0
1982,npl,137227.0
1982,nzl,60846.0
1982,omn,13941.0
1982,pan,50210.0
1982,per,460723.0
1982,phl,1238372.0
1982,png,39902.0
1982,pol,531220.0
1982,pri,62534.0
1982,pry,62989.0
1982,pyf,4424.0
1982,qat,4171.0
1982,rwa,81284.0
1982,sen,60904.0
1982,sgp,47571.0
1982,slb,4074.0
1982,sle,43792.0
1982,slv,71640.0
1982,smr,303.0
1982,som,26314.0
1982,sur,11976.0
1982,swe,108415.0
1982,swz,15129.0
1982,syc,1689.0
1982,syr,236313.0
1982,tgo,62081.0
1982,tha,1187107.0
1982,ton,2545.0
1982,tto,20878.0
1982,tun,157599.0
1982,tur,1013476.0
1982,tza,695337.0
1982,uga,165986.0
1982,usa,3562000.0
1982,vct,2914.0
1982,ven,363046.0
1982,vir,2746.0
1982,wsm,4721.0
1982,zar,571732.0
1982,zmb,143037.0
1982,zwe,184012.0
1983,arb,3754045.75
1983,eap,32967710.0
1983,eas,36438768.0
1983,eca,1175433.375
1983,ecs,6111614.0
1983,emu,3395315.75
1983,euu,4808409.0
1983,fcs,3635692.75
1983,hic,12854598.0
1983,hpc,3898771.75
1983,lac,5306338.0
1983,lcn,5742516.0
1983,ldc,4778702.0
1983,lic,4584540.5
1983,lmc,24067692.0
1983,lmy,63968572.0
1983,mea,4280787.5
1983,mic,59384032.0
1983,mna,3989644.5
1983,nac,3715376.0
1983,noc,524493.25
1983,oec,12330105.0
1983,oed,15455340.0
1983,sas,13110042.0
1983,ssa,7419404.5
1983,ssf,7424066.5
1983,umc,35316340.0
1983,wld,76823168.0
1983,are,15709.0
1983,aus,267655.0
1983,bdi,31911.0
1983,bel,131421.0
1983,ben,51211.0
1983,bfa,27891.0
1983,bgd,750503.0
1983,bhr,8034.0
1983,bhs,5215.0
1983,blr,143400.0
1983,blz,4193.0
1983,bmu,817.0
1983,bol,115782.0
1983,brb,5195.0
1983,brn,3598.0
1983,btn,3147.0
1983,bwa,24542.0
1983,caf,27440.0
1983,can,371559.0
1983,che,63073.0
1983,chl,283668.0
1983,chn,24584000.0
1983,civ,152492.0
1983,cmr,186509.0
1983,cog,57950.0
1983,col,540315.0
1983,com,8265.0
1983,cpv,4598.0
1983,cri,46655.0
1983,cub,244862.0
1983,cyp,8226.0
1983,dji,2292.0
1983,dnk,74063.0
1983,dza,494729.0
1983,ecu,218508.0
1983,egy,753454.0
1983,esp,721999.0
1983,eth,240038.0
1983,fin,60830.0
1983,fji,15500.0
1983,fra,935829.0
1983,gab,16882.0
1983,gha,208975.0
1983,gin,35351.0
1983,gmb,7225.0
1983,gnb,5679.0
1983,grc,146959.0
1983,grd,2502.0
1983,gtm,84259.0
1983,guy,20439.0
1983,hkg,90849.0
1983,hnd,68793.0
1983,hti,61539.0
1983,idn,3743812.0
1983,ind,10649497.0
1983,irl,71290.0
1983,irn,862296.0
1983,irq,545665.0
1983,isr,83070.0
1983,ita,890371.0
1983,jam,58768.0
1983,jor,82999.0
1983,jpn,2009184.0
1983,ken,537293.0
1983,kir,1421.0
1983,kor,986041.0
1983,lby,118534.0
1983,lca,3508.0
1983,lka,335127.0
1983,lso,29632.0
1983,lux,3939.0
1983,mar,490147.0
1983,mdg,185448.0
1983,mex,2093202.0
1983,mli,37743.0
1983,mlt,5495.0
1983,mrt,14671.0
1983,mus,18381.0
1983,mwi,66617.0
1983,mys,342541.0
1983,ncl,4764.0
1983,ner,33475.0
1983,nga,2109301.0
1983,nic,42633.0
1983,nld,216517.0
1983,npl,155105.0
1983,nzl,59340.0
1983,omn,15471.0
1983,pan,48081.0
1983,phl,1263113.0
1983,pol,537270.0
1983,pry,66352.0
1983,pyf,5413.0
1983,qat,4616.0
1983,rwa,82191.0
1983,sen,65091.0
1983,sgp,49897.0
1983,slb,4176.0
1983,sle,44814.0
1983,slv,71841.0
1983,smr,322.0
1983,som,31113.0
1983,sur,11697.0
1983,swe,112734.0
1983,swz,16153.0
1983,syc,1585.0
1983,syr,247556.0
1983,tgo,61853.0
1983,ton,2578.0
1983,tto,20796.0
1983,tun,167249.0
1983,tza,483194.0
1983,uga,181168.0
1983,ury,52783.0
1983,usa,3343000.0
1983,ven,362517.0
1983,vir,2793.0
1983,vnm,1229288.0
1983,wsm,4738.0
1983,zar,603177.0
1983,zmb,152178.0
1983,zwe,219817.0
1984,arb,3899458.5
1984,eap,32307572.0
1984,eas,35762876.0
1984,eca,1194709.0
1984,ecs,6083862.0
1984,emu,3363855.5
1984,euu,4765020.0
1984,fcs,3777658.0
1984,hic,12813459.0
1984,hpc,4026743.75
1984,lac,5459910.5
1984,lcn,5898034.0
1984,ldc,4967321.0
1984,lic,4862793.0
1984,lmc,25281642.0
1984,lmy,64636736.0
1984,mea,4529810.0
1984,mic,59773944.0
1984,mna,4218196.5
1984,nac,3714709.0
1984,noc,539784.5625
1984,oec,12273675.0
1984,oed,15491532.0
1984,sas,13730780.0
1984,ssa,7725567.5
1984,ssf,7730124.5
1984,umc,34492300.0
1984,wld,77450192.0
1984,afg,63932.0
1984,are,17388.0
1984,asm,817.0
1984,aus,259343.0
1984,bdi,35878.0
1984,bel,129559.0
1984,ben,54921.0
1984,bfa,30323.0
1984,bgd,788237.0
1984,bhr,8067.0
1984,blr,144600.0
1984,blz,4599.0
1984,bmu,754.0
1984,bol,125303.0
1984,brb,5155.0
1984,brn,4748.0
1984,btn,3426.0
1984,bwa,26670.0
1984,caf,30100.0
1984,can,364955.0
1984,che,59779.0
1984,chl,285729.0
1984,chn,23452000.0
1984,civ,159195.0
1984,cmr,194453.0
1984,cog,60012.0
1984,col,548150.0
1984,cpv,4888.0
1984,cri,49347.0
1984,cub,230568.0
1984,cyp,6356.0
1984,dji,2392.0
1984,dma,1880.0
1984,dnk,74611.0
1984,dza,570820.0
1984,ecu,225179.0
1984,egy,790159.0
1984,esp,745522.0
1984,eth,291077.0
1984,fin,58700.0
1984,fji,16653.0
1984,gab,18000.0
1984,gha,206928.0
1984,gin,31563.0
1984,gmb,8412.0
1984,gnb,6023.0
1984,grc,147599.0
1984,grd,2615.0
1984,gtm,89842.0
1984,guy,19673.0
1984,hkg,91163.0
1984,hnd,72280.0
1984,hti,70865.0
1984,idn,4183083.0
1984,ind,11151109.0
1984,irn,960803.0
1984,irq,502214.0
1984,isr,85268.0
1984,ita,874153.0
1984,jam,57420.0
1984,jor,87200.0
1984,jpn,2048514.0
1984,ken,557034.0
1984,kir,1453.0
1984,kor,942680.0
1984,lao,41854.0
1984,lbr,15772.0
1984,lca,3620.0
1984,lka,345006.0
1984,lso,30581.0
1984,lux,3093.0
1984,mar,514885.0
1984,mdg,181231.0
1984,mex,2167748.0
1984,mli,36133.0
1984,mlt,5652.0
1984,mus,21178.0
1984,mwi,71545.0
1984,mys,341019.0
1984,ncl,4762.0
1984,ner,37182.0
1984,nga,2180706.0
1984,nic,47373.0
1984,nld,198989.0
1984,nor,64403.0
1984,npl,182453.0
1984,nzl,56710.0
1984,omn,16487.0
1984,pan,49769.0
1984,phl,1276237.0
1984,png,45615.0
1984,pol,561188.0
1984,pry,68936.0
1984,pyf,4566.0
1984,qat,4934.0
1984,rwa,85592.0
1984,sen,69675.0
1984,sgp,47623.0
1984,slb,5124.0
1984,slv,72301.0
1984,smr,301.0
1984,som,27247.0
1984,sur,11536.0
1984,swe,111511.0
1984,swz,17281.0
1984,syc,1536.0
1984,syr,265665.0
1984,tgo,56020.0
1984,tha,1196022.0
1984,ton,2330.0
1984,tto,21083.0
1984,tun,175918.0
1984,tur,1050109.0
1984,tuv,158.0
1984,tza,430743.0
1984,uga,206013.0
1984,ury,52180.0
1984,usa,3349000.0
1984,vct,3300.0
1984,ven,369701.0
1984,vir,2568.0
1984,vnm,1222318.0
1984,zar,636352.0
1984,zmb,161503.0
1984,zwe,311603.0
1985,arb,3820472.5
1985,eap,32195886.0
1985,eas,35598296.0
1985,eca,1230166.0
1985,ecs,6057464.0
1985,emu,3310189.5
1985,euu,4708971.0
1985,fcs,3709052.5
1985,hic,12695691.0
1985,hpc,3998039.75
1985,lac,5567738.0
1985,lcn,6011820.0
1985,ldc,4865300.5
1985,lic,4783914.0
1985,lmc,25933572.0
1985,lmy,65077152.0
1985,mea,4520639.0
1985,mic,60293236.0
1985,mna,4189540.75
1985,nac,3686408.0
1985,noc,558446.3125
1985,oec,12137245.0
1985,oed,15454835.0
1985,sas,14176213.0
1985,ssa,7717608.0
1985,ssf,7722000.5
1985,umc,34359664.0
1985,wld,77772840.0
1985,afg,64662.0
1985,are,19031.0
1985,asm,703.0
1985,aus,247382.0
1985,bdi,40289.0
1985,bel,124166.0
1985,ben,56002.0
1985,bfa,34581.0
1985,bgd,733625.0
1985,bhr,8119.0
1985,bhs,5435.0
1985,blr,144200.0
1985,blz,4588.0
1985,bmu,748.0
1985,brb,4782.0
1985,btn,3547.0
1985,bwa,29294.0
1985,caf,32992.0
1985,can,364660.0
1985,che,56694.0
1985,chl,289759.0
1985,chn,23251000.0
1985,civ,163344.0
1985,cmr,204727.0
1985,cog,63490.0
1985,col,528768.0
1985,cpv,5324.0
1985,cri,50700.0
1985,cub,210192.0
1985,cyp,6796.0
1985,dji,3003.0
1985,dnk,70928.0
1985,dza,475837.0
1985,ecu,230100.0
1985,esp,754091.0
1985,eth,293224.0
1985,fin,56288.0
1985,fji,17073.0
1985,fra,876216.0
1985,gab,18449.0
1985,gha,232886.0
1985,gin,31516.0
1985,gmb,9328.0
1985,gnb,5714.0
1985,grc,155851.0
1985,grd,2582.0
1985,gtm,96417.0
1985,hkg,93140.0
1985,hnd,77580.0
1985,hti,67942.0
1985,idn,4272766.0
1985,irn,1029148.0
1985,irq,470512.0
1985,isr,86242.0
1985,ita,866858.0
1985,jam,55131.0
1985,jor,84256.0
1985,jpn,2053072.0
1985,ken,560208.0
1985,kir,1342.0
1985,kna,920.0
1985,kor,902142.0
1985,lao,39394.0
1985,lca,3741.0
1985,lka,347367.0
1985,lso,32793.0
1985,mar,465799.0
1985,mex,2231624.0
1985,mli,35239.0
1985,mlt,5568.0
1985,mrt,16506.0
1985,mus,27732.0
1985,mwi,72832.0
1985,mys,354647.0
1985,ncl,4307.0
1985,ner,39515.0
1985,nga,2142506.0
1985,nic,59608.0
1985,nld,184381.0
1985,nor,61595.0
1985,nzl,53793.0
1985,omn,19186.0
1985,pan,49255.0
1985,per,500478.0
1985,phl,1261027.0
1985,pol,585479.0
1985,pry,69937.0
1985,pyf,4611.0
1985,qat,5061.0
1985,rwa,84460.0
1985,sen,74393.0
1985,sgp,43414.0
1985,smr,298.0
1985,som,25526.0
1985,sur,11395.0
1985,swz,17669.0
1985,syc,1781.0
1985,syr,279154.0
1985,tcd,20670.0
1985,tgo,53420.0
1985,tha,1167441.0
1985,ton,2335.0
1985,tto,21308.0
1985,tun,183981.0
1985,tur,1085966.0
1985,tza,420472.0
1985,uga,227000.0
1985,ury,54320.0
1985,usa,3321000.0
1985,ven,381112.0
1985,vir,2388.0
1985,vnm,1231307.0
1985,zar,508678.0
1985,zmb,171300.0
1985,zwe,355220.0
1986,arb,3942492.25
1986,eap,31786898.0
1986,eas,35075604.0
1986,eca,1308740.0
1986,ecs,6051260.0
1986,emu,3219679.25
1986,euu,4628054.0
1986,fcs,3747803.0
1986,hic,12403592.0
1986,hpc,4071257.0
1986,lac,5664012.0
1986,lcn,6091147.5
1986,ldc,4969251.0
1986,lic,4849135.0
1986,lmc,26455076.0
1986,lmy,65420948.0
1986,mea,4698923.0
1986,mic,60571816.0
1986,mna,4346107.0
1986,nac,3588256.0
1986,noc,572161.4375
1986,oec,11831430.0
1986,oed,15228200.0
1986,sas,14734279.0
1986,ssa,7580912.5
1986,ssf,7585073.0
1986,umc,34116736.0
1986,wld,77824544.0
1986,afg,65708.0
1986,are,21808.0
1986,asm,1029.0
1986,aus,240317.0
1986,bdi,42680.0
1986,bel,118653.0
1986,ben,55405.0
1986,bfa,38297.0
1986,bgd,737631.0
1986,bhr,8507.0
1986,bhs,5250.0
1986,blr,144700.0
1986,blz,4493.0
1986,bol,124663.0
1986,brn,5123.0
1986,btn,3957.0
1986,bwa,29313.0
1986,caf,36880.0
1986,can,370528.0
1986,che,54547.0
1986,chl,271712.0
1986,chn,22794000.0
1986,civ,167927.0
1986,cmr,218413.0
1986,cog,66159.0
1986,col,560941.0
1986,com,8925.0
1986,cpv,5641.0
1986,cri,51356.0
1986,cub,199986.0
1986,cyp,7528.0
1986,dji,3912.0
1986,dma,1559.0
1986,dnk,70296.0
1986,dza,511719.0
1986,egy,904329.0
1986,esp,754257.0
1986,eth,281634.0
1986,fin,61850.0
1986,fji,17182.0
1986,fra,839679.0
1986,gab,19113.0
1986,gin,31531.0
1986,gmb,10395.0
1986,grc,146348.0
1986,gtm,103229.0
1986,hkg,90502.0
1986,hnd,82881.0
1986,hti,78972.0
1986,idn,4417619.0
1986,ind,12083549.0
1986,irl,68066.0
1986,irn,1081799.0
1986,irq,455550.0
1986,isr,90219.0
1986,ita,829003.0
1986,jam,54854.0
1986,jor,85577.0
1986,jpn,1984684.0
1986,ken,572599.0
1986,kir,1493.0
1986,kna,938.0
1986,kor,870197.0
1986,lao,42652.0
1986,lby,116048.0
1986,lca,3667.0
1986,lka,353224.0
1986,lso,34614.0
1986,lux,3491.0
1986,mar,454806.0
1986,mex,2232730.0
1986,mli,35030.0
1986,mlt,5789.0
1986,mrt,19205.0
1986,mus,21568.0
1986,mwi,74956.0
1986,nam,35302.0
1986,ncl,4276.0
1986,ner,40728.0
1986,nga,1949152.0
1986,nic,60553.0
1986,nor,60109.0
1986,nzl,53085.0
1986,omn,21186.0
1986,pan,50158.0
1986,phl,1256872.0
1986,png,48585.0
1986,pol,610190.0
1986,pry,71347.0
1986,qat,5068.0
1986,rwa,85890.0
1986,sen,82140.0
1986,sgp,40451.0
1986,slb,5465.0
1986,smr,291.0
1986,som,23176.0
1986,swz,18365.0
1986,syc,1656.0
1986,syr,290886.0
1986,tcd,21749.0
1986,tgo,53241.0
1986,tha,1140042.0
1986,ton,2372.0
1986,tto,21333.0
1986,tun,193965.0
1986,tur,1164040.0
1986,tuv,133.0
1986,tza,412117.0
1986,uga,245022.0
1986,ury,56236.0
1986,usa,3217000.0
1986,ven,390937.0
1986,vir,2438.0
1986,vnm,1134212.0
1986,wsm,4299.0
1986,zar,523817.0
1986,zmb,173922.0
1986,zwe,332660.0
1987,arb,4069893.0
1987,eap,32141680.0
1987,eas,35238580.0
1987,eca,1320702.875
1987,ecs,5978914.0
1987,emu,3131489.25
1987,euu,4549573.5
1987,fcs,3826988.0
1987,hic,12259604.0
1987,hpc,4192041.5
1987,lac,5713208.5
1987,lcn,6119413.0
1987,ldc,5308771.5
1987,lic,5142236.0
1987,lmc,27185600.0
1987,lmy,66558088.0
1987,mea,4955100.5
1987,mic,61415852.0
1987,mna,4583023.5
1987,nac,3722145.75
1987,noc,592139.6875
1987,oec,11667465.0
1987,oed,15067025.0
1987,sas,15141442.0
1987,ssa,7658032.5
1987,ssf,7662097.0
1987,umc,34230252.0
1987,wld,78817696.0
1987,are,22530.0
1987,arg,628890.0
1987,asm,992.0
1987,aus,236447.0
1987,bdi,63994.0
1987,bel,118552.0
1987,ben,55061.0
1987,bfa,44186.0
1987,bgd,745007.0
1987,bhr,8840.0
1987,blz,4778.0
1987,bol,134073.0
1987,bwa,29696.0
1987,caf,31937.0
1987,can,368432.0
1987,che,52286.0
1987,chn,22675000.0
1987,civ,169424.0
1987,cmr,229125.0
1987,cog,69382.0
1987,col,562577.0
1987,com,7968.0
1987,cpv,5978.0
1987,cri,53713.0
1987,cub,189011.0
1987,cyp,8704.0
1987,dji,3986.0
1987,dma,1605.0
1987,dnk,71249.0
1987,dza,533418.0
1987,ecu,241526.0
1987,egy,950735.0
1987,esp,755638.0
1987,eth,284254.0
1987,fin,64761.0
1987,fji,17594.0
1987,fra,797278.0
1987,gab,19944.0
1987,gha,224518.0
1987,gin,28208.0
1987,gmb,11102.0
1987,gnb,5644.0
1987,grc,145198.0
1987,gtm,109367.0
1987,guy,17585.0
1987,hkg,89353.0
1987,hti,80935.0
1987,idn,4494377.0
1987,ind,12402789.0
1987,irl,67940.0
1987,irn,1208181.0
1987,irq,470955.0
1987,isr,93585.0
1987,ita,785038.0
1987,jam,54190.0
1987,jor,88535.0
1987,jpn,1863332.0
1987,ken,585924.0
1987,kir,1541.0
1987,kna,974.0
1987,kor,803678.0
1987,lca,3855.0
1987,lka,362500.0
1987,lso,36268.0
1987,lux,3362.0
1987,mar,442911.0
1987,mex,2221783.0
1987,mli,34347.0
1987,mlt,5848.0
1987,moz,115243.0
1987,mrt,21071.0
1987,mus,22310.0
1987,mwi,78090.0
1987,mys,368522.0
1987,nam,37433.0
1987,ncl,4066.0
1987,ner,38428.0
1987,nga,1918763.0
1987,nic,58535.0
1987,nor,56613.0
1987,nzl,50953.0
1987,omn,25772.0
1987,pan,50145.0
1987,phl,1344267.0
1987,png,54109.0
1987,pol,633130.0
1987,pry,72195.0
1987,qat,5565.0
1987,rwa,90571.0
1987,sen,92404.0
1987,sgp,43421.0
1987,slv,96817.0
1987,smr,302.0
1987,sur,9788.0
1987,swe,104420.0
1987,swz,18718.0
1987,syc,1475.0
1987,syr,303414.0
1987,tcd,22133.0
1987,tgo,57401.0
1987,tha,1134722.0
1987,tto,22533.0
1987,tun,203045.0
1987,tur,1177777.0
1987,tuv,164.0
1987,tza,315307.0
1987,uga,257000.0
1987,ury,56774.0
1987,usa,3353000.0
1987,vct,3227.0
1987,ven,403596.0
1987,vnm,1229025.0
1987,zar,535779.0
1987,zwe,307381.0
1988,arb,4242864.0
1988,eap,31876370.0
1988,eas,34821296.0
1988,eca,1492189.0
1988,ecs,6072787.0
1988,emu,3058874.5
1988,euu,4475289.5
1988,fcs,3952332.75
1988,hic,12077922.0
1988,hpc,4357189.0
1988,lac,5729376.5
1988,lcn,6117231.0
1988,ldc,5927066.0
1988,lic,5711484.5
1988,lmc,28022918.0
1988,lmy,67867440.0
1988,mea,5200674.0
1988,mic,62155960.0
1988,mna,4813486.5
1988,nac,3773380.25
1988,noc,608256.3125
1988,oec,11469666.0
1988,oed,15005945.0
1988,sas,16299721.0
1988,ssa,7656300.5
1988,ssf,7660279.0
1988,umc,34133040.0
1988,wld,79945368.0
1988,afg,82120.0
1988,are,25079.0
1988,asm,971.0
1988,aus,236237.0
1988,bdi,70731.0
1988,bel,119316.0
1988,ben,54910.0
1988,bfa,45335.0
1988,bgd,1174030.0
1988,bhr,9533.0
1988,blr,141600.0
1988,blz,4859.0
1988,btn,5048.0
1988,bwa,33185.0
1988,caf,33389.0
1988,can,371101.0
1988,che,52050.0
1988,chl,230713.0
1988,chn,22234000.0
1988,civ,172312.0
1988,cmr,245136.0
1988,cog,71359.0
1988,col,568815.0
1988,cpv,6587.0
1988,cri,55422.0
1988,cub,164386.0
1988,cyp,8782.0
1988,dji,3857.0
1988,dma,1655.0
1988,dnk,65907.0
1988,dza,575352.0
1988,ecu,249391.0
1988,egy,1024234.0
1988,esp,731042.0
1988,eth,289203.0
1988,fin,66237.0
1988,fra,790955.0
1988,gab,20192.0
1988,gha,228782.0
1988,gin,27223.0
1988,gmb,11781.0
1988,gnb,5031.0
1988,grc,144939.0
1988,guy,17998.0
1988,hkg,89094.0
1988,idn,4566757.0
1988,ind,13041201.0
1988,irl,67944.0
1988,irn,1286826.0
1988,irq,494945.0
1988,isr,88844.0
1988,ita,746569.0
1988,jam,55081.0
1988,jor,93370.0
1988,jpn,1776149.0
1988,ken,584992.0
1988,khm,180166.0
1988,kir,1509.0
1988,kna,940.0
1988,kor,743771.0
1988,lao,50789.0
1988,lca,3888.0
1988,lka,378410.0
1988,lso,38515.0
1988,lux,3758.0
1988,mar,397351.0
1988,mdg,163718.0
1988,mex,2185690.0
1988,mli,36240.0
1988,mlt,5976.0
1988,moz,121658.0
1988,mrt,21930.0
1988,mus,14333.0
1988,mwi,88139.0
1988,mys,368407.0
1988,nam,38520.0
1988,ncl,4076.0
1988,ner,36211.0
1988,nga,1772353.0
1988,nic,56344.0
1988,nor,53691.0
1988,npl,235538.0
1988,nzl,50745.0
1988,omn,30329.0
1988,pan,50108.0
1988,per,503382.0
1988,phl,1349355.0
1988,png,53945.0
1988,pol,652718.0
1988,pry,74640.0
1988,pyf,4553.0
1988,qat,5718.0
1988,rwa,96793.0
1988,sen,99531.0
1988,sgp,38832.0
1988,slv,100413.0
1988,smr,273.0
1988,sur,9693.0
1988,swe,99100.0
1988,swz,18574.0
1988,syc,1501.0
1988,syr,334275.0
1988,tcd,30531.0
1988,tgo,60570.0
1988,tha,1135832.0
1988,tto,23367.0
1988,tun,210737.0
1988,tur,1350589.0
1988,tza,353635.0
1988,uga,269000.0
1988,ury,57184.0
1988,ven,412528.0
1988,vnm,1301861.0
1988,zar,548846.0
1988,zmb,186710.0
1988,zwe,291062.0
1989,arb,4282847.5
1989,eap,30814904.0
1989,eas,33743428.0
1989,eca,1334456.0
1989,ecs,5843206.5
1989,emu,3000321.25
1989,euu,4405792.5
1989,fcs,4020338.0
1989,hic,12105816.0
1989,hpc,4530109.5
1989,lac,5734398.5
1989,lcn,6152540.5
1989,ldc,6284211.5
1989,lic,6070407.0
1989,lmc,28638564.0
1989,lmy,67708840.0
1989,mea,5311284.0
1989,mic,61638436.0
1989,mna,4899605.5
1989,nac,3834743.75
1989,noc,633305.3125
1989,oec,11472510.0
1989,oed,14805559.0
1989,sas,17099852.0
1989,ssa,7825626.5
1989,ssf,7829601.5
1989,umc,32999872.0
1989,wld,79814656.0
1989,afg,77061.0
1989,are,28550.0
1989,asm,972.0
1989,aus,237050.0
1989,bdi,78045.0
1989,ben,55702.0
1989,bfa,56772.0
1989,bgd,1364163.0
1989,bhr,10045.0
1989,blr,141600.0
1989,blz,4933.0
1989,bol,134655.0
1989,brb,3924.0
1989,bwa,34524.0
1989,caf,33754.0
1989,can,375670.0
1989,che,51635.0
1989,chl,260005.0
1989,chn,21147000.0
1989,civ,179762.0
1989,cog,70382.0
1989,col,574978.0
1989,cpv,6892.0
1989,cri,57862.0
1989,cub,146352.0
1989,cyp,9047.0
1989,dji,4067.0
1989,dnk,62755.0
1989,dza,584395.0
1989,egy,1045826.0
1989,eri,16283.0
1989,esp,715931.0
1989,eth,284999.0
1989,fin,65540.0
1989,fra,782718.0
1989,gab,21468.0
1989,gha,242128.0
1989,gin,41040.0
1989,gmb,11756.0
1989,gnb,5670.0
1989,grc,144428.0
1989,guy,19273.0
1989,hkg,88484.0
1989,idn,4520409.0
1989,irl,69685.0
1989,irn,1355770.0
1989,irq,506074.0
1989,isr,89982.0
1989,ita,716227.0
1989,jam,54836.0
1989,jor,96753.0
1989,jpn,1734123.0
1989,ken,618421.0
1989,khm,150522.0
1989,kir,1641.0
1989,kna,1003.0
1989,kor,768677.0
1989,lca,3611.0
1989,lka,386583.0
1989,lso,39775.0
1989,mar,338413.0
1989,mdg,164970.0
1989,mex,2140193.0
1989,mlt,5885.0
1989,moz,120224.0
1989,mrt,20576.0
1989,mus,24087.0
1989,mwi,99522.0
1989,mys,370661.0
1989,nam,37882.0
1989,ncl,3961.0
1989,ner,41202.0
1989,nga,1718542.0
1989,nic,52545.0
1989,nor,51661.0
1989,nzl,50237.0
1989,omn,34576.0
1989,pan,50202.0
1989,phl,1397256.0
1989,png,56914.0
1989,pol,646678.0
1989,pry,77298.0
1989,pyf,4582.0
1989,qat,6248.0
1989,rwa,102065.0
1989,sen,101480.0
1989,sgp,39381.0
1989,slv,100155.0
1989,smr,291.0
1989,sur,10178.0
1989,swe,96810.0
1989,swz,18784.0
1989,syc,1638.0
1989,syr,343306.0
1989,tcd,37357.0
1989,tgo,65745.0
1989,tha,1122215.0
1989,tto,24568.0
1989,tun,216821.0
1989,tur,1192856.0
1989,tza,443729.0
1989,uga,261452.0
1989,ury,57134.0
1989,ven,417992.0
1989,vut,3840.0
1989,zaf,872903.0
1989,zwe,280374.0
1990,arb,4455330.5
1990,eap,29979568.0
1990,eas,32850088.0
1990,eca,1363406.0
1990,ecs,5832261.5
1990,emu,2950285.5
1990,euu,4364581.5
1990,fcs,4111864.75
1990,hic,12104848.0
1990,hpc,4616352.0
1990,lac,5800291.0
1990,lcn,6219947.5
1990,ldc,6529746.0
1990,lic,6278928.5
1990,lmc,29494956.0
1990,lmy,68198528.0
1990,mea,5602789.5
1990,mic,61919604.0
1990,mna,5168388.5
1990,nac,3907236.25
1990,noc,661934.1875
1990,oec,11442914.0
1990,oed,14768787.0
1990,sas,17845508.0
1990,ssa,8041369.0
1990,ssf,8045548.0
1990,umc,32424646.0
1990,wld,80303376.0
1990,are,31820.0
1990,asm,1059.0
1990,aus,239719.0
1990,bdi,83930.0
1990,ben,41617.0
1990,bfa,58828.0
1990,bgd,1511247.0
1990,bhr,10611.0
1990,bhs,5085.0
1990,blr,143600.0
1990,blz,5122.0
1990,bol,141872.0
1990,brb,3902.0
1990,bwa,35304.0
1990,caf,36592.0
1990,can,376516.0
1990,che,52450.0
1990,chl,262371.0
1990,chn,20298000.0
1990,civ,186571.0
1990,cmr,266757.0
1990,cog,72569.0
1990,col,611557.0
1990,cpv,7339.0
1990,cri,62620.0
1990,cub,141271.0
1990,cyp,9934.0
1990,dji,4254.0
1990,dma,1680.0
1990,dnk,62252.0
1990,dza,618270.0
1990,eri,14844.0
1990,esp,681229.0
1990,eth,284421.0
1990,fin,64603.0
1990,fra,791947.0
1990,gin,35563.0
1990,grc,146213.0
1990,hkg,88900.0
1990,idn,4388242.0
1990,irl,70596.0
1990,irn,1480275.0
1990,isr,86178.0
1990,ita,691878.0
1990,jam,53774.0
1990,jor,101006.0
1990,jpn,1681105.0
1990,ken,618593.0
1990,kir,1755.0
1990,kor,757569.0
1990,lao,55512.0
1990,lca,3635.0
1990,lka,400605.0
1990,lso,41370.0
1990,mac,5125.0
1990,mar,352503.0
1990,mdg,159589.0
1990,mex,2106067.0
1990,mlt,5923.0
1990,moz,123462.0
1990,mrt,21577.0
1990,mus,23850.0
1990,mwi,112002.0
1990,mys,387651.0
1990,nam,38038.0
1990,ncl,4122.0
1990,ner,43534.0
1990,nga,1856767.0
1990,nic,55529.0
1990,nor,52243.0
1990,nzl,51806.0
1990,omn,38177.0
1990,pan,51642.0
1990,phl,1456921.0
1990,png,53195.0
1990,pol,644108.0
1990,pry,82900.0
1990,pyf,4574.0
1990,qat,6219.0
1990,rwa,109231.0
1990,sen,102330.0
1990,sgp,40257.0
1990,slb,7193.0
1990,smr,254.0
1990,swe,94340.0
1990,swz,19532.0
1990,syr,353437.0
1990,tcd,46162.0
1990,tgo,69582.0
1990,tha,1122954.0
1990,ton,2564.0
1990,tto,24581.0
1990,tun,213727.0
1990,tur,1219806.0
1990,tuv,184.0
1990,tza,408035.0
1990,uga,272141.0
1990,ury,56577.0
1990,usa,3530000.0
1990,ven,430118.0
1990,zaf,902706.0
1990,zwe,266269.0
1991,arb,4620417.5
1991,eap,29989456.0
1991,eas,32898866.0
1991,eca,1260479.0
1991,ecs,5721087.5
1991,emu,2909190.75
1991,euu,4354544.5
1991,fcs,4264748.0
1991,hic,12283456.0
1991,hpc,4818315.0
1991,lac,5887424.5
1991,lcn,6308909.5
1991,ldc,6818393.5
1991,lic,6596012.5
1991,lmc,30411906.0
1991,lmy,69471672.0
1991,mea,5909159.0
1991,mic,62875656.0
1991,mna,5442939.0
1991,nac,4021120.75
1991,noc,692006.9375
1991,oec,11591449.0
1991,oed,14959084.0
1991,sas,18460520.0
1991,ssa,8430852.0
1991,ssf,8435463.0
1991,umc,32463752.0
1991,wld,81755128.0
1991,are,34907.0
1991,arg,692465.0
1991,aus,247889.0
1991,bdi,96235.0
1991,bel,121120.0
1991,ben,49301.0
1991,bfa,64774.0
1991,bhr,10694.0
1991,bhs,5110.0
1991,blz,5311.0
1991,bol,151835.0
1991,brn,6357.0
1991,bwa,37961.0
1991,caf,34590.0
1991,can,388377.0
1991,che,54437.0
1991,chl,265556.0
1991,chn,20175000.0
1991,civ,188349.0
1991,cmr,277163.0
1991,cog,70169.0
1991,col,613704.0
1991,cri,65057.0
1991,cub,132828.0
1991,cyp,10290.0
1991,dji,4369.0
1991,dma,1776.0
1991,dnk,59850.0
1991,dom,127125.0
1991,dza,652092.0
1991,eri,14786.0
1991,esp,652780.0
1991,eth,289289.0
1991,fin,64445.0
1991,fji,20115.0
1991,fra,820841.0
1991,gha,275640.0
1991,gin,37009.0
1991,grc,144639.0
1991,gtm,125634.0
1991,guy,17531.0
1991,hkg,89194.0
1991,hnd,102022.0
1991,idn,4373707.0
1991,irl,71307.0
1991,irn,1618550.0
1991,isr,88700.0
1991,ita,650907.0
1991,jam,53993.0
1991,jor,104855.0
1991,jpn,1622848.0
1991,ken,640267.0
1991,kir,1749.0
1991,kor,846379.0
1991,lca,3668.0
1991,lka,413546.0
1991,lso,42620.0
1991,mar,348767.0
1991,mco,324.0
1991,mdg,158536.0
1991,mex,2107156.0
1991,mlt,5948.0
1991,moz,123908.0
1991,mrt,20528.0
1991,mus,22759.0
1991,mwi,122604.0
1991,mys,401191.0
1991,nam,39608.0
1991,ncl,4277.0
1991,ner,50464.0
1991,nga,1988983.0
1991,nic,62920.0
1991,nor,52051.0
1991,npl,287022.0
1991,nzl,50654.0
1991,omn,39968.0
1991,phl,1506971.0
1991,png,54372.0
1991,pol,655513.0
1991,pry,90011.0
1991,pyf,4699.0
1991,qat,6485.0
1991,rwa,117956.0
1991,sen,103547.0
1991,sgp,40639.0
1991,slb,7359.0
1991,slv,100474.0
1991,smr,253.0
1991,swe,97388.0
1991,swz,20620.0
1991,syc,1642.0
1991,syr,380248.0
1991,tcd,49612.0
1991,tgo,77762.0
1991,tha,1114556.0
1991,ton,2664.0
1991,tto,26076.0
1991,tun,207100.0
1991,tur,1260479.0
1991,tza,434930.0
1991,uga,292338.0
1991,ury,54377.0
1991,usa,3632000.0
1991,ven,456490.0
1991,vir,1781.0
1991,vut,4050.0
1991,zaf,941444.0
1991,zar,576444.0
1991,zwe,293356.0
1992,arb,4759401.5
1992,eap,29613386.0
1992,eas,32458068.0
1992,eca,1348792.0
1992,ecs,5776362.5
1992,emu,2860249.0
1992,euu,4319899.5
1992,fcs,4345025.0
1992,hic,12274082.0
1992,hpc,4909381.0
1992,lac,6033613.0
1992,lcn,6463316.5
1992,ldc,7005582.0
1992,lic,6783865.0
1992,lmc,31470278.0
1992,lmy,70507488.0
1992,mea,6184699.0
1992,mic,63723624.0
1992,mna,5679563.5
1992,nac,4061908.5
1992,noc,733883.25
1992,oec,11540198.0
1992,oed,15000000.0
1992,sas,19109026.0
1992,ssa,8723109.0
1992,ssf,8728190.0
1992,umc,32253346.0
1992,wld,82781568.0
1992,are,35647.0
1992,asm,912.0
1992,atg,1248.0
1992,aus,253780.0
1992,bdi,103990.0
1992,bel,120668.0
1992,ben,54857.0
1992,bfa,69550.0
1992,bhr,10675.0
1992,bhs,5310.0
1992,blz,5459.0
1992,bol,155587.0
1992,brb,3707.0
1992,brn,6591.0
1992,bwa,40430.0
1992,caf,28784.0
1992,can,391524.0
1992,che,56433.0
1992,chl,275032.0
1992,chn,19546000.0
1992,civ,199584.0
1992,cog,69932.0
1992,col,691114.0
1992,com,8973.0
1992,cri,67219.0
1992,cub,130090.0
1992,cyp,10050.0
1992,dji,4602.0
1992,dma,1669.0
1992,dnk,58081.0
1992,dom,126067.0
1992,dza,665747.0
1992,eri,19502.0
1992,esp,615370.0
1992,eth,252615.0
1992,fin,63835.0
1992,fji,19934.0
1992,fra,837290.0
1992,gab,21500.0
1992,gha,288363.0
1992,gin,42991.0
1992,gmb,11856.0
1992,grc,136829.0
1992,guy,16615.0
1992,hkg,90406.0
1992,hnd,110083.0
1992,idn,4495302.0
1992,irl,71506.0
1992,irn,1749912.0
1992,isr,94846.0
1992,ita,633448.0
1992,jor,110968.0
1992,jpn,1545888.0
1992,ken,659412.0
1992,kir,1885.0
1992,kna,983.0
1992,kor,842980.0
1992,lao,56315.0
1992,lca,3907.0
1992,lka,410125.0
1992,lso,43684.0
1992,mac,5664.0
1992,mar,358217.0
1992,mco,333.0
1992,mdg,145062.0
1992,mdv,7465.0
1992,mex,2111010.0
1992,mlt,6060.0
1992,moz,121196.0
1992,mrt,21533.0
1992,mus,21016.0
1992,mwi,134431.0
1992,mys,419563.0
1992,nam,39380.0
1992,ner,52062.0
1992,nga,2160444.0
1992,nic,68319.0
1992,nor,51788.0
1992,npl,319748.0
1992,nzl,50247.0
1992,omn,43088.0
1992,per,546236.0
1992,phl,1525908.0
1992,png,57308.0
1992,pol,656839.0
1992,pry,97188.0
1992,qat,6151.0
1992,rwa,125468.0
1992,sen,107749.0
1992,sgp,49126.0
1992,slb,7811.0
1992,slv,102449.0
1992,smr,231.0
1992,swe,99392.0
1992,swz,21769.0
1992,syc,1600.0
1992,syr,366468.0
1992,tcd,53114.0
1992,tgo,82107.0
1992,ton,2930.0
1992,tto,26189.0
1992,tun,217162.0
1992,tur,1348792.0
1992,tza,451246.0
1992,uga,277895.0
1992,ury,53820.0
1992,ven,467992.0
1992,vut,3850.0
1992,zar,584132.0
1992,zwe,300705.0
1993,arb,4918259.0
1993,eap,30267118.0
1993,eas,33105768.0
1993,eca,1272330.0
1993,ecs,5670801.0
1993,emu,2809344.5
1993,euu,4283814.5
1993,fcs,4524337.0
1993,hic,12307524.0
1993,hpc,5064381.0
1993,lac,6138777.5
1993,lcn,6561847.5
1993,ldc,7240976.5
1993,lic,7032207.0
1993,lmc,32557730.0
1993,lmy,72455736.0
1993,mea,6429498.5
1993,mic,65423528.0
1993,mna,5890825.5
1993,nac,4103064.25
1993,noc,760794.3125
1993,oec,11546730.0
1993,oed,14944009.0
1993,sas,19759206.0
1993,ssa,9127479.0
1993,ssf,9133074.0
1993,umc,32865798.0
1993,wld,84763256.0
1993,afg,126324.0
1993,are,37492.0
1993,aus,258288.0
1993,bdi,106239.0
1993,bel,122117.0
1993,ben,64826.0
1993,bfa,56498.0
1993,bhr,11034.0
1993,bhs,5280.0
1993,blz,5596.0
1993,bol,162457.0
1993,brn,6580.0
1993,btn,5848.0
1993,bwa,41565.0
1993,can,394993.0
1993,che,63608.0
1993,chl,269460.0
1993,chn,20023000.0
1993,civ,199747.0
1993,cog,69655.0
1993,col,694929.0
1993,com,8836.0
1993,cri,68658.0
1993,cub,150396.0
1993,cyp,11045.0
1993,dji,4276.0
1993,dma,1892.0
1993,dnk,53617.0
1993,dom,136997.0
1993,dza,666823.0
1993,ecu,277562.0
1993,eri,18875.0
1993,esp,590726.0
1993,eth,207945.0
1993,fin,64424.0
1993,fra,830674.0
1993,gha,300689.0
1993,gin,48524.0
1993,gmb,11958.0
1993,grd,2946.0
1993,gtm,142083.0
1993,guy,15954.0
1993,hkg,89349.0
1993,hnd,116353.0
1993,idn,4579786.0
1993,ind,15562350.0
1993,irl,70363.0
1993,irn,1838759.0
1993,irq,483904.0
1993,isr,94204.0
1993,jam,53437.0
1993,jor,113828.0
1993,ken,676585.0
1993,kir,2005.0
1993,kor,853168.0
1993,lao,61488.0
1993,lca,4083.0
1993,lka,404641.0
1993,lso,44011.0
1993,mac,5924.0
1993,mar,365606.0
1993,mdg,151089.0
1993,mdv,8939.0
1993,mex,2124949.0
1993,mlt,6088.0
1993,moz,122659.0
1993,mrt,23785.0
1993,mus,19742.0
1993,mwi,144366.0
1993,mys,427634.0
1993,nam,39954.0
1993,ner,55939.0
1993,nga,2371403.0
1993,nic,74571.0
1993,nor,51591.0
1993,nzl,50516.0
1993,omn,42853.0
1993,per,546613.0
1993,phl,1522839.0
1993,png,63532.0
1993,pol,653409.0
1993,prt,170886.0
1993,pry,103491.0
1993,pyf,5235.0
1993,qat,6232.0
1993,sen,105258.0
1993,sgp,42176.0
1993,slb,8036.0
1993,slv,106334.0
1993,smr,251.0
1993,swe,100842.0
1993,swz,23358.0
1993,syc,1554.0
1993,syr,386930.0
1993,tha,1132253.0
1993,ton,2114.0
1993,tto,26636.0
1993,tun,221993.0
1993,tur,1272330.0
1993,tuv,197.0
1993,tza,480432.0
1993,ury,53103.0
1993,usa,3707285.0
1993,ven,471920.0
1993,vir,2333.0
1993,vut,4105.0
1993,zar,649046.0
1993,zwe,321820.0
1994,arb,5126461.5
1994,eap,30920340.0
1994,eas,33707664.0
1994,eca,1277578.0
1994,ecs,5618269.0
1994,emu,2719166.25
1994,euu,4223393.0
1994,fcs,4606152.5
1994,hic,12259397.0
1994,hpc,5171430.0
1994,lac,6230180.0
1994,lcn,6647911.0
1994,ldc,7402669.5
1994,lic,7154861.5
1994,lmc,33958832.0
1994,lmy,74632168.0
1994,mea,6651758.0
1994,mic,67477312.0
1994,mna,6075461.5
1994,nac,4131194.75
1994,noc,791197.6875
1994,oec,11468199.0
1994,oed,14923619.0
1994,sas,20808924.0
1994,ssa,9319686.0
1994,ssf,9325845.0
1994,umc,33518478.0
1994,wld,86891568.0
1994,are,39919.0
1994,arg,693002.0
1994,aus,256723.0
1994,bel,119788.0
1994,ben,76729.0
1994,bfa,61024.0
1994,bhr,11376.0
1994,bhs,5292.0
1994,blz,5779.0
1994,bol,169093.0
1994,brn,6739.0
1994,btn,7187.0
1994,bwa,42015.0
1994,can,397760.0
1994,che,65603.0
1994,chn,20561000.0
1994,civ,208760.0
1994,cog,70151.0
1994,col,706546.0
1994,com,9626.0
1994,cpv,10192.0
1994,cri,70189.0
1994,cub,153362.0
1994,cyp,10915.0
1994,dji,4549.0
1994,dma,1794.0
1994,dnk,54169.0
1994,dom,129097.0
1994,dza,694887.0
1994,ecu,254205.0
1994,eri,20436.0
1994,esp,556968.0
1994,eth,212979.0
1994,fin,66862.0
1994,fji,20123.0
1994,fra,799003.0
1994,gha,317330.0
1994,gin,51762.0
1994,gmb,13231.0
1994,gnq,6159.0
1994,hkg,87521.0
1994,hnd,119710.0
1994,idn,4617528.0
1994,ind,16458249.0
1994,irl,68987.0
1994,irn,1852588.0
1994,isl,4294.0
1994,isr,97408.0
1994,ita,604217.0
1994,jor,114989.0
1994,jpn,1517807.0
1994,ken,666967.0
1994,khm,162693.0
1994,kir,1979.0
1994,kor,820453.0
1994,lao,67474.0
1994,lka,402488.0
1994,lso,45457.0
1994,mar,381908.0
1994,mco,364.0
1994,mdg,154241.0
1994,mex,2177842.0
1994,mlt,5796.0
1994,moz,126840.0
1994,mrt,25453.0
1994,mus,19184.0
1994,mwi,147328.0
1994,mys,429446.0
1994,nam,43363.0
1994,nga,2457996.0
1994,nic,78965.0
1994,nor,51938.0
1994,nzl,51560.0
1994,omn,44605.0
1994,phl,1589948.0
1994,png,65997.0
1994,pol,676253.0
1994,prt,162412.0
1994,pry,108295.0
1994,qat,6022.0
1994,sen,110893.0
1994,sgp,40238.0
1994,slb,7988.0
1994,smr,257.0
1994,swe,100563.0
1994,swz,24696.0
1994,syc,1716.0
1994,syr,400047.0
1994,tca,207.0
1994,tcd,48307.0
1994,tgo,78349.0
1994,tto,27026.0
1994,tun,241056.0
1994,tur,1277578.0
1994,tuv,244.0
1994,tza,463877.0
1994,ury,52234.0
1994,usa,3732619.0
1994,vct,3268.0
1994,vut,4230.0
1994,wsm,4134.0
1994,zaf,1050674.0
1994,zar,634380.0
1994,zmb,203051.0
1995,arb,5313365.5
1995,eap,30508054.0
1995,eas,33205112.0
1995,eca,1254255.0
1995,ecs,5536121.0
1995,emu,2643217.25
1995,euu,4160323.75
1995,fcs,4767815.0
1995,hic,12273994.0
1995,hpc,5559252.5
1995,lac,6369980.0
1995,lcn,6781896.0
1995,ldc,7890159.5
1995,lic,7603670.0
1995,lmc,34668816.0
1995,lmy,75482984.0
1995,mea,6957133.0
1995,mic,67879320.0
1995,mna,6351413.5
1995,nac,4270956.5
1995,noc,810553.5
1995,oec,11463440.0
1995,oed,14922509.0
1995,sas,21274098.0
1995,ssa,9725186.0
1995,ssf,9731664.0
1995,umc,33210500.0
1995,wld,87756976.0
1995,afg,167137.0
1995,are,40820.0
1995,atg,1593.0
1995,ben,86956.0
1995,bfa,88480.0
1995,bhr,11837.0
1995,blz,6061.0
1995,bmu,848.0
1995,bol,175849.0
1995,brn,6819.0
1995,bwa,43597.0
1995,chn,20046092.0
1995,civ,216080.0
1995,cog,72786.0
1995,col,745556.0
1995,cri,75574.0
1995,cub,154241.0
1995,cyp,10839.0
1995,dji,4644.0
1995,dma,1674.0
1995,dnk,52695.0
1995,dom,138989.0
1995,dza,733025.0
1995,ecu,255439.0
1995,eri,23782.0
1995,esp,521351.0
1995,est,20079.0
1995,eth,232970.0
1995,fin,67446.0
1995,fji,19912.0
1995,fra,789133.0
1995,gab,29053.0
1995,gha,323613.0
1995,gin,58580.0
1995,gmb,16066.0
1995,gtm,152472.0
1995,guy,15641.0
1995,hkg,82484.0
1995,hnd,122785.0
1995,idn,4647576.0
1995,ind,16766218.0
1995,irl,65437.0
1995,irn,1966467.0
1995,isl,4062.0
1995,isr,104477.0
1995,ita,583845.0
1995,jpn,1507931.0
1995,ken,663230.0
1995,khm,197911.0
1995,kir,2034.0
1995,kor,742700.0
1995,lka,402888.0
1995,lso,46971.0
1995,mar,400654.0
1995,mco,373.0
1995,mdg,147697.0
1995,mex,2204814.0
1995,mlt,5770.0
1995,moz,134367.0
1995,mrt,27792.0
1995,mus,18329.0
1995,mwi,215543.0
1995,nam,46966.0
1995,ner,55962.0
1995,nic,82833.0
1995,nor,51026.0
1995,nzl,53610.0
1995,omn,47271.0
1995,per,578454.0
1995,phl,1599974.0
1995,png,68327.0
1995,pol,685702.0
1995,pry,114712.0
1995,pyf,5670.0
1995,qat,5149.0
1995,sen,117693.0
1995,sgp,41282.0
1995,slb,8879.0
1995,slv,115237.0
1995,swe,100779.0
1995,swz,25969.0
1995,syc,1749.0
1995,syr,410767.0
1995,tcd,49134.0
1995,tgo,88870.0
1995,tto,27101.0
1995,tun,240456.0
1995,tur,1254255.0
1995,tza,528272.0
1995,uga,328067.0
1995,ury,52828.0
1995,usa,3864524.0
1995,wsm,4309.0
1995,zar,714219.0
1995,zmb,205775.0
1995,zwe,331999.0
1996,arb,5460093.0
1996,eap,30541068.0
1996,eas,33101252.0
1996,eca,1266781.25
1996,ecs,5483122.5
1996,emu,2583087.75
1996,euu,4089641.0
1996,fcs,4787679.0
1996,hic,12144015.0
1996,hpc,5607304.0
1996,lac,6493194.5
1996,lcn,6897963.0
1996,ldc,7985656.5
1996,lic,7680468.0
1996,lmc,35264248.0
1996,lmy,76266552.0
1996,mea,7068903.5
1996,mic,68586088.0
1996,mna,6455163.5
1996,nac,4342230.0
1996,noc,819651.9375
1996,oec,11324363.0
1996,oed,14809297.0
1996,sas,21717368.0
1996,ssa,9792978.0
1996,ssf,9799728.0
1996,umc,33321836.0
1996,wld,88410568.0
1996,alb,14803.0
1996,are,41520.0
1996,arg,701622.0
1996,aus,256026.0
1996,ben,93554.0
1996,bfa,80387.0
1996,bhr,11754.0
1996,blz,6040.0
1996,bol,182419.0
1996,bwa,43680.0
1996,can,412143.0
1996,che,75825.0
1996,chl,252974.0
1996,chn,20072886.0
1996,civ,217708.0
1996,cog,68170.0
1996,col,749403.0
1996,com,9033.0
1996,cri,78892.0
1996,cub,180843.0
1996,cyp,10782.0
1996,dji,4811.0
1996,dnk,53709.0
1996,dom,142002.0
1996,dza,751125.0
1996,ecu,262017.0
1996,eri,33002.0
1996,esp,486018.0
1996,est,19831.0
1996,eth,273268.0
1996,fin,66302.0
1996,fji,19825.0
1996,gab,30315.0
1996,gin,75679.0
1996,gmb,15823.0
1996,grc,116534.0
1996,gtm,158065.0
1996,guy,15116.0
1996,hkg,81173.0
1996,hnd,125002.0
1996,idn,4643498.0
1996,ind,17078900.0
1996,irl,63360.0
1996,irq,480077.0
1996,isl,3861.0
1996,isr,104028.0
1996,ita,578735.0
1996,jor,113679.0
1996,kir,2130.0
1996,kor,652896.0
1996,lao,87013.0
1996,lso,46661.0
1996,mar,420304.0
1996,mco,374.0
1996,mdg,154335.0
1996,mdv,11656.0
1996,mex,2232956.0
1996,mlt,5710.0
1996,mrt,31667.0
1996,mus,18246.0
1996,mwi,226389.0
1996,nam,52503.0
1996,ner,56977.0
1996,nic,86853.0
1996,nor,51499.0
1996,nzl,54488.0
1996,omn,49957.0
1996,phl,1609246.0
1996,png,67393.0
1996,pol,665134.0
1996,pry,116943.0
1996,pyf,5804.0
1996,qat,6044.0
1996,sen,119763.0
1996,slb,9226.0
1996,slv,113866.0
1996,smr,236.0
1996,swe,104496.0
1996,swz,26345.0
1996,syc,1657.0
1996,syr,410468.0
1996,tcd,48729.0
1996,tgo,93946.0
1996,tha,985624.0
1996,tto,26090.0
1996,tun,247319.0
1996,tza,463109.0
1996,uga,338336.0
1996,ury,53758.0
1996,usa,3929243.0
1996,ven,466922.0
1996,wsm,4389.0
1996,zwe,334451.0
1997,arb,5613493.5
1997,eap,31727192.0
1997,eas,34241368.0
1997,eca,1250632.75
1997,ecs,5535522.0
1997,emu,2514386.0
1997,euu,4155543.75
1997,fcs,4854961.5
1997,hic,12194921.0
1997,hpc,5925020.0
1997,lac,6671701.0
1997,lcn,7107087.0
1997,ldc,8347152.5
1997,lic,8017342.0
1997,lmc,35490768.0
1997,lmy,78129752.0
1997,mea,7172726.0
1997,mic,70112408.0
1997,mna,6560167.5
1997,nac,4340916.0
1997,noc,818188.8125
1997,oec,11376732.0
1997,oed,14917194.0
1997,sas,21792108.0
1997,ssa,10127953.0
1997,ssf,10134950.0
1997,umc,34621644.0
1997,wld,90324672.0
1997,are,41739.0
1997,arg,717233.0
1997,aus,255100.0
1997,ben,100386.0
1997,bhr,11944.0
1997,blz,6388.0
1997,bmu,836.0
1997,bol,188989.0
1997,brn,6934.0
1997,btn,10287.0
1997,chl,284260.0
1997,chn,21251840.0
1997,civ,227871.0
1997,cub,164960.0
1997,cyp,10760.0
1997,cze,133426.0
1997,dji,4998.0
1997,dom,143876.0
1997,dza,749392.0
1997,ecu,273881.0
1997,egy,1653082.0
1997,eri,37552.0
1997,esp,458067.0
1997,fin,63757.0
1997,fji,19579.0
1997,gab,32184.0
1997,gmb,16889.0
1997,grc,111692.0
1997,gtm,163666.0
1997,guy,15167.0
1997,hnd,128143.0
1997,hti,140991.0
1997,idn,4598162.0
1997,irn,1891199.0
1997,isl,3802.0
1997,ita,551923.0
1997,khm,150019.0
1997,kir,2107.0
1997,kor,646609.0
1997,lao,92342.0
1997,lbn,69198.0
1997,lca,3772.0
1997,lso,45874.0
1997,mar,443189.0
1997,mco,389.0
1997,mdv,12370.0
1997,mex,2289829.0
1997,mlt,5731.0
1997,mrt,37174.0
1997,mus,18931.0
1997,nam,54186.0
1997,ner,61777.0
1997,nor,52662.0
1997,nzl,57676.0
1997,omn,50918.0
1997,phl,1616678.0
1997,png,71064.0
1997,pol,656078.0
1997,pry,129875.0
1997,sen,127311.0
1997,slb,9602.0
1997,slv,119481.0
1997,smr,215.0
1997,swe,109797.0
1997,swz,27234.0
1997,syc,1589.0
1997,syr,418347.0
1997,tca,235.0
1997,tcd,54779.0
1997,tha,984713.0
1997,tto,25437.0
1997,tun,247439.0
1997,tza,530417.0
1997,uga,449281.0
1997,ury,54199.0
1997,ven,479509.0
1997,vut,4311.0
1997,wsm,4306.0
1998,arb,5762610.0
1998,eap,33824624.0
1998,eas,36271292.0
1998,eca,1248976.75
1998,ecs,5505452.0
1998,emu,2493243.5
1998,euu,4122986.25
1998,fcs,4937704.5
1998,hic,12113554.0
1998,hpc,6150218.0
1998,lac,6758238.5
1998,lcn,7203455.0
1998,ldc,8664033.0
1998,lic,8305123.0
1998,lmc,35745380.0
1998,lmy,80684416.0
1998,mea,7265741.0
1998,mic,72379288.0
1998,mna,6649463.0
1998,nac,4342251.5
1998,noc,824410.375
1998,oec,11289144.0
1998,oed,14792966.0
1998,sas,21842288.0
1998,ssa,10360825.0
1998,ssf,10367487.0
1998,umc,36633912.0
1998,wld,92797968.0
1998,ben,105519.0
1998,bol,211675.0
1998,cpv,11991.0
1998,cri,80585.0
1998,cub,175121.0
1998,gin,89251.0
1998,ind,16497650.0
1998,khm,183212.0
1998,lao,96872.0
1998,mdv,12133.0
1998,nic,86486.0
1998,sen,137535.0
1998,tcd,60815.0
1998,tgo,105676.0
1998,tha,950320.0
1998,zwe,341699.0
1999,arb,5892519.5
1999,eap,35429212.0
1999,eas,37852884.0
1999,eca,1246981.0
1999,ecs,5523174.5
1999,emu,2483026.75
1999,euu,4137176.5
1999,fcs,4971535.5
1999,hic,12194999.0
1999,hpc,6520229.5
1999,lac,6876336.0
1999,lcn,7327509.5
1999,ldc,9097698.0
1999,lic,8724272.0
1999,lmc,36034000.0
1999,lmy,82901552.0
1999,mea,7332528.5
1999,mic,74177280.0
1999,mna,6708797.5
1999,nac,4413387.5
1999,noc,836801.1875
1999,oec,11358198.0
1999,oed,14868906.0
1999,sas,21855302.0
1999,ssa,10784922.0
1999,ssf,10791762.0
1999,umc,38143276.0
1999,wld,95096552.0
1999,abw,1355.0
1999,are,45054.0
1999,arg,720744.0
1999,aus,258121.0
1999,bfa,101206.0
1999,bhr,12218.0
1999,bhs,5341.0
1999,blz,6620.0
1999,bol,211675.0
1999,brb,3934.0
1999,brn,7633.0
1999,btn,10527.0
1999,bwa,43806.0
1999,can,392607.0
1999,che,80701.0
1999,chl,299637.0
1999,civ,261802.0
1999,cmr,291085.0
1999,cog,39914.0
1999,col,827406.0
1999,com,10129.0
1999,cri,83402.0
1999,cub,176323.0
1999,cym,453.0
1999,cyp,10819.0
1999,cze,130912.0
1999,dji,5510.0
1999,dma,1654.0
1999,dnk,58468.0
1999,dom,167872.0
1999,dza,757187.0
1999,ecu,283628.0
1999,egy,1795092.0
1999,eri,38516.0
1999,esp,430241.0
1999,est,21463.0
1999,eth,466222.0
1999,fin,60827.0
1999,fji,18150.0
1999,fra,771774.0
1999,gha,345934.0
1999,gin,96245.0
1999,gmb,22911.0
1999,grd,3166.0
1999,gtm,185860.0
1999,guy,17466.0
1999,idn,4562931.0
1999,ind,16841976.0
1999,irl,54539.0
1999,irq,563873.0
1999,isl,4538.0
1999,isr,108570.0
1999,ita,564421.0
1999,jor,116705.0
1999,jpn,1331633.0
1999,ken,695427.0
1999,khm,200779.0
1999,kir,2251.0
1999,kor,623038.0
1999,lao,105470.0
1999,lbn,80695.0
1999,lca,3601.0
1999,lso,46139.0
1999,lux,4796.0
1999,mac,8493.0
1999,mar,466974.0
1999,mdg,173278.0
1999,mdv,11663.0
1999,mex,2263727.0
1999,mhl,1413.0
1999,mli,134284.0
1999,mlt,5909.0
1999,mmr,715680.0
1999,moz,188192.0
1999,mrt,43605.0
1999,mus,21104.0
1999,mwi,289251.0
1999,nam,59415.0
1999,ner,65444.0
1999,nga,2644008.0
1999,nic,94037.0
1999,nld,191194.0
1999,nor,58344.0
1999,npl,431466.0
1999,nzl,60655.0
1999,omn,49936.0
1999,pan,60077.0
1999,per,681235.0
1999,phl,1783590.0
1999,pol,584618.0
1999,pry,133353.0
1999,qat,10327.0
1999,rwa,123953.0
1999,stp,2556.0
1999,swe,111125.0
1999,swz,27696.0
1999,syc,1585.0
1999,syr,423085.0
1999,tca,267.0
1999,tcd,67446.0
1999,tgo,127164.0
1999,tha,960456.0
1999,ton,2587.0
1999,tto,23836.0
1999,tun,242411.0
1999,tur,1246981.0
1999,tza,534047.0
1999,uga,654951.0
1999,ury,55838.0
1999,usa,4019905.0
1999,ven,490487.0
1999,vnm,1814495.0
1999,vut,4881.0
1999,wsm,4304.0
1999,yem,339007.0
1999,zaf,1083480.0
1999,zar,537957.0
1999,zmb,202435.0
1999,zwe,330847.0
2000,arb,5926479.5
2000,eap,36467000.0
2000,eas,38895408.0
2000,eca,1246317.0
2000,ecs,5489224.5
2000,emu,2476445.25
2000,euu,4099433.5
2000,fcs,5183701.5
2000,hic,12290062.0
2000,hpc,7037554.0
2000,lac,6965355.0
2000,lcn,7430023.5
2000,ldc,9676832.0
2000,lic,9299285.0
2000,lmc,37184100.0
2000,lmy,85544448.0
2000,mea,7276705.0
2000,mic,76245160.0
2000,mna,6638329.5
2000,nac,4508792.0
2000,noc,851314.1875
2000,oec,11438747.0
2000,oed,14950609.0
2000,sas,22785160.0
2000,ssa,11442286.0
2000,ssf,11449196.0
2000,umc,39061064.0
2000,wld,97834512.0
2000,abw,1389.0
2000,are,44704.0
2000,arg,727214.0
2000,aus,267499.0
2000,bdi,78002.0
2000,ben,117199.0
2000,bfa,110876.0
2000,bhr,12604.0
2000,blz,6849.0
2000,bol,220184.0
2000,brb,4274.0
2000,btn,11389.0
2000,bwa,44447.0
2000,can,405445.0
2000,che,83157.0
2000,chl,312184.0
2000,civ,269495.0
2000,cmr,305188.0
2000,col,838813.0
2000,cpv,12938.0
2000,cri,86826.0
2000,cub,173859.0
2000,cym,523.0
2000,cyp,10560.0
2000,cze,129705.0
2000,dji,5712.0
2000,dma,1572.0
2000,dnk,61100.0
2000,dom,188213.0
2000,dza,784425.0
2000,ecu,286989.0
2000,egy,1754990.0
2000,eri,41677.0
2000,esp,421259.0
2000,est,22503.0
2000,eth,576199.0
2000,fin,63941.0
2000,fji,18031.0
2000,fra,768534.0
2000,gha,376346.0
2000,gin,102143.0
2000,gmb,23483.0
2000,gnb,15532.0
2000,gnq,6910.0
2000,gtm,203877.0
2000,guy,17263.0
2000,hnd,139569.0
2000,ind,17668740.0
2000,irl,54505.0
2000,irn,1695530.0
2000,irq,569427.0
2000,isl,4432.0
2000,isr,113893.0
2000,ita,565060.0
2000,jam,45696.0
2000,jor,116491.0
2000,jpn,1306062.0
2000,ken,727988.0
2000,khm,217167.0
2000,kir,2388.0
2000,kna,1049.0
2000,kor,638092.0
2000,lao,106178.0
2000,lbn,77243.0
2000,lbr,23268.0
2000,lca,3515.0
2000,lso,47256.0
2000,lux,5051.0
2000,mac,8810.0
2000,mar,478962.0
2000,mdg,196239.0
2000,mdv,11627.0
2000,mex,2265545.0
2000,mli,142356.0
2000,mlt,5769.0
2000,mmr,765877.0
2000,moz,217346.0
2000,mus,21726.0
2000,mwi,302410.0
2000,nam,60531.0
2000,ner,68855.0
2000,nga,2782053.0
2000,nic,96362.0
2000,nld,194606.0
2000,nor,60407.0
2000,npl,450003.0
2000,nzl,61997.0
2000,omn,49686.0
2000,pan,60927.0
2000,per,662327.0
2000,plw,340.0
2000,png,80617.0
2000,pol,570935.0
2000,pry,137256.0
2000,qat,10340.0
2000,rwa,135602.0
2000,sen,153919.0
2000,slb,8524.0
2000,sle,62614.0
2000,slv,129141.0
2000,smr,228.0
2000,swe,117886.0
2000,swz,28284.0
2000,syc,1681.0
2000,syr,428023.0
2000,tca,283.0
2000,tcd,80280.0
2000,tgo,126506.0
2000,tha,947525.0
2000,ton,2515.0
2000,tto,23994.0
2000,tun,235172.0
2000,tur,1246317.0
2000,tza,571210.0
2000,uga,723132.0
2000,ury,55775.0
2000,usa,4102475.0
2000,ven,513587.0
2000,vnm,1826310.0
2000,vut,4944.0
2000,wsm,4136.0
2000,zaf,1076898.0
2000,zmb,205943.0
2001,arb,5970961.5
2001,eap,36292224.0
2001,eas,38659896.0
2001,eca,1273964.0
2001,ecs,5519442.5
2001,emu,2484999.75
2001,euu,4099343.5
2001,fcs,5416541.5
2001,hic,12397273.0
2001,hpc,7617301.0
2001,lac,7107007.5
2001,lcn,7566306.0
2001,ldc,10236587.0
2001,lic,9831522.0
2001,lmc,37671624.0
2001,lmy,86416120.0
2001,mea,7302397.5
2001,mic,76584600.0
2001,mna,6647810.5
2001,nac,4661429.0
2001,noc,872199.5
2001,oec,11525074.0
2001,oed,15108325.0
2001,sas,23190864.0
2001,ssa,11904248.0
2001,ssf,11913058.0
2001,umc,38912972.0
2001,wld,98813392.0
2001,abw,1444.0
2001,are,44881.0
2001,arg,758615.0
2001,aus,272068.0
2001,bdi,84535.0
2001,bel,121373.0
2001,ben,130501.0
2001,bfa,116728.0
2001,bhr,12843.0
2001,blz,7001.0
2001,bmu,863.0
2001,bol,227070.0
2001,brb,4129.0
2001,brn,7177.0
2001,btn,12256.0
2001,bwa,45439.0
2001,che,84067.0
2001,chn,25274594.0
2001,civ,299099.0
2001,cmr,348502.0
2001,cog,69064.0
2001,col,828306.0
2001,cpv,12940.0
2001,cri,87839.0
2001,cub,176395.0
2001,cym,572.0
2001,cyp,10762.0
2001,cze,127569.0
2001,dji,5966.0
2001,dma,1578.0
2001,dnk,63660.0
2001,dza,791272.0
2001,ecu,287251.0
2001,egy,1697332.0
2001,eri,40063.0
2001,esp,414936.0
2001,est,21780.0
2001,eth,686860.0
2001,fin,63910.0
2001,fji,18676.0
2001,gha,363976.0
2001,gin,109005.0
2001,gmb,24453.0
2001,gnq,8810.0
2001,gtm,217778.0
2001,guy,15844.0
2001,hkg,85037.0
2001,idn,4463654.0
2001,ind,17992836.0
2001,irl,54033.0
2001,irn,1692481.0
2001,isl,4754.0
2001,isr,111861.0
2001,ita,578034.0
2001,jam,50806.0
2001,jpn,1243636.0
2001,ken,744401.0
2001,khm,240334.0
2001,kir,2498.0
2001,kna,995.0
2001,kor,634962.0
2001,lao,107730.0
2001,lbn,77627.0
2001,lby,138099.0
2001,lca,3567.0
2001,lka,362592.0
2001,lso,46954.0
2001,lux,5358.0
2001,mac,8623.0
2001,mar,491229.0
2001,mdg,200827.0
2001,mdv,10288.0
2001,mex,2309287.0
2001,mli,162755.0
2001,mlt,5787.0
2001,mmr,750586.0
2001,moz,246486.0
2001,mrt,47518.0
2001,mus,21695.0
2001,mwi,322184.0
2001,nam,60527.0
2001,ner,75977.0
2001,nga,2661264.0
2001,nic,105956.0
2001,nld,202208.0
2001,nor,61761.0
2001,npl,454406.0
2001,nzl,60771.0
2001,omn,51382.0
2001,pak,2023246.0
2001,pan,61089.0
2001,per,663749.0
2001,phl,1925436.0
2001,png,82498.0
2001,pol,555721.0
2001,qat,10428.0
2001,rwa,145478.0
2001,sdn,387886.0
2001,sen,163103.0
2001,sle,78361.0
2001,slv,131682.0
2001,swe,121284.0
2001,swz,28490.0
2001,syc,1654.0
2001,syr,435332.0
2001,tca,322.0
2001,tcd,95406.0
2001,tgo,130489.0
2001,tha,958575.0
2001,tmp,17184.0
2001,ton,2499.0
2001,tto,23255.0
2001,tun,231704.0
2001,tur,1273964.0
2001,tuv,231.0
2001,tza,563159.0
2001,uga,832855.0
2001,ury,54903.0
2001,usa,4250551.0
2001,vct,2568.0
2001,ven,528354.0
2001,vnm,1942239.0
2001,vut,5239.0
2001,wsm,4480.0
2001,yem,370215.0
2001,zaf,1098862.0
2001,zmb,210422.0
2001,zwe,338633.0
2002,arb,6016907.0
2002,eap,35095700.0
2002,eas,37514204.0
2002,eca,1320838.0
2002,ecs,5590818.0
2002,emu,2473139.5
2002,euu,4122700.0
2002,fcs,5573093.5
2002,hic,12405873.0
2002,hpc,8114634.5
2002,lac,7195195.5
2002,lcn,7646976.5
2002,ldc,10813836.0
2002,lic,10382414.0
2002,lmc,38799824.0
2002,lmy,87009392.0
2002,mea,7266211.0
2002,mic,76626984.0
2002,mna,6594917.0
2002,nac,4585513.5
2002,noc,886689.875
2002,oec,11519184.0
2002,oed,15152996.0
2002,sas,24290022.0
2002,ssa,12512723.0
2002,ssf,12521524.0
2002,umc,37827160.0
2002,wld,99415272.0
2002,abw,1464.0
2002,ado,685.0
2002,are,45622.0
2002,arg,763870.0
2002,aus,279367.0
2002,bdi,96759.0
2002,bel,123102.0
2002,ben,148232.0
2002,bfa,121167.0
2002,bhr,13198.0
2002,blz,6906.0
2002,bmu,837.0
2002,bol,229810.0
2002,brb,4194.0
2002,brn,7556.0
2002,bwa,45218.0
2002,che,84823.0
2002,chl,302559.0
2002,cog,72918.0
2002,col,839788.0
2002,cpv,13230.0
2002,cri,87104.0
2002,cub,162433.0
2002,cym,590.0
2002,cyp,10847.0
2002,cze,131331.0
2002,dma,1615.0
2002,dnk,66955.0
2002,dom,207597.0
2002,dza,794151.0
2002,ecu,290455.0
2002,egy,1662960.0
2002,eri,42139.0
2002,esp,414587.0
2002,est,21205.0
2002,eth,802897.0
2002,fin,65962.0
2002,fji,19333.0
2002,gab,38347.0
2002,gha,385206.0
2002,gin,120476.0
2002,gmb,24551.0
2002,gnq,8801.0
2002,grd,2485.0
2002,gtm,236282.0
2002,hkg,85427.0
2002,idn,4452504.0
2002,ind,18933472.0
2002,irl,51960.0
2002,irn,1616139.0
2002,isl,4447.0
2002,isr,113702.0
2002,ita,568463.0
2002,jam,51250.0
2002,jor,120712.0
2002,jpn,1218676.0
2002,ken,789749.0
2002,khm,270190.0
2002,kir,2409.0
2002,kna,884.0
2002,kor,702017.0
2002,lao,110962.0
2002,lbn,79407.0
2002,lby,132339.0
2002,lca,3562.0
2002,lka,376052.0
2002,lso,45777.0
2002,lux,5371.0
2002,mac,8308.0
2002,mar,528099.0
2002,mdg,201456.0
2002,mdv,9894.0
2002,mex,2312974.0
2002,mli,181360.0
2002,mlt,5643.0
2002,mmr,753500.0
2002,moz,281253.0
2002,mrt,44513.0
2002,mus,22031.0
2002,mwi,306977.0
2002,mys,481990.0
2002,nam,59827.0
2002,ner,72664.0
2002,nga,2747326.0
2002,nic,111984.0
2002,nld,203510.0
2002,nor,62267.0
2002,npl,488612.0
2002,nzl,60439.0
2002,omn,51652.0
2002,pan,63122.0
2002,per,682725.0
2002,phl,1923800.0
2002,png,87644.0
2002,pol,548209.0
2002,pry,142355.0
2002,qat,10458.0
2002,rwa,148346.0
2002,sdn,396315.0
2002,sen,164815.0
2002,slb,9594.0
2002,slv,132403.0
2002,stp,3321.0
2002,swe,128112.0
2002,swz,28254.0
2002,syc,1626.0
2002,syr,407311.0
2002,tca,323.0
2002,tcd,109208.0
2002,tgo,136883.0
2002,tha,993734.0
2002,tun,229954.0
2002,tur,1320838.0
2002,tuv,214.0
2002,tza,582516.0
2002,uga,910690.0
2002,ury,53735.0
2002,usa,4169958.0
2002,ven,537880.0
2002,vnm,1894847.0
2002,wsm,4757.0
2002,yem,389218.0
2002,zaf,1142806.0
2002,zar,710418.0
2002,zmb,226697.0
2002,zwe,313798.0
2003,arb,5750274.5
2003,eap,34141836.0
2003,eas,36567628.0
2003,eca,1258890.0
2003,ecs,5489711.0
2003,emu,2465909.0
2003,euu,4081526.0
2003,fcs,5452871.5
2003,hic,12394996.0
2003,hpc,8643226.0
2003,lac,7275930.0
2003,lcn,7719131.0
2003,ldc,11493307.0
2003,lic,11040694.0
2003,lmc,39979936.0
2003,lmy,87543176.0
2003,mea,6825111.0
2003,mic,76502480.0
2003,mna,6126592.0
2003,nac,4588741.0
2003,noc,906439.75
2003,oec,11488556.0
2003,oed,15116590.0
2003,sas,25636946.0
2003,ssa,13102981.0
2003,ssf,13110902.0
2003,umc,36522548.0
2003,wld,99938168.0
2003,abw,1468.0
2003,ado,701.0
2003,afg,305715.0
2003,are,45611.0
2003,arg,737928.0
2003,aus,268677.0
2003,bdi,114852.0
2003,bel,120921.0
2003,ben,158776.0
2003,bfa,128072.0
2003,bhr,13658.0
2003,blz,7427.0
2003,bmu,764.0
2003,bol,233091.0
2003,brb,3893.0
2003,brn,7788.0
2003,btn,12939.0
2003,bwa,45394.0
2003,che,86720.0
2003,chl,295562.0
2003,cmr,374403.0
2003,cog,74272.0
2003,com,13496.0
2003,cpv,12928.0
2003,cub,150618.0
2003,cyp,10057.0
2003,cze,123524.0
2003,dma,1518.0
2003,dom,203397.0
2003,dza,804276.0
2003,ecu,297190.0
2003,egy,1633230.0
2003,eri,47728.0
2003,esp,418734.0
2003,est,18966.0
2003,eth,921293.0
2003,fin,65771.0
2003,fji,19266.0
2003,gab,38067.0
2003,gha,370830.0
2003,gin,128917.0
2003,gmb,26415.0
2003,gnq,7921.0
2003,grd,2463.0
2003,guy,17524.0
2003,hkg,85342.0
2003,hnd,164450.0
2003,idn,4503588.0
2003,ind,20156140.0
2003,irl,51226.0
2003,irn,1464934.0
2003,isl,4588.0
2003,isr,118806.0
2003,ita,571312.0
2003,jam,50613.0
2003,jor,124358.0
2003,jpn,1222094.0
2003,ken,849791.0
2003,khm,325466.0
2003,kir,2624.0
2003,kna,990.0
2003,kor,716522.0
2003,lao,112834.0
2003,lbn,80202.0
2003,lby,131899.0
2003,lca,3406.0
2003,lie,395.0
2003,lka,347335.0
2003,lso,43119.0
2003,lux,5354.0
2003,mac,7963.0
2003,mar,591756.0
2003,mdg,241629.0
2003,mdv,9283.0
2003,mex,2369144.0
2003,mhl,1039.0
2003,mli,191638.0
2003,mlt,5408.0
2003,mmr,770684.0
2003,mrt,42387.0
2003,mus,21545.0
2003,mys,503643.0
2003,nam,61360.0
2003,ner,96923.0
2003,nic,114424.0
2003,nld,201423.0
2003,nor,61993.0
2003,npl,530218.0
2003,nzl,59556.0
2003,omn,53347.0
2003,pak,2116582.0
2003,per,681332.0
2003,phl,1936109.0
2003,plw,379.0
2003,png,89792.0
2003,pol,534986.0
2003,pry,140750.0
2003,qat,10899.0
2003,rwa,172704.0
2003,sdn,424365.0
2003,sen,170082.0
2003,slv,136357.0
2003,stp,3606.0
2003,swe,126822.0
2003,swz,28367.0
2003,syc,1626.0
2003,tca,282.0
2003,tcd,126522.0
2003,tgo,139107.0
2003,tto,20851.0
2003,tun,229900.0
2003,tur,1258890.0
2003,tuv,230.0
2003,tza,551798.0
2003,uga,958458.0
2003,ury,53734.0
2003,usa,4169929.0
2003,vct,2695.0
2003,ven,526364.0
2003,vnm,1872213.0
2003,wsm,4769.0
2003,yem,398985.0
2003,zaf,1035707.0
2003,zwe,307959.0
2004,arb,5861046.0
2004,eap,33059890.0
2004,eas,35455192.0
2004,eca,1331164.0
2004,ecs,5502438.0
2004,emu,2445166.25
2004,euu,4023422.0
2004,fcs,5761780.5
2004,hic,12281348.0
2004,hpc,9417183.0
2004,lac,7354482.5
2004,lcn,7794855.5
2004,ldc,12342549.0
2004,lic,11768970.0
2004,lmc,41640308.0
2004,lmy,88815880.0
2004,mea,6973646.5
2004,mic,77046912.0
2004,mna,6249920.0
2004,nac,4542285.5
2004,noc,933663.875
2004,oec,11347684.0
2004,oed,15006066.0
2004,sas,26941748.0
2004,ssa,13878676.0
2004,ssf,13887061.0
2004,umc,35406600.0
2004,wld,101097224.0
2004,abw,1548.0
2004,ado,730.0
2004,are,47121.0
2004,arg,738165.0
2004,aus,270505.0
2004,bdi,126085.0
2004,bel,118037.0
2004,ben,197913.0
2004,bfa,136092.0
2004,bhr,14013.0
2004,blz,7726.0
2004,bmu,797.0
2004,bol,234525.0
2004,brb,3569.0
2004,brn,7644.0
2004,btn,13805.0
2004,bwa,45538.0
2004,caf,42224.0
2004,che,85925.0
2004,chl,293266.0
2004,cmr,421833.0
2004,col,906822.0
2004,com,13847.0
2004,cpv,12254.0
2004,cri,85618.0
2004,cub,145318.0
2004,cym,547.0
2004,cyp,10933.0
2004,cze,121418.0
2004,dji,6780.0
2004,dma,1500.0
2004,dnk,70186.0
2004,dom,196033.0
2004,dza,798621.0
2004,ecu,298679.0
2004,egy,1616054.0
2004,eri,53912.0
2004,esp,414813.0
2004,est,17570.0
2004,eth,1017342.0
2004,fin,66894.0
2004,fji,19173.0
2004,fsm,3135.0
2004,geo,62342.0
2004,gha,398575.0
2004,gin,143032.0
2004,gmb,27246.0
2004,grc,108704.0
2004,gtm,274069.0
2004,hkg,83846.0
2004,idn,4538362.0
2004,irl,51567.0
2004,irn,1522813.0
2004,irq,694534.0
2004,isl,4610.0
2004,isr,115820.0
2004,ita,563980.0
2004,jam,53481.0
2004,jor,130573.0
2004,jpn,1208018.0
2004,ken,845374.0
2004,khm,375525.0
2004,kir,2561.0
2004,kna,901.0
2004,kor,699218.0
2004,lao,115111.0
2004,lbn,78094.0
2004,lby,129683.0
2004,lca,3520.0
2004,lie,423.0
2004,lso,59598.0
2004,lux,5436.0
2004,mac,7341.0
2004,mar,625410.0
2004,mco,354.0
2004,mdg,279761.0
2004,mdv,8969.0
2004,mex,2389560.0
2004,mli,199548.0
2004,mlt,5274.0
2004,mmr,791342.0
2004,moz,346499.0
2004,mrt,49021.0
2004,mus,21050.0
2004,mwi,299873.0
2004,mys,517123.0
2004,nam,61557.0
2004,ner,113746.0
2004,nga,3072768.0
2004,nic,116243.0
2004,nld,198576.0
2004,nor,61166.0
2004,npl,543310.0
2004,nzl,60452.0
2004,pak,2453506.0
2004,pan,63929.0
2004,per,676577.0
2004,phl,1963071.0
2004,plw,418.0
2004,png,97055.0
2004,pol,505377.0
2004,prt,134305.0
2004,pry,138639.0
2004,qat,10662.0
2004,rwa,192541.0
2004,sdn,432954.0
2004,sen,196612.0
2004,smr,272.0
2004,stp,3777.0
2004,swe,124742.0
2004,swz,29093.0
2004,syc,1596.0
2004,tca,326.0
2004,tcd,132874.0
2004,tgo,141519.0
2004,tha,1017411.0
2004,ton,2693.0
2004,tto,19922.0
2004,tun,227938.0
2004,tur,1268822.0
2004,tuv,246.0
2004,tza,747123.0
2004,uga,923709.0
2004,ury,55041.0
2004,usa,4122590.0
2004,vct,2574.0
2004,ven,535950.0
2004,vut,5589.0
2004,wsm,5045.0
2004,yem,419420.0
2004,zaf,916911.0
2004,zmb,295855.0
2005,arb,5880489.0
2005,eap,31801270.0
2005,eas,34171568.0
2005,eca,1384062.0
2005,ecs,5477939.5
2005,emu,2422117.25
2005,euu,3948444.75
2005,fcs,6144048.5
2005,hic,12182309.0
2005,hpc,10121871.0
2005,lac,7439177.5
2005,lcn,7873732.5
2005,ldc,13115766.0
2005,lic,12476405.0
2005,lmc,42891840.0
2005,lmy,89599128.0
2005,mea,6903820.5
2005,mic,77122720.0
2005,mna,6109358.5
2005,nac,4480277.0
2005,noc,1002019.25
2005,oec,11180290.0
2005,oed,14903524.0
2005,sas,28064474.0
2005,ssa,14800785.0
2005,ssf,14809623.0
2005,umc,34230884.0
2005,wld,101781432.0
2005,abw,1588.0
2005,ado,662.0
2005,afg,425129.0
2005,are,49195.0
2005,arg,741013.0
2005,aus,268080.0
2005,bdi,136487.0
2005,bel,113980.0
2005,ben,177216.0
2005,bfa,149569.0
2005,bgd,2230339.0
2005,bhr,13862.0
2005,bhs,6179.0
2005,blz,7719.0
2005,bmu,780.0
2005,brb,3591.0
2005,brn,7677.0
2005,btn,13750.0
2005,bwa,45812.0
2005,che,83045.0
2005,chl,288010.0
2005,cog,92353.0
2005,col,937932.0
2005,cpv,13745.0
2005,cri,82482.0
2005,cub,139960.0
2005,cym,515.0
2005,cyp,10810.0
2005,cze,114956.0
2005,dji,7430.0
2005,dma,1400.0
2005,dnk,70103.0
2005,dza,714418.0
2005,ecu,305472.0
2005,egy,1539235.0
2005,eri,59541.0
2005,esp,402252.0
2005,est,15303.0
2005,eth,1114479.0
2005,fin,65156.0
2005,fsm,2931.0
2005,geo,55752.0
2005,gha,437145.0
2005,gin,157842.0
2005,gmb,27687.0
2005,gnq,8838.0
2005,grc,110558.0
2005,grd,2096.0
2005,gtm,291465.0
2005,guy,20125.0
2005,hkg,82450.0
2005,hnd,168938.0
2005,idn,4547912.0
2005,irl,52436.0
2005,irn,1463644.0
2005,isl,4462.0
2005,isr,116676.0
2005,ita,552990.0
2005,jor,136477.0
2005,jpn,1197084.0
2005,ken,878350.0
2005,khm,389757.0
2005,kir,2460.0
2005,kna,889.0
2005,kor,690071.0
2005,kwt,40069.0
2005,lao,118755.0
2005,lbn,77717.0
2005,lby,128055.0
2005,lca,3313.0
2005,lie,438.0
2005,lka,329899.0
2005,lso,59224.0
2005,lux,5880.0
2005,mac,7152.0
2005,mar,640080.0
2005,mdg,352658.0
2005,mdv,8127.0
2005,mex,2394924.0
2005,mhl,1277.0
2005,mli,225367.0
2005,mlt,4941.0
2005,mmr,819025.0
2005,mng,53272.0
2005,moz,392669.0
2005,mrt,49759.0
2005,mus,19798.0
2005,mwi,306034.0
2005,mys,528943.0
2005,nam,61589.0
2005,ner,127103.0
2005,nga,3284976.0
2005,nic,117277.0
2005,nld,197412.0
2005,nor,61461.0
2005,npl,579762.0
2005,nzl,59210.0
2005,pak,2584371.0
2005,pan,63239.0
2005,per,678332.0
2005,phl,1951281.0
2005,plw,382.0
2005,png,100947.0
2005,pol,484598.0
2005,pry,141125.0
2005,qat,10940.0
2005,sau,500317.0
2005,sdn,461117.0
2005,sen,196996.0
2005,slb,10572.0
2005,slv,145410.0
2005,stp,3880.0
2005,sur,9931.0
2005,swe,119726.0
2005,swz,30604.0
2005,syc,1569.0
2005,tca,331.0
2005,tcd,131406.0
2005,tgo,144103.0
2005,tha,989629.0
2005,ton,2596.0
2005,tto,18865.0
2005,tun,238970.0
2005,tur,1328310.0
2005,tuv,230.0
2005,tza,867270.0
2005,uga,915504.0
2005,ury,56380.0
2005,usa,4065066.0
2005,ven,553872.0
2005,vnm,1659049.0
2005,vut,5337.0
2005,wsm,5041.0
2005,yem,434025.0
2005,zaf,951372.0
2005,zmb,348150.0
2006,arb,5999124.5
2006,eap,31363886.0
2006,eas,33760732.0
2006,eca,1353699.0
2006,ecs,5396030.0
2006,emu,2420073.5
2006,euu,3896921.25
2006,fcs,6534814.0
2006,hic,12146562.0
2006,hpc,11107509.0
2006,lac,7535054.5
2006,lcn,7958907.0
2006,ldc,14043824.0
2006,lic,13349564.0
2006,lmc,44118280.0
2006,lmy,91096704.0
2006,mea,6805506.5
2006,mic,77747136.0
2006,mna,5980900.0
2006,nac,4449706.0
2006,noc,1028424.0625
2006,oec,11118138.0
2006,oed,14821460.0
2006,sas,28964550.0
2006,ssa,15898614.0
2006,ssf,15907832.0
2006,umc,33628856.0
2006,wld,103243264.0
2006,abw,1628.0
2006,ado,707.0
2006,are,51118.0
2006,arg,753990.0
2006,aus,256478.0
2006,bdi,151559.0
2006,bel,112711.0
2006,ben,187896.0
2006,bfa,164193.0
2006,bhr,14794.0
2006,bhs,5873.0
2006,blz,8179.0
2006,bmu,806.0
2006,bol,236459.0
2006,brb,3461.0
2006,brn,7788.0
2006,btn,14591.0
2006,bwa,45595.0
2006,caf,47003.0
2006,che,82472.0
2006,chl,277074.0
2006,civ,293630.0
2006,cmr,443546.0
2006,cog,88754.0
2006,col,988735.0
2006,cpv,12689.0
2006,cri,84167.0
2006,cub,139292.0
2006,cym,554.0
2006,cyp,10331.0
2006,cze,101040.0
2006,dji,7856.0
2006,dma,1299.0
2006,dnk,71694.0
2006,dom,190388.0
2006,dza,757671.0
2006,ecu,304997.0
2006,egy,1570288.0
2006,eri,59863.0
2006,esp,399415.0
2006,est,13777.0
2006,eth,1193765.0
2006,fin,65070.0
2006,geo,56919.0
2006,gha,460096.0
2006,gin,163604.0
2006,gmb,27974.0
2006,grc,109190.0
2006,gtm,300695.0
2006,guy,18874.0
2006,hkg,80881.0
2006,hnd,177566.0
2006,irl,55373.0
2006,irn,1276275.0
2006,isl,4326.0
2006,isr,121102.0
2006,ita,550753.0
2006,jor,136571.0
2006,jpn,1237329.0
2006,ken,898821.0
2006,khm,379295.0
2006,kir,2370.0
2006,kor,688193.0
2006,lao,122913.0
2006,lbn,77891.0
2006,lbr,66032.0
2006,lby,127324.0
2006,lca,3118.0
2006,lie,400.0
2006,lka,326527.0
2006,lso,57085.0
2006,lux,5784.0
2006,mac,6668.0
2006,mar,623152.0
2006,mdg,361909.0
2006,mdv,7402.0
2006,mex,2406542.0
2006,mhl,1234.0
2006,mli,242987.0
2006,mlt,4922.0
2006,mmr,844998.0
2006,moz,533798.0
2006,mrt,55817.0
2006,mus,19683.0
2006,mwi,315596.0
2006,mys,537049.0
2006,nam,62412.0
2006,ner,151154.0
2006,nga,3447954.0
2006,nic,116763.0
2006,nld,194010.0
2006,nor,62121.0
2006,npl,605549.0
2006,nzl,58475.0
2006,pak,2530636.0
2006,pan,66230.0
2006,per,672837.0
2006,phl,1962496.0
2006,plw,361.0
2006,png,100986.0
2006,pol,464079.0
2006,pry,141624.0
2006,qat,11561.0
2006,rwa,214247.0
2006,sdn,487022.0
2006,sen,206602.0
2006,slb,11234.0
2006,slv,151711.0
2006,sur,9818.0
2006,swe,114652.0
2006,swz,31289.0
2006,tcd,132651.0
2006,tgo,149203.0
2006,tha,982020.0
2006,ton,2623.0
2006,tun,192871.0
2006,tur,1296780.0
2006,tuv,243.0
2006,tza,1168016.0
2006,uga,914374.0
2006,ury,58337.0
2006,usa,4044420.0
2006,ven,553553.0
2006,vnm,1618098.0
2006,vut,5400.0
2006,wsm,5181.0
2006,zaf,1026031.0
2006,zmb,364927.0
2007,arb,6048502.0
2007,eap,30942910.0
2007,eas,33261254.0
2007,eca,1342247.0
2007,ecs,5378398.5
2007,emu,2439292.75
2007,euu,3889719.5
2007,fcs,6904920.0
2007,hic,12026581.0
2007,hpc,11741115.0
2007,lac,7540550.5
2007,lcn,7959550.5
2007,ldc,14833509.0
2007,lic,13878782.0
2007,lmc,44992048.0
2007,lmy,92312376.0
2007,mea,6735652.0
2007,mic,78433592.0
2007,mna,5908030.0
2007,nac,4415832.0
2007,noc,1039312.375
2007,oec,10987268.0
2007,oed,14658664.0
2007,sas,29957568.0
2007,ssa,16621068.0
2007,ssf,16630698.0
2007,umc,33441544.0
2007,wld,104338952.0
2007,abw,1587.0
2007,ado,702.0
2007,afg,719315.0
2007,are,53588.0
2007,arg,763459.0
2007,atg,1598.0
2007,aus,266715.0
2007,bdi,166498.0
2007,bel,113796.0
2007,bfa,188659.0
2007,bhs,5963.0
2007,blz,7804.0
2007,bol,230572.0
2007,brb,3701.0
2007,brn,7615.0
2007,btn,14899.0
2007,bwa,45420.0
2007,caf,54331.0
2007,che,82192.0
2007,chl,272724.0
2007,civ,300030.0
2007,cmr,439140.0
2007,cog,89429.0
2007,col,1003400.0
2007,com,14535.0
2007,cpv,13149.0
2007,cri,81662.0
2007,cub,132250.0
2007,cym,594.0
2007,cyp,10036.0
2007,cze,95732.0
2007,dji,8463.0
2007,dma,1148.0
2007,dnk,71694.0
2007,dom,205355.0
2007,dza,763675.0
2007,ecu,311151.0
2007,egy,1597385.0
2007,eri,58469.0
2007,esp,404316.0
2007,est,13236.0
2007,eth,1351589.0
2007,fin,63477.0
2007,fji,17182.0
2007,fsm,3002.0
2007,geo,56385.0
2007,gha,487661.0
2007,gin,183716.0
2007,gmb,32834.0
2007,grc,107582.0
2007,grd,1993.0
2007,gtm,316822.0
2007,guy,18821.0
2007,hkg,76483.0
2007,hnd,169750.0
2007,idn,4754257.0
2007,irl,57121.0
2007,irn,1164213.0
2007,irq,806166.0
2007,isl,4420.0
2007,isr,121019.0
2007,ita,560128.0
2007,jam,48035.0
2007,jor,138346.0
2007,jpn,1187122.0
2007,ken,965113.0
2007,khm,345922.0
2007,kir,2604.0
2007,kna,875.0
2007,kor,662071.0
2007,kwt,40988.0
2007,lao,124573.0
2007,lbn,80010.0
2007,lca,3166.0
2007,lie,466.0
2007,lka,318242.0
2007,lso,54638.0
2007,lux,6044.0
2007,lva,21658.0
2007,mac,6376.0
2007,mar,601695.0
2007,mdg,385627.0
2007,mdv,7506.0
2007,mex,2385534.0
2007,mhl,1205.0
2007,mli,253782.0
2007,mlt,4863.0
2007,mmr,852302.0
2007,moz,529833.0
2007,mrt,61302.0
2007,mus,19044.0
2007,mwi,329438.0
2007,mys,544220.0
2007,nam,64552.0
2007,ner,152309.0
2007,nga,3319438.0
2007,nic,115078.0
2007,nld,192240.0
2007,nor,63209.0
2007,npl,592146.0
2007,nzl,59582.0
2007,pak,2605665.0
2007,pan,69835.0
2007,per,663625.0
2007,phl,1985097.0
2007,plw,321.0
2007,pol,434440.0
2007,pry,142019.0
2007,qat,12278.0
2007,rwa,246422.0
2007,sau,521227.0
2007,sdn,486524.0
2007,sen,227037.0
2007,sgp,52380.0
2007,slb,11640.0
2007,slv,150908.0
2007,som,40584.0
2007,stp,4422.0
2007,sur,9561.0
2007,swe,106818.0
2007,swz,31625.0
2007,tgo,141569.0
2007,tha,1001375.0
2007,tto,18173.0
2007,tun,168923.0
2007,tur,1285862.0
2007,tza,1161579.0
2007,uga,939804.0
2007,ury,58688.0
2007,usa,4019527.0
2007,vct,2284.0
2007,ven,557193.0
2007,vut,5146.0
2007,wsm,5090.0
2007,zaf,1035449.0
2007,zar,1075874.0
2007,zmb,379978.0
2008,arb,5934841.5
2008,eap,30406244.0
2008,eas,32727752.0
2008,eca,1394737.0
2008,ecs,5424962.0
2008,emu,2474060.75
2008,euu,3884656.0
2008,fcs,7289981.5
2008,hic,11991554.0
2008,hpc,12432682.0
2008,lac,7474401.0
2008,lcn,7882595.5
2008,ldc,15494316.0
2008,lic,14462864.0
2008,lmc,45555260.0
2008,lmy,93029280.0
2008,mea,6547762.0
2008,mic,78566416.0
2008,mna,5727500.0
2008,nac,4401319.5
2008,noc,1015349.25
2008,oec,10976205.0
2008,oed,14620141.0
2008,sas,30741720.0
2008,ssa,17284676.0
2008,ssf,17294720.0
2008,umc,33011152.0
2008,wld,105020832.0
2008,abw,1562.0
2008,ado,759.0
2008,ago,376729.0
2008,arg,761993.0
2008,atg,1598.0
2008,aus,268830.0
2008,bdi,183624.0
2008,bel,112348.0
2008,ben,202960.0
2008,bfa,219410.0
2008,bgd,1994123.0
2008,bhr,14049.0
2008,bhs,5789.0
2008,blz,8139.0
2008,bol,233966.0
2008,brb,3557.0
2008,brn,7450.0
2008,btn,15472.0
2008,bwa,44749.0
2008,caf,61815.0
2008,che,82273.0
2008,chl,265049.0
2008,civ,322788.0
2008,cmr,444817.0
2008,cog,88814.0
2008,col,999967.0
2008,com,15152.0
2008,cpv,12327.0
2008,cri,82013.0
2008,cub,142299.0
2008,cym,635.0
2008,cyp,9851.0
2008,cze,91885.0
2008,dji,12028.0
2008,dma,1057.0
2008,dnk,68555.0
2008,dom,204994.0
2008,dza,555019.0
2008,eri,59168.0
2008,esp,415978.0
2008,est,12806.0
2008,eth,1519561.0
2008,fin,61107.0
2008,fji,17270.0
2008,geo,55354.0
2008,gha,527495.0
2008,gin,188750.0
2008,gmb,32257.0
2008,gnq,10044.0
2008,grd,1819.0
2008,gtm,330464.0
2008,guy,18895.0
2008,hkg,72629.0
2008,hnd,183480.0
2008,idn,4582482.0
2008,ind,24491752.0
2008,irl,58604.0
2008,irn,1135465.0
2008,isl,4269.0
2008,isr,127328.0
2008,ita,576875.0
2008,jam,46999.0
2008,jor,133011.0
2008,jpn,1206840.0
2008,ken,1079017.0
2008,khm,325103.0
2008,kir,2745.0
2008,kna,835.0
2008,kor,650399.0
2008,kwt,40756.0
2008,lao,126013.0
2008,lbn,78671.0
2008,lbr,70471.0
2008,lca,2891.0
2008,lie,426.0
2008,lka,304504.0
2008,lso,53904.0
2008,lux,6035.0
2008,lva,19547.0
2008,mac,5887.0
2008,mar,581217.0
2008,mdg,439385.0
2008,mdv,6725.0
2008,mex,2329986.0
2008,mhl,1257.0
2008,mkd,25433.0
2008,mli,264160.0
2008,mlt,4629.0
2008,mmr,866906.0
2008,moz,625268.0
2008,mrt,60377.0
2008,mus,18487.0
2008,mwi,355476.0
2008,mys,550144.0
2008,nam,63233.0
2008,ner,171924.0
2008,nga,3078507.0
2008,nic,111094.0
2008,nld,195382.0
2008,nor,62161.0
2008,npl,599693.0
2008,nzl,57863.0
2008,pak,2605412.0
2008,pan,70840.0
2008,per,631391.0
2008,phl,1990435.0
2008,pol,419446.0
2008,pry,141961.0
2008,qat,12343.0
2008,rwa,239701.0
2008,sau,512187.0
2008,sdn,536794.0
2008,sen,232403.0
2008,sgp,51611.0
2008,slv,154734.0
2008,smr,310.0
2008,stp,4821.0
2008,sur,10465.0
2008,svn,17840.0
2008,swe,99700.0
2008,tgo,145830.0
2008,tha,1004397.0
2008,tmp,26760.0
2008,tto,17911.0
2008,tun,155691.0
2008,tur,1313950.0
2008,tza,1049229.0
2008,uga,993337.0
2008,ury,57062.0
2008,usa,4014155.0
2008,vct,2120.0
2008,ven,547838.0
2008,vnm,1375651.0
2008,vut,5636.0
2008,yem,464097.0
2008,zaf,1043012.0
2008,zar,1207778.0
2008,zmb,392498.0
2009,arb,6173856.0
2009,eap,29945802.0
2009,eas,32223276.0
2009,eca,1451335.0
2009,ecs,5430975.0
2009,emu,2465521.0
2009,euu,3836448.75
2009,fcs,7631054.0
2009,hic,11919683.0
2009,hpc,13333042.0
2009,lac,7488406.5
2009,lcn,7887212.0
2009,ldc,16564273.0
2009,lic,15525832.0
2009,lmc,46283468.0
2009,lmy,94516496.0
2009,mea,6724254.0
2009,mic,78990664.0
2009,mna,5900814.0
2009,nac,4429538.0
2009,noc,1004254.5625
2009,oec,10915429.0
2009,oed,14562118.0
2009,sas,31405768.0
2009,ssa,18324374.0
2009,ssf,18335160.0
2009,umc,32707200.0
2009,wld,106436184.0
2009,abw,1528.0
2009,ado,757.0
2009,afg,725316.0
2009,ago,388095.0
2009,alb,51784.0
2009,are,54881.0
2009,arg,758718.0
2009,atg,1550.0
2009,aus,272390.0
2009,bdi,208680.0
2009,bel,111542.0
2009,ben,212287.0
2009,bfa,253025.0
2009,bgd,2168566.0
2009,bhr,14457.0
2009,bhs,5454.0
2009,blz,8376.0
2009,bol,234785.0
2009,brb,3544.0
2009,brn,7685.0
2009,btn,15322.0
2009,bwa,46067.0
2009,caf,66886.0
2009,che,80819.0
2009,chl,258311.0
2009,civ,325969.0
2009,cmr,468364.0
2009,cog,94540.0
2009,col,1028141.0
2009,cpv,12184.0
2009,cri,82849.0
2009,cub,140633.0
2009,cyp,9583.0
2009,cze,90856.0
2009,dji,10246.0
2009,dma,1184.0
2009,dnk,68937.0
2009,dom,207531.0
2009,dza,637837.0
2009,ecu,298822.0
2009,egy,1724587.0
2009,eri,60705.0
2009,esp,418065.0
2009,est,12145.0
2009,eth,1750533.0
2009,fin,59598.0
2009,fji,16851.0
2009,geo,53146.0
2009,gha,540510.0
2009,gin,184929.0
2009,gnq,10785.0
2009,grd,1940.0
2009,gtm,343049.0
2009,guy,16818.0
2009,hkg,66156.0
2009,hnd,185663.0
2009,idn,4664806.0
2009,ind,24886512.0
2009,irl,58498.0
2009,irn,1130887.0
2009,isl,4302.0
2009,isr,128367.0
2009,ita,564044.0
2009,jam,45280.0
2009,jpn,1198050.0
2009,ken,1135964.0
2009,kna,933.0
2009,kor,619899.0
2009,kwt,40326.0
2009,lao,128003.0
2009,lbn,79992.0
2009,lbr,75767.0
2009,lca,2938.0
2009,lie,420.0
2009,lka,308940.0
2009,lso,52877.0
2009,lva,18636.0
2009,mac,5417.0
2009,mar,574660.0
2009,mco,378.0
2009,mdg,510479.0
2009,mdv,6256.0
2009,mex,2324887.0
2009,mhl,1402.0
2009,mkd,24603.0
2009,mli,281102.0
2009,mlt,4280.0
2009,mmr,864041.0
2009,moz,637558.0
2009,mrt,68979.0
2009,mus,19310.0
2009,mwi,360268.0
2009,mys,534262.0
2009,nam,62768.0
2009,ner,179471.0
2009,nga,3177041.0
2009,nld,197703.0
2009,nor,60867.0
2009,nzl,59670.0
2009,omn,51046.0
2009,pak,2656962.0
2009,pan,67722.0
2009,per,629214.0
2009,phl,2034282.0
2009,pol,399965.0
2009,pri,50831.0
2009,pry,136043.0
2009,qat,13339.0
2009,rwa,258696.0
2009,sau,516744.0
2009,sdn,584953.0
2009,sen,235811.0
2009,sgp,48208.0
2009,slv,155029.0
2009,smr,306.0
2009,stp,4997.0
2009,sur,10975.0
2009,svn,17913.0
2009,swe,95081.0
2009,swz,33041.0
2009,tca,432.0
2009,tcd,165511.0
2009,tgo,178384.0
2009,tha,951523.0
2009,tmp,25542.0
2009,tto,17971.0
2009,tun,171110.0
2009,tur,1321802.0
2009,tza,1225680.0
2009,uga,1042501.0
2009,ury,55656.0
2009,usa,4051074.0
2009,vct,2017.0
2009,ven,540216.0
2009,vnm,1249528.0
2009,vut,5590.0
2009,wsm,4899.0
2009,zaf,1009370.0
2009,zar,1284042.0
2009,zmb,384191.0
2010,arb,6179442.5
2010,eap,28942006.0
2010,eas,31213896.0
2010,eca,1470787.375
2010,ecs,5456200.5
2010,emu,2486524.25
2010,euu,3841639.25
2010,fcs,7900850.5
2010,hic,11894301.0
2010,hpc,13570149.0
2010,lac,7536171.0
2010,lcn,7929934.0
2010,ldc,16955114.0
2010,lic,15900385.0
2010,lmc,45802464.0
2010,lmy,93340328.0
2010,mea,6693980.0
2010,mic,77439936.0
2010,mna,5861949.5
2010,nac,4399970.0
2010,noc,1018982.0625
2010,oec,10875319.0
2010,oed,14508328.0
2010,sas,30888876.0
2010,ssa,18640536.0
2010,ssf,18651770.0
2010,umc,31637474.0
2010,wld,105234624.0
2010,abw,1532.0
2010,ado,815.0
2010,afg,766670.0
2010,ago,409604.0
2010,alb,48073.0
2010,are,57361.0
2010,arg,766332.0
2010,atg,1671.0
2010,aus,270170.0
2010,bdi,244436.0
2010,bel,112943.0
2010,ben,224764.0
2010,bfa,277211.0
2010,bgd,2346648.0
2010,bhr,14594.0
2010,bhs,5580.0
2010,bih,30542.0
2010,blz,8728.0
2010,bmu,712.0
2010,bol,238567.0
2010,brb,3682.0
2010,brn,8020.0
2010,btn,16363.0
2010,caf,71647.0
2010,che,80495.0
2010,chl,255116.0
2010,cmr,489930.0
2010,cog,99109.0
2010,col,1018455.0
2010,cpv,11520.0
2010,cri,84336.0
2010,cub,140222.0
2010,cyp,9332.0
2010,cze,91498.0
2010,dma,1153.0
2010,dnk,67197.0
2010,dom,205441.0
2010,dza,621507.0
2010,ecu,329414.0
2010,egy,1681401.0
2010,eri,52842.0
2010,esp,427618.0
2010,est,11702.0
2010,eth,1691188.0
2010,fin,57713.0
2010,geo,47964.0
2010,gin,180591.0
2010,gmb,32008.0
2010,gnb,28745.0
2010,gnq,11234.0
2010,grc,104301.0
2010,grd,1632.0
2010,gtm,354930.0
2010,guy,17175.0
2010,hkg,61733.0
2010,hnd,201069.0
2010,idn,4697499.0
2010,ind,23927574.0
2010,irl,59783.0
2010,irn,1121547.0
2010,isl,4170.0
2010,isr,129014.0
2010,ita,568268.0
2010,jam,50002.0
2010,jor,129574.0
2010,jpn,1206432.0
2010,khm,316574.0
2010,kna,871.0
2010,kor,599959.0
2010,kwt,40809.0
2010,lao,131603.0
2010,lbn,77966.0
2010,lca,2845.0
2010,lie,432.0
2010,lka,336206.0
2010,lso,52068.0
2010,lux,5905.0
2010,lva,17753.0
2010,mac,5008.0
2010,mar,590490.0
2010,mdg,458299.0
2010,mdv,5758.0
2010,mex,2312684.0
2010,mli,310768.0
2010,mlt,4347.0
2010,mmr,876265.0
2010,moz,638584.0
2010,mrt,73673.0
2010,mus,19257.0
2010,mwi,391555.0
2010,mys,545385.0
2010,nam,62975.0
2010,ner,205783.0
2010,nga,3268407.0
2010,nic,118445.0
2010,nld,201839.0
2010,nor,61882.0
2010,nzl,58616.0
2010,pak,2815324.0
2010,pan,71452.0
2010,per,612653.0
2010,pol,384186.0
2010,pri,49385.0
2010,pry,130952.0
2010,qat,13772.0
2010,rwa,283757.0
2010,sdn,606026.0
2010,sen,242699.0
2010,slb,13770.0
2010,slv,157133.0
2010,smr,327.0
2010,stp,4702.0
2010,svn,17600.0
2010,swe,94880.0
2010,swz,34288.0
2010,tcd,167694.0
2010,tgo,170320.0
2010,tha,856648.0
2010,tmp,25391.0
2010,tto,18234.0
2010,tun,160912.0
2010,tur,1320325.0
2010,tza,1107273.0
2010,uga,1065932.0
2010,ury,54646.0
2010,usa,4027709.0
2010,vct,2156.0
2010,ven,547809.0
2010,vnm,1235729.0
2010,vut,5987.0
2010,wsm,4914.0
2010,yem,471878.0
2010,zaf,978983.0
2010,zar,1352783.0
2010,zmb,387537.0
2011,arb,6331719.5
2011,eap,28788782.0
2011,eas,31027446.0
2011,eca,1501747.75
2011,ecs,5498555.5
2011,emu,2519202.75
2011,euu,3852869.75
2011,fcs,8130250.0
2011,hic,11939822.0
2011,hpc,13881182.0
2011,lac,7642337.0
2011,lcn,8036489.0
2011,ldc,17530680.0
2011,lic,16404220.0
2011,lmc,46785200.0
2011,lmy,94472600.0
2011,mea,6853107.0
2011,mic,78068384.0
2011,mna,5995888.0
2011,nac,4442119.0
2011,noc,1033123.8125
2011,oec,10906699.0
2011,oed,14695110.0
2011,sas,31339182.0
2011,ssa,19204664.0
2011,ssf,19215526.0
2011,umc,31283182.0
2011,wld,106412424.0
2011,ado,758.0
2011,afg,726062.0
2011,ago,481862.0
2011,alb,47666.0
2011,are,58136.0
2011,arg,757146.0
2011,atg,1555.0
2011,aus,251368.0
2011,bdi,265578.0
2011,ben,240646.0
2011,bfa,304295.0
2011,bgd,2546622.0
2011,bhr,14983.0
2011,bih,31300.0
2011,blz,8710.0
2011,bmu,726.0
2011,bol,240006.0
2011,brb,3893.0
2011,brn,7630.0
2011,btn,16569.0
2011,caf,77546.0
2011,che,80106.0
2011,chl,259088.0
2011,civ,394237.0
2011,cmr,502900.0
2011,cog,104528.0
2011,col,1006728.0
2011,cpv,11477.0
2011,cri,81793.0
2011,cub,133245.0
2011,cym,664.0
2011,cyp,9241.0
2011,cze,91666.0
2011,dji,12198.0
2011,dma,1183.0
2011,dnk,67899.0
2011,dom,208354.0
2011,dza,602077.0
2011,ecu,342158.0
2011,esp,441739.0
2011,est,11858.0
2011,eth,1665706.0
2011,fin,58105.0
2011,fji,16418.0
2011,geo,47818.0
2011,gha,592772.0
2011,gin,197341.0
2011,gmb,32330.0
2011,gnq,10862.0
2011,grc,106590.0
2011,gtm,366635.0
2011,guy,17139.0
2011,hkg,62430.0
2011,hnd,201473.0
2011,idn,4904326.0
2011,ind,24260186.0
2011,irl,61487.0
2011,irn,1110407.0
2011,isl,4376.0
2011,isr,137166.0
2011,ita,578207.0
2011,jam,47483.0
2011,jor,134815.0
2011,jpn,1188234.0
2011,khm,323722.0
2011,kna,881.0
2011,kor,604506.0
2011,kwt,41248.0
2011,lao,138152.0
2011,lbn,76829.0
2011,lbr,85046.0
2011,lca,2680.0
2011,lie,407.0
2011,lka,344070.0
2011,lso,51707.0
2011,lux,5987.0
2011,lva,18268.0
2011,mac,4617.0
2011,mar,636463.0
2011,mco,378.0
2011,mdg,464963.0
2011,mdv,5780.0
2011,mex,2443107.0
2011,mhl,1398.0
2011,mli,325593.0
2011,mlt,3965.0
2011,mne,6075.0
2011,moz,618478.0
2011,mrt,76069.0
2011,mus,18700.0
2011,mwi,426138.0
2011,mys,574016.0
2011,ner,211042.0
2011,nor,61954.0
2011,nzl,57112.0
2011,omn,49810.0
2011,pak,2729827.0
2011,pan,72337.0
2011,per,587945.0
2011,pol,371357.0
2011,pri,46168.0
2011,pry,126266.0
2011,qat,14687.0
2011,rwa,304556.0
2011,sau,537224.0
2011,sdn,592414.0
2011,sen,242444.0
2011,slb,14280.0
2011,sle,157770.0
2011,slv,152378.0
2011,smr,302.0
2011,ssd,118049.0
2011,stp,5355.0
2011,sur,11306.0
2011,svn,18366.0
2011,swe,92517.0
2011,swz,34433.0
2011,tcd,189412.0
2011,tgo,174003.0
2011,tha,847265.0
2011,tmp,28175.0
2011,tun,160247.0
2011,tur,1345304.0
2011,uga,1068776.0
2011,usa,4072836.0
2011,vct,2136.0
2011,ven,562044.0
2011,vnm,1363262.0
2011,wsm,4735.0
2011,zaf,957203.0
2011,zar,1392718.0
2012,arb,6481525.0
2012,eap,28719470.0
2012,eas,30927308.0
2012,eca,1482787.75
2012,ecs,5445766.0
2012,emu,2505210.5
2012,euu,3822837.0
2012,fcs,8386728.5
2012,hic,11853937.0
2012,hpc,14440630.0
2012,lac,10975005.0
2012,lcn,11359402.0
2012,ldc,18061370.0
2012,lic,16886498.0
2012,lmc,47572328.0
2012,lmy,98869552.0
2012,mea,6955299.0
2012,mic,81983056.0
2012,mna,6079078.0
2012,nac,4410547.5
2012,noc,1046894.4375
2012,oec,10807042.0
2012,oed,14654563.0
2012,sas,31715784.0
2012,ssa,19897424.0
2012,ssf,19909380.0
2012,umc,34410728.0
2012,wld,110723488.0
2012,ado,713.0
2012,afg,786964.0
2012,alb,46907.0
2012,are,64303.0
2012,arg,747134.0
2012,atg,1510.0
2012,aus,271055.0
2012,bdi,272488.0
2012,bel,111555.0
2012,ben,264178.0
2012,bfa,337464.0
2012,bhr,14982.0
2012,bih,30003.0
2012,blz,8756.0
2012,bmu,715.0
2012,bol,230534.0
2012,bra,3388503.0
2012,brn,7504.0
2012,btn,16750.0
2012,bwa,45639.0
2012,caf,81565.0
2012,che,78693.0
2012,chl,250791.0
2012,civ,415179.0
2012,cmr,544288.0
2012,cog,106897.0
2012,col,950810.0
2012,cpv,10716.0
2012,cri,76344.0
2012,cub,130180.0
2012,cym,639.0
2012,cyp,9139.0
2012,cze,91475.0
2012,dma,1107.0
2012,dnk,66895.0
2012,dom,207048.0
2012,dza,601792.0
2012,ecu,347975.0
2012,eri,48459.0
2012,esp,443189.0
2012,est,12228.0
2012,eth,1775897.0
2012,fin,57817.0
2012,fji,16546.0
2012,geo,46765.0
2012,gha,632643.0
2012,gin,192558.0
2012,gmb,34137.0
2012,gnq,11955.0
2012,grc,104495.0
2012,gtm,371863.0
2012,guy,16989.0
2012,hkg,57123.0
2012,hnd,189350.0
2012,idn,5043957.0
2012,irn,1089979.0
2012,isl,4113.0
2012,isr,134964.0
2012,ita,561149.0
2012,jam,47966.0
2012,jpn,1182339.0
2012,ken,1282844.0
2012,khm,316124.0
2012,kna,807.0
2012,kwt,41439.0
2012,lao,141236.0
2012,lbn,75814.0
2012,lca,2646.0
2012,lie,411.0
2012,lka,338200.0
2012,lso,51791.0
2012,lux,5845.0
2012,lva,18997.0
2012,mac,4096.0
2012,mar,632543.0
2012,mco,378.0
2012,mdg,472116.0
2012,mdv,5285.0
2012,mex,2519566.0
2012,mli,330580.0
2012,mlt,3926.0
2012,mne,7929.0
2012,moz,620416.0
2012,mrt,80227.0
2012,mus,18932.0
2012,mwi,448581.0
2012,mys,541439.0
2012,nam,63987.0
2012,ner,246106.0
2012,nld,202267.0
2012,nor,59791.0
2012,npl,742937.0
2012,nzl,56806.0
2012,omn,48820.0
2012,pak,2898871.0
2012,pan,71971.0
2012,per,551680.0
2012,png,169858.0
2012,pri,45374.0
2012,pry,124956.0
2012,qat,15811.0
2012,rwa,311623.0
2012,sau,551976.0
2012,sdn,612023.0
2012,sen,252173.0
2012,slb,14332.0
2012,sle,153325.0
2012,slv,146696.0
2012,smr,346.0
2012,stp,5458.0
2012,svn,17839.0
2012,swe,97190.0
2012,swz,34221.0
2012,tcd,203128.0
2012,tgo,185315.0
2012,tha,837899.0
2012,ton,2702.0
2012,tun,164780.0
2012,tur,1327955.0
2012,tza,1081838.0
2012,usa,4041415.0
2012,ven,560767.0
2012,vnm,1345449.0
2012,wsm,4748.0
2012,yem,523422.0
2012,zaf,939026.0
2012,zar,1531959.0
2012,zmb,425422.0
2012,zwe,348699.0
2013,arb,6628534.0
2013,eap,28710458.0
2013,eas,30870558.0
2013,eca,144954.39063
2013,ecs,4105271.25
2013,emu,2513720.5
2013,euu,3821746.0
2013,fcs,8626514.0
2013,hic,11812214.0
2013,hpc,14678995.0
2013,lac,10668328.0
2013,lcn,11048200.0
2013,ldc,18325062.0
2013,lic,17164976.0
2013,lmc,47937936.0
2013,lmy,97906544.0
2013,mea,7148673.5
2013,mic,80741568.0
2013,mna,6235535.5
2013,nac,4386598.5
2013,noc,1071662.75
2013,oec,10740552.0
2013,oed,13278068.0
2013,ssa,20286822.0
2013,ssf,20299012.0
2013,umc,32803630.0
2013,wld,109718760.0
2013,ado,710.0
2013,afg,820378.0
2013,alb,39847.0
2013,are,67511.0
2013,arg,755874.0
2013,aus,278050.0
2013,bdi,267535.0
2013,bel,112262.0
2013,ben,279019.0
2013,bfa,331710.0
2013,bhr,15720.0
2013,bih,28807.0
2013,blz,8702.0
2013,bmu,665.0
2013,bol,222370.0
2013,bra,3173196.0
2013,brn,7046.0
2013,btn,17096.0
2013,bwa,45491.0
2013,chl,250074.0
2013,civ,422440.0
2013,col,847178.0
2013,com,16981.0
2013,cpv,10884.0
2013,cri,74070.0
2013,cub,132068.0
2013,cym,612.0
2013,cyp,8704.0
2013,cze,92691.0
2013,dji,12198.0
2013,dma,1116.0
2013,dnk,65226.0
2013,dom,211939.0
2013,dza,626670.0
2013,ecu,347751.0
2013,egy,1827357.0
2013,eri,49690.0
2013,esp,444316.0
2013,est,12000.0
2013,fin,57219.0
2013,fji,16732.0
2013,geo,45672.0
2013,gha,639917.0
2013,gin,195806.0
2013,gmb,34916.0
2013,grc,103588.0
2013,grd,1817.0
2013,gtm,369890.0
2013,hkg,54460.0
2013,hnd,178531.0
2013,idn,4915687.0
2013,ind,24841092.0
2013,irl,64291.0
2013,irn,1134023.0
2013,isr,137181.0
2013,ita,559882.0
2013,jam,44597.0
2013,jpn,1174922.0
2013,khm,361184.0
2013,kna,781.0
2013,kor,532401.0
2013,kwt,43472.0
2013,lao,145717.0
2013,lbn,77641.0
2013,lca,2435.0
2013,lka,344497.0
2013,lso,50786.0
2013,lux,5549.0
2013,lva,18293.0
2013,mac,3821.0
2013,mar,649571.0
2013,mdg,486839.0
2013,mdv,5059.0
2013,mex,2537516.0
2013,mli,326428.0
2013,mlt,4021.0
2013,moz,625005.0
2013,mrt,78610.0
2013,mus,18360.0
2013,mys,549154.0
2013,nam,63748.0
2013,ner,288198.0
2013,nor,58943.0
2013,npl,731573.0
2013,nzl,57587.0
2013,omn,52212.0
2013,pak,2916992.0
2013,pan,71268.0
2013,per,575315.0
2013,phl,2181569.0
2013,plw,255.0
2013,pol,355473.0
2013,pri,42003.0
2013,qat,16480.0
2013,rwa,301957.0
2013,sau,576805.0
2013,slb,14915.0
2013,sle,160843.0
2013,slv,138508.0
2013,stp,5304.0
2013,sur,11192.0
2013,svn,17898.0
2013,swe,98602.0
2013,swz,35910.0
2013,syc,1425.0
2013,tcd,227435.0
2013,tgo,197692.0
2013,tha,807898.0
2013,tmp,34444.0
2013,ton,2807.0
2013,tun,166545.0
2013,tuv,200.0
2013,tza,1043201.0
2013,uga,1138405.0
2013,usa,4017553.75
2013,vct,1879.0
2013,ven,564289.0
2013,vnm,1302972.0
2013,vut,6253.0
2013,yem,537623.0
2013,zaf,923562.0
2013,zar,1647181.0
2013,zmb,415463.0
2014,ado,686.0
2014,afg,870891.0
2014,alb,42347.0
2014,are,72671.0
2014,atg,1382.0
2014,bdi,270943.0
2014,ben,291359.0
2014,bfa,362048.0
2014,bhr,16666.0
2014,bih,31057.0
2014,blz,8726.0
2014,bmu,664.0
2014,brb,3486.0
2014,brn,7163.0
2014,btn,16785.0
2014,civ,444143.0
2014,cmr,588075.0
2014,col,829306.0
2014,cpv,10896.0
2014,cri,73307.0
2014,cub,129277.0
2014,cyp,8441.0
2014,dji,14390.0
2014,dma,1118.0
2014,dom,207375.0
2014,dza,649452.0
2014,ecu,341213.0
2014,eth,1745776.0
2014,fsm,2366.0
2014,geo,44829.0
2014,gha,642045.0
2014,gin,210764.0
2014,gmb,36276.0
2014,gtm,363273.0
2014,hkg,52280.0
2014,hnd,172783.0
2014,hti,310031.0
2014,irn,1108082.0
2014,jam,43174.0
2014,ken,1268628.0
2014,khm,314035.0
2014,kir,2326.0
2014,kna,740.0
2014,kor,466716.0
2014,lao,146752.0
2014,lbr,88917.0
2014,lca,2462.0
2014,lka,344580.0
2014,lso,52307.0
2014,mac,3537.0
2014,mar,654718.0
2014,mdg,480247.0
2014,mdv,5073.0
2014,mli,352101.0
2014,mlt,3868.0
2014,mmr,907639.0
2014,mng,47129.0
2014,moz,635709.0
2014,mrt,76848.0
2014,mus,18444.0
2014,mwi,511198.0
2014,ner,331644.0
2014,npl,737543.0
2014,pak,2969425.0
2014,per,584149.0
2014,plw,284.0
2014,qat,17863.0
2014,sau,580157.0
2014,sen,266615.0
2014,slb,15331.0
2014,stp,5801.0
2014,sur,11213.0
2014,syc,1419.0
2014,tca,412.0
2014,tgo,206463.0
2014,tmp,36796.0
2014,tuv,228.0
2014,vct,1888.0
2014,ven,571952.0
2014,vnm,1398388.0
2014,wsm,5038.0
2014,zaf,929735.0
2014,zar,1797768.0
2015,dji,14922.0
2015,gha,682196.0
2015,mne,7392.0
2015,npl,739899.0
2015,stp,5424.0
2015,tca,371.0
